path	disposition	provider	rationale	inventory_origins
$(InputPath)	excluded	none	manifest input is absent from the repository or outside its source boundary	ZH_LEGACY_UNAVAILABLE_SOURCE_RECORDS
GeneralsMD/Code/GameEngine/Include/Common/AcademyStats.h	excluded	M20-M25	original engine consumers are promoted by the owning source-integration milestone	ZH_LEGACY_ZH_GAME_ENGINE_SOURCES
GeneralsMD/Code/GameEngine/Include/Common/ActionManager.h	excluded	M20-M25	original engine consumers are promoted by the owning source-integration milestone	ZH_LEGACY_ZH_GAME_ENGINE_SOURCES
GeneralsMD/Code/GameEngine/Include/Common/ArchiveFile.h	excluded	M20-M25	original engine consumers are promoted by the owning source-integration milestone	ZH_LEGACY_ZH_GAME_ENGINE_SOURCES
GeneralsMD/Code/GameEngine/Include/Common/ArchiveFileSystem.h	excluded	M20-M25	original engine consumers are promoted by the owning source-integration milestone	ZH_LEGACY_ZH_GAME_ENGINE_SOURCES
GeneralsMD/Code/GameEngine/Include/Common/AsciiString.h	excluded	M20-M25	original engine consumers are promoted by the owning source-integration milestone	ZH_LEGACY_ZH_GAME_ENGINE_SOURCES
GeneralsMD/Code/GameEngine/Include/Common/AudioAffect.h	excluded	M20-M25	original engine consumers are promoted by the owning source-integration milestone	ZH_LEGACY_ZH_GAME_ENGINE_SOURCES
GeneralsMD/Code/GameEngine/Include/Common/AudioEventInfo.h	excluded	M20-M25	original engine consumers are promoted by the owning source-integration milestone	ZH_LEGACY_ZH_GAME_ENGINE_SOURCES
GeneralsMD/Code/GameEngine/Include/Common/AudioEventRTS.h	excluded	M20-M25	original engine consumers are promoted by the owning source-integration milestone	ZH_LEGACY_ZH_GAME_ENGINE_SOURCES
GeneralsMD/Code/GameEngine/Include/Common/AudioHandleSpecialValues.h	excluded	M20-M25	original engine consumers are promoted by the owning source-integration milestone	ZH_LEGACY_ZH_GAME_ENGINE_SOURCES
GeneralsMD/Code/GameEngine/Include/Common/AudioRandomValue.h	excluded	M20-M25	original engine consumers are promoted by the owning source-integration milestone	ZH_LEGACY_ZH_GAME_ENGINE_SOURCES
GeneralsMD/Code/GameEngine/Include/Common/AudioRequest.h	excluded	M20-M25	original engine consumers are promoted by the owning source-integration milestone	ZH_LEGACY_ZH_GAME_ENGINE_SOURCES
GeneralsMD/Code/GameEngine/Include/Common/AudioSettings.h	excluded	M20-M25	original engine consumers are promoted by the owning source-integration milestone	ZH_LEGACY_ZH_GAME_ENGINE_SOURCES
GeneralsMD/Code/GameEngine/Include/Common/BattleHonors.h	excluded	M20-M25	original engine consumers are promoted by the owning source-integration milestone	ZH_LEGACY_ZH_GAME_ENGINE_SOURCES
GeneralsMD/Code/GameEngine/Include/Common/BezFwdIterator.h	excluded	M20-M25	original engine consumers are promoted by the owning source-integration milestone	ZH_LEGACY_ZH_GAME_ENGINE_SOURCES
GeneralsMD/Code/GameEngine/Include/Common/BezierSegment.h	excluded	M20-M25	original engine consumers are promoted by the owning source-integration milestone	ZH_LEGACY_ZH_GAME_ENGINE_SOURCES
GeneralsMD/Code/GameEngine/Include/Common/BitFlags.h	excluded	M20-M25	original engine consumers are promoted by the owning source-integration milestone	ZH_LEGACY_ZH_GAME_ENGINE_SOURCES
GeneralsMD/Code/GameEngine/Include/Common/BitFlagsIO.h	excluded	M20-M25	original engine consumers are promoted by the owning source-integration milestone	ZH_LEGACY_ZH_GAME_ENGINE_SOURCES
GeneralsMD/Code/GameEngine/Include/Common/BuildAssistant.h	excluded	M20-M25	original engine consumers are promoted by the owning source-integration milestone	ZH_LEGACY_ZH_GAME_ENGINE_SOURCES
GeneralsMD/Code/GameEngine/Include/Common/CDManager.h	excluded	M20-M25	original engine consumers are promoted by the owning source-integration milestone	ZH_LEGACY_ZH_GAME_ENGINE_SOURCES
GeneralsMD/Code/GameEngine/Include/Common/CRCDebug.h	excluded	M20-M25	original engine consumers are promoted by the owning source-integration milestone	ZH_LEGACY_ZH_GAME_ENGINE_SOURCES
GeneralsMD/Code/GameEngine/Include/Common/ClientUpdateModule.h	excluded	M20-M25	original engine consumers are promoted by the owning source-integration milestone	ZH_LEGACY_ZH_GAME_ENGINE_SOURCES
GeneralsMD/Code/GameEngine/Include/Common/CommandLine.h	excluded	M20-M25	original engine consumers are promoted by the owning source-integration milestone	ZH_LEGACY_ZH_GAME_ENGINE_SOURCES
GeneralsMD/Code/GameEngine/Include/Common/CopyProtection.h	excluded	M20-M25	original engine consumers are promoted by the owning source-integration milestone	ZH_LEGACY_ZH_GAME_ENGINE_SOURCES
GeneralsMD/Code/GameEngine/Include/Common/CriticalSection.h	excluded	M20-M25	original engine consumers are promoted by the owning source-integration milestone	ZH_LEGACY_ZH_GAME_ENGINE_SOURCES
GeneralsMD/Code/GameEngine/Include/Common/CustomMatchPreferences.h	excluded	M20-M25	original engine consumers are promoted by the owning source-integration milestone	ZH_LEGACY_ZH_GAME_ENGINE_SOURCES
GeneralsMD/Code/GameEngine/Include/Common/DamageFX.h	excluded	M20-M25	original engine consumers are promoted by the owning source-integration milestone	ZH_LEGACY_ZH_GAME_ENGINE_SOURCES
GeneralsMD/Code/GameEngine/Include/Common/DataChunk.h	excluded	M20-M25	original engine consumers are promoted by the owning source-integration milestone	ZH_LEGACY_ZH_GAME_ENGINE_SOURCES
GeneralsMD/Code/GameEngine/Include/Common/Debug.h	excluded	M20-M25	original engine consumers are promoted by the owning source-integration milestone	ZH_LEGACY_ZH_GAME_ENGINE_SOURCES
GeneralsMD/Code/GameEngine/Include/Common/Dict.h	excluded	M20-M25	original engine consumers are promoted by the owning source-integration milestone	ZH_LEGACY_ZH_GAME_ENGINE_SOURCES
GeneralsMD/Code/GameEngine/Include/Common/Directory.h	excluded	M20-M25	original engine consumers are promoted by the owning source-integration milestone	ZH_LEGACY_ZH_GAME_ENGINE_SOURCES
GeneralsMD/Code/GameEngine/Include/Common/DisabledTypes.h	excluded	M20-M25	original engine consumers are promoted by the owning source-integration milestone	ZH_LEGACY_ZH_GAME_ENGINE_SOURCES
GeneralsMD/Code/GameEngine/Include/Common/DiscreteCircle.h	excluded	M20-M25	original engine consumers are promoted by the owning source-integration milestone	ZH_LEGACY_ZH_GAME_ENGINE_SOURCES
GeneralsMD/Code/GameEngine/Include/Common/DrawModule.h	excluded	M20-M25	original engine consumers are promoted by the owning source-integration milestone	ZH_LEGACY_ZH_GAME_ENGINE_SOURCES
GeneralsMD/Code/GameEngine/Include/Common/DynamicAudioEventInfo.h	excluded	M20-M25	original engine consumers are promoted by the owning source-integration milestone	ZH_LEGACY_ZH_GAME_ENGINE_SOURCES
GeneralsMD/Code/GameEngine/Include/Common/Energy.h	excluded	M20-M25	original engine consumers are promoted by the owning source-integration milestone	ZH_LEGACY_ZH_GAME_ENGINE_SOURCES
GeneralsMD/Code/GameEngine/Include/Common/Errors.h	excluded	M20-M25	original engine consumers are promoted by the owning source-integration milestone	ZH_LEGACY_ZH_GAME_ENGINE_SOURCES
GeneralsMD/Code/GameEngine/Include/Common/FileSystem.h	excluded	M20-M25	original engine consumers are promoted by the owning source-integration milestone	ZH_LEGACY_ZH_GAME_ENGINE_SOURCES
GeneralsMD/Code/GameEngine/Include/Common/FunctionLexicon.h	excluded	M20-M25	original engine consumers are promoted by the owning source-integration milestone	ZH_LEGACY_ZH_GAME_ENGINE_SOURCES
GeneralsMD/Code/GameEngine/Include/Common/GameAudio.h	excluded	M20-M25	original engine consumers are promoted by the owning source-integration milestone	ZH_LEGACY_ZH_GAME_ENGINE_SOURCES
GeneralsMD/Code/GameEngine/Include/Common/GameCommon.h	excluded	M20-M25	original engine consumers are promoted by the owning source-integration milestone	ZH_LEGACY_ZH_GAME_ENGINE_SOURCES
GeneralsMD/Code/GameEngine/Include/Common/GameEngine.h	excluded	M20-M25	original engine consumers are promoted by the owning source-integration milestone	ZH_LEGACY_ZH_GAME_ENGINE_SOURCES
GeneralsMD/Code/GameEngine/Include/Common/GameLOD.h	excluded	M20-M25	original engine consumers are promoted by the owning source-integration milestone	ZH_LEGACY_ZH_GAME_ENGINE_SOURCES
GeneralsMD/Code/GameEngine/Include/Common/GameMemory.h	excluded	M20-M25	original engine consumers are promoted by the owning source-integration milestone	ZH_LEGACY_ZH_GAME_ENGINE_SOURCES
GeneralsMD/Code/GameEngine/Include/Common/GameMusic.h	excluded	M20-M25	original engine consumers are promoted by the owning source-integration milestone	ZH_LEGACY_ZH_GAME_ENGINE_SOURCES
GeneralsMD/Code/GameEngine/Include/Common/GameSounds.h	excluded	M20-M25	original engine consumers are promoted by the owning source-integration milestone	ZH_LEGACY_ZH_GAME_ENGINE_SOURCES
GeneralsMD/Code/GameEngine/Include/Common/GameSpeech.h	excluded	M20-M25	original engine consumers are promoted by the owning source-integration milestone	ZH_LEGACY_ZH_GAME_ENGINE_SOURCES
GeneralsMD/Code/GameEngine/Include/Common/GameSpyMiscPreferences.h	excluded	M20-M25	original engine consumers are promoted by the owning source-integration milestone	ZH_LEGACY_ZH_GAME_ENGINE_SOURCES
GeneralsMD/Code/GameEngine/Include/Common/GameState.h	excluded	M20-M25	original engine consumers are promoted by the owning source-integration milestone	ZH_LEGACY_ZH_GAME_ENGINE_SOURCES
GeneralsMD/Code/GameEngine/Include/Common/GameStateMap.h	excluded	M20-M25	original engine consumers are promoted by the owning source-integration milestone	ZH_LEGACY_ZH_GAME_ENGINE_SOURCES
GeneralsMD/Code/GameEngine/Include/Common/GameType.h	excluded	M20-M25	original engine consumers are promoted by the owning source-integration milestone	ZH_LEGACY_ZH_GAME_ENGINE_SOURCES
GeneralsMD/Code/GameEngine/Include/Common/Geometry.h	excluded	M20-M25	original engine consumers are promoted by the owning source-integration milestone	ZH_LEGACY_ZH_GAME_ENGINE_SOURCES
GeneralsMD/Code/GameEngine/Include/Common/GlobalData.h	excluded	M20-M25	original engine consumers are promoted by the owning source-integration milestone	ZH_LEGACY_ZH_GAME_ENGINE_SOURCES
GeneralsMD/Code/GameEngine/Include/Common/Handicap.h	excluded	M20-M25	original engine consumers are promoted by the owning source-integration milestone	ZH_LEGACY_ZH_GAME_ENGINE_SOURCES
GeneralsMD/Code/GameEngine/Include/Common/INI.h	excluded	M20-M25	original engine consumers are promoted by the owning source-integration milestone	ZH_LEGACY_ZH_GAME_ENGINE_SOURCES
GeneralsMD/Code/GameEngine/Include/Common/INIException.h	excluded	M20-M25	original engine consumers are promoted by the owning source-integration milestone	ZH_LEGACY_ZH_GAME_ENGINE_SOURCES
GeneralsMD/Code/GameEngine/Include/Common/IgnorePreferences.h	excluded	M20-M25	original engine consumers are promoted by the owning source-integration milestone	ZH_LEGACY_ZH_GAME_ENGINE_SOURCES
GeneralsMD/Code/GameEngine/Include/Common/KindOf.h	excluded	M20-M25	original engine consumers are promoted by the owning source-integration milestone	ZH_LEGACY_ZH_GAME_ENGINE_SOURCES
GeneralsMD/Code/GameEngine/Include/Common/LadderPreferences.h	excluded	M20-M25	original engine consumers are promoted by the owning source-integration milestone	ZH_LEGACY_ZH_GAME_ENGINE_SOURCES
GeneralsMD/Code/GameEngine/Include/Common/Language.h	excluded	M20-M25	original engine consumers are promoted by the owning source-integration milestone	ZH_LEGACY_ZH_GAME_ENGINE_SOURCES
GeneralsMD/Code/GameEngine/Include/Common/LatchRestore.h	excluded	M20-M25	original engine consumers are promoted by the owning source-integration milestone	ZH_LEGACY_ZH_GAME_ENGINE_SOURCES
GeneralsMD/Code/GameEngine/Include/Common/List.h	excluded	M20-M25	original engine consumers are promoted by the owning source-integration milestone	ZH_LEGACY_ZH_GAME_ENGINE_SOURCES
GeneralsMD/Code/GameEngine/Include/Common/LocalFile.h	excluded	M20-M25	original engine consumers are promoted by the owning source-integration milestone	ZH_LEGACY_ZH_GAME_ENGINE_SOURCES
GeneralsMD/Code/GameEngine/Include/Common/LocalFileSystem.h	excluded	M20-M25	original engine consumers are promoted by the owning source-integration milestone	ZH_LEGACY_ZH_GAME_ENGINE_SOURCES
GeneralsMD/Code/GameEngine/Include/Common/MapObject.h	excluded	M20-M25	original engine consumers are promoted by the owning source-integration milestone	ZH_LEGACY_EXCLUDED_SOURCE_RECORDS,ZH_LEGACY_ZH_GAME_ENGINE_SOURCES
GeneralsMD/Code/GameEngine/Include/Common/MapReaderWriterInfo.h	excluded	M20-M25	original engine consumers are promoted by the owning source-integration milestone	ZH_LEGACY_ZH_GAME_ENGINE_SOURCES
GeneralsMD/Code/GameEngine/Include/Common/MessageStream.h	excluded	M20-M25	original engine consumers are promoted by the owning source-integration milestone	ZH_LEGACY_ZH_GAME_ENGINE_SOURCES
GeneralsMD/Code/GameEngine/Include/Common/MiniLog.h	excluded	M20-M25	original engine consumers are promoted by the owning source-integration milestone	ZH_LEGACY_ZH_GAME_ENGINE_SOURCES
GeneralsMD/Code/GameEngine/Include/Common/MiscAudio.h	excluded	M20-M25	original engine consumers are promoted by the owning source-integration milestone	ZH_LEGACY_ZH_GAME_ENGINE_SOURCES
GeneralsMD/Code/GameEngine/Include/Common/MissionStats.h	excluded	M20-M25	original engine consumers are promoted by the owning source-integration milestone	ZH_LEGACY_ZH_GAME_ENGINE_SOURCES
GeneralsMD/Code/GameEngine/Include/Common/ModelState.h	excluded	M20-M25	original engine consumers are promoted by the owning source-integration milestone	ZH_LEGACY_ZH_GAME_ENGINE_SOURCES
GeneralsMD/Code/GameEngine/Include/Common/Module.h	excluded	M20-M25	original engine consumers are promoted by the owning source-integration milestone	ZH_LEGACY_ZH_GAME_ENGINE_SOURCES
GeneralsMD/Code/GameEngine/Include/Common/ModuleFactory.h	excluded	M20-M25	original engine consumers are promoted by the owning source-integration milestone	ZH_LEGACY_ZH_GAME_ENGINE_SOURCES
GeneralsMD/Code/GameEngine/Include/Common/Money.h	excluded	M20-M25	original engine consumers are promoted by the owning source-integration milestone	ZH_LEGACY_ZH_GAME_ENGINE_SOURCES
GeneralsMD/Code/GameEngine/Include/Common/MultiplayerSettings.h	excluded	M20-M25	original engine consumers are promoted by the owning source-integration milestone	ZH_LEGACY_ZH_GAME_ENGINE_SOURCES
GeneralsMD/Code/GameEngine/Include/Common/NameKeyGenerator.h	excluded	M20-M25	original engine consumers are promoted by the owning source-integration milestone	ZH_LEGACY_ZH_GAME_ENGINE_SOURCES
GeneralsMD/Code/GameEngine/Include/Common/OSDisplay.h	excluded	M20-M25	original engine consumers are promoted by the owning source-integration milestone	ZH_LEGACY_ZH_GAME_ENGINE_SOURCES
GeneralsMD/Code/GameEngine/Include/Common/ObjectStatusTypes.h	excluded	M20-M25	original engine consumers are promoted by the owning source-integration milestone	ZH_LEGACY_ZH_GAME_ENGINE_SOURCES
GeneralsMD/Code/GameEngine/Include/Common/Overridable.h	excluded	M20-M25	original engine consumers are promoted by the owning source-integration milestone	ZH_LEGACY_ZH_GAME_ENGINE_SOURCES
GeneralsMD/Code/GameEngine/Include/Common/Override.h	excluded	M20-M25	original engine consumers are promoted by the owning source-integration milestone	ZH_LEGACY_ZH_GAME_ENGINE_SOURCES
GeneralsMD/Code/GameEngine/Include/Common/PartitionSolver.h	excluded	M20-M25	original engine consumers are promoted by the owning source-integration milestone	ZH_LEGACY_ZH_GAME_ENGINE_SOURCES
GeneralsMD/Code/GameEngine/Include/Common/PerfMetrics.h	excluded	M20-M25	original engine consumers are promoted by the owning source-integration milestone	ZH_LEGACY_ZH_GAME_ENGINE_SOURCES
GeneralsMD/Code/GameEngine/Include/Common/PerfTimer.h	excluded	M20-M25	original engine consumers are promoted by the owning source-integration milestone	ZH_LEGACY_ZH_GAME_ENGINE_SOURCES
GeneralsMD/Code/GameEngine/Include/Common/Player.h	excluded	M20-M25	original engine consumers are promoted by the owning source-integration milestone	ZH_LEGACY_ZH_GAME_ENGINE_SOURCES
GeneralsMD/Code/GameEngine/Include/Common/PlayerList.h	excluded	M20-M25	original engine consumers are promoted by the owning source-integration milestone	ZH_LEGACY_ZH_GAME_ENGINE_SOURCES
GeneralsMD/Code/GameEngine/Include/Common/PlayerTemplate.h	excluded	M20-M25	original engine consumers are promoted by the owning source-integration milestone	ZH_LEGACY_ZH_GAME_ENGINE_SOURCES
GeneralsMD/Code/GameEngine/Include/Common/ProductionPrerequisite.h	excluded	M20-M25	original engine consumers are promoted by the owning source-integration milestone	ZH_LEGACY_ZH_GAME_ENGINE_SOURCES
GeneralsMD/Code/GameEngine/Include/Common/QuickTrig.h	excluded	M20-M25	original engine consumers are promoted by the owning source-integration milestone	ZH_LEGACY_ZH_GAME_ENGINE_SOURCES
GeneralsMD/Code/GameEngine/Include/Common/QuickmatchPreferences.h	excluded	M20-M25	original engine consumers are promoted by the owning source-integration milestone	ZH_LEGACY_ZH_GAME_ENGINE_SOURCES
GeneralsMD/Code/GameEngine/Include/Common/QuotedPrintable.h	excluded	M20-M25	original engine consumers are promoted by the owning source-integration milestone	ZH_LEGACY_ZH_GAME_ENGINE_SOURCES
GeneralsMD/Code/GameEngine/Include/Common/RAMFile.h	excluded	M20-M25	original engine consumers are promoted by the owning source-integration milestone	ZH_LEGACY_ZH_GAME_ENGINE_SOURCES
GeneralsMD/Code/GameEngine/Include/Common/Radar.h	excluded	M20-M25	original engine consumers are promoted by the owning source-integration milestone	ZH_LEGACY_ZH_GAME_ENGINE_SOURCES
GeneralsMD/Code/GameEngine/Include/Common/RandomValue.h	excluded	M20-M25	original engine consumers are promoted by the owning source-integration milestone	ZH_LEGACY_ZH_GAME_ENGINE_SOURCES
GeneralsMD/Code/GameEngine/Include/Common/Recorder.h	excluded	M20-M25	original engine consumers are promoted by the owning source-integration milestone	ZH_LEGACY_ZH_GAME_ENGINE_SOURCES
GeneralsMD/Code/GameEngine/Include/Common/Registry.h	excluded	M20-M25	original engine consumers are promoted by the owning source-integration milestone	ZH_LEGACY_ZH_GAME_ENGINE_SOURCES
GeneralsMD/Code/GameEngine/Include/Common/ResourceGatheringManager.h	excluded	M20-M25	original engine consumers are promoted by the owning source-integration milestone	ZH_LEGACY_ZH_GAME_ENGINE_SOURCES
GeneralsMD/Code/GameEngine/Include/Common/STLTypedefs.h	excluded	M20-M25	original engine consumers are promoted by the owning source-integration milestone	ZH_LEGACY_ZH_GAME_ENGINE_SOURCES
GeneralsMD/Code/GameEngine/Include/Common/Science.h	excluded	M20-M25	original engine consumers are promoted by the owning source-integration milestone	ZH_LEGACY_ZH_GAME_ENGINE_SOURCES
GeneralsMD/Code/GameEngine/Include/Common/ScoreKeeper.h	excluded	M20-M25	original engine consumers are promoted by the owning source-integration milestone	ZH_LEGACY_ZH_GAME_ENGINE_SOURCES
GeneralsMD/Code/GameEngine/Include/Common/SkirmishBattleHonors.h	excluded	M20-M25	original engine consumers are promoted by the owning source-integration milestone	ZH_LEGACY_ZH_GAME_ENGINE_SOURCES
GeneralsMD/Code/GameEngine/Include/Common/SkirmishPreferences.h	excluded	M20-M25	original engine consumers are promoted by the owning source-integration milestone	ZH_LEGACY_ZH_GAME_ENGINE_SOURCES
GeneralsMD/Code/GameEngine/Include/Common/Snapshot.h	excluded	M20-M25	original engine consumers are promoted by the owning source-integration milestone	ZH_LEGACY_ZH_GAME_ENGINE_SOURCES
GeneralsMD/Code/GameEngine/Include/Common/SparseMatchFinder.h	excluded	M20-M25	original engine consumers are promoted by the owning source-integration milestone	ZH_LEGACY_ZH_GAME_ENGINE_SOURCES
GeneralsMD/Code/GameEngine/Include/Common/SpecialPower.h	excluded	M20-M25	original engine consumers are promoted by the owning source-integration milestone	ZH_LEGACY_ZH_GAME_ENGINE_SOURCES
GeneralsMD/Code/GameEngine/Include/Common/SpecialPowerMaskType.h	excluded	M20-M25	original engine consumers are promoted by the owning source-integration milestone	ZH_LEGACY_ZH_GAME_ENGINE_SOURCES
GeneralsMD/Code/GameEngine/Include/Common/SpecialPowerType.h	excluded	M20-M25	original engine consumers are promoted by the owning source-integration milestone	ZH_LEGACY_ZH_GAME_ENGINE_SOURCES
GeneralsMD/Code/GameEngine/Include/Common/StackDump.h	excluded	M20-M25	original engine consumers are promoted by the owning source-integration milestone	ZH_LEGACY_ZH_GAME_ENGINE_SOURCES
GeneralsMD/Code/GameEngine/Include/Common/StateMachine.h	excluded	M20-M25	original engine consumers are promoted by the owning source-integration milestone	ZH_LEGACY_ZH_GAME_ENGINE_SOURCES
GeneralsMD/Code/GameEngine/Include/Common/StatsCollector.h	excluded	M20-M25	original engine consumers are promoted by the owning source-integration milestone	ZH_LEGACY_ZH_GAME_ENGINE_SOURCES
GeneralsMD/Code/GameEngine/Include/Common/StreamingArchiveFile.h	excluded	M20-M25	original engine consumers are promoted by the owning source-integration milestone	ZH_LEGACY_ZH_GAME_ENGINE_SOURCES
GeneralsMD/Code/GameEngine/Include/Common/SubsystemInterface.h	excluded	M20-M25	original engine consumers are promoted by the owning source-integration milestone	ZH_LEGACY_ZH_GAME_ENGINE_SOURCES
GeneralsMD/Code/GameEngine/Include/Common/SystemInfo.h	excluded	M20-M25	original engine consumers are promoted by the owning source-integration milestone	ZH_LEGACY_ZH_GAME_ENGINE_SOURCES
GeneralsMD/Code/GameEngine/Include/Common/Team.h	excluded	M20-M25	original engine consumers are promoted by the owning source-integration milestone	ZH_LEGACY_ZH_GAME_ENGINE_SOURCES
GeneralsMD/Code/GameEngine/Include/Common/Terrain.h	excluded	M20-M25	original engine consumers are promoted by the owning source-integration milestone	ZH_LEGACY_ZH_GAME_ENGINE_SOURCES
GeneralsMD/Code/GameEngine/Include/Common/TerrainTypes.h	excluded	M20-M25	original engine consumers are promoted by the owning source-integration milestone	ZH_LEGACY_ZH_GAME_ENGINE_SOURCES
GeneralsMD/Code/GameEngine/Include/Common/Thing.h	excluded	M20-M25	original engine consumers are promoted by the owning source-integration milestone	ZH_LEGACY_ZH_GAME_ENGINE_SOURCES
GeneralsMD/Code/GameEngine/Include/Common/ThingFactory.h	excluded	M20-M25	original engine consumers are promoted by the owning source-integration milestone	ZH_LEGACY_ZH_GAME_ENGINE_SOURCES
GeneralsMD/Code/GameEngine/Include/Common/ThingSort.h	excluded	M20-M25	original engine consumers are promoted by the owning source-integration milestone	ZH_LEGACY_ZH_GAME_ENGINE_SOURCES
GeneralsMD/Code/GameEngine/Include/Common/ThingTemplate.h	excluded	M20-M25	original engine consumers are promoted by the owning source-integration milestone	ZH_LEGACY_ZH_GAME_ENGINE_SOURCES
GeneralsMD/Code/GameEngine/Include/Common/TunnelTracker.h	excluded	M20-M25	original engine consumers are promoted by the owning source-integration milestone	ZH_LEGACY_ZH_GAME_ENGINE_SOURCES
GeneralsMD/Code/GameEngine/Include/Common/UnicodeString.h	excluded	M20-M25	original engine consumers are promoted by the owning source-integration milestone	ZH_LEGACY_ZH_GAME_ENGINE_SOURCES
GeneralsMD/Code/GameEngine/Include/Common/UnitTimings.h	excluded	M20-M25	original engine consumers are promoted by the owning source-integration milestone	ZH_LEGACY_ZH_GAME_ENGINE_SOURCES
GeneralsMD/Code/GameEngine/Include/Common/Upgrade.h	excluded	M20-M25	original engine consumers are promoted by the owning source-integration milestone	ZH_LEGACY_ZH_GAME_ENGINE_SOURCES
GeneralsMD/Code/GameEngine/Include/Common/UserPreferences.h	excluded	M20-M25	original engine consumers are promoted by the owning source-integration milestone	ZH_LEGACY_ZH_GAME_ENGINE_SOURCES
GeneralsMD/Code/GameEngine/Include/Common/WellKnownKeys.h	excluded	M20-M25	original engine consumers are promoted by the owning source-integration milestone	ZH_LEGACY_ZH_GAME_ENGINE_SOURCES
GeneralsMD/Code/GameEngine/Include/Common/Xfer.h	excluded	M20-M25	original engine consumers are promoted by the owning source-integration milestone	ZH_LEGACY_ZH_GAME_ENGINE_SOURCES
GeneralsMD/Code/GameEngine/Include/Common/XferCRC.h	excluded	M20-M25	original engine consumers are promoted by the owning source-integration milestone	ZH_LEGACY_ZH_GAME_ENGINE_SOURCES
GeneralsMD/Code/GameEngine/Include/Common/XferDeepCRC.h	excluded	M20-M25	original engine consumers are promoted by the owning source-integration milestone	ZH_LEGACY_ZH_GAME_ENGINE_SOURCES
GeneralsMD/Code/GameEngine/Include/Common/XferLoad.h	excluded	M20-M25	original engine consumers are promoted by the owning source-integration milestone	ZH_LEGACY_ZH_GAME_ENGINE_SOURCES
GeneralsMD/Code/GameEngine/Include/Common/XferSave.h	excluded	M20-M25	original engine consumers are promoted by the owning source-integration milestone	ZH_LEGACY_ZH_GAME_ENGINE_SOURCES
GeneralsMD/Code/GameEngine/Include/Common/crc.h	excluded	M20-M25	original engine consumers are promoted by the owning source-integration milestone	ZH_LEGACY_ZH_GAME_ENGINE_SOURCES
GeneralsMD/Code/GameEngine/Include/Common/encrypt.h	excluded	M20-M25	original engine consumers are promoted by the owning source-integration milestone	ZH_LEGACY_ZH_GAME_ENGINE_SOURCES
GeneralsMD/Code/GameEngine/Include/Common/file.h	excluded	M20-M25	original engine consumers are promoted by the owning source-integration milestone	ZH_LEGACY_ZH_GAME_ENGINE_SOURCES
GeneralsMD/Code/GameEngine/Include/Common/string.h	excluded	M20-M25	original engine consumers are promoted by the owning source-integration milestone	ZH_LEGACY_ZH_GAME_ENGINE_SOURCES
GeneralsMD/Code/GameEngine/Include/Common/version.h	excluded	M20-M25	original engine consumers are promoted by the owning source-integration milestone	ZH_LEGACY_ZH_GAME_ENGINE_SOURCES
GeneralsMD/Code/GameEngine/Include/GameClient/Anim2D.h	excluded	M20-M25	original engine consumers are promoted by the owning source-integration milestone	ZH_LEGACY_ZH_GAME_ENGINE_SOURCES
GeneralsMD/Code/GameEngine/Include/GameClient/AnimateWindowManager.h	excluded	M20-M25	original engine consumers are promoted by the owning source-integration milestone	ZH_LEGACY_ZH_GAME_ENGINE_SOURCES
GeneralsMD/Code/GameEngine/Include/GameClient/CDCheck.h	excluded	M20-M25	original engine consumers are promoted by the owning source-integration milestone	ZH_LEGACY_ZH_GAME_ENGINE_SOURCES
GeneralsMD/Code/GameEngine/Include/GameClient/CampaignManager.h	excluded	M20-M25	original engine consumers are promoted by the owning source-integration milestone	ZH_LEGACY_ZH_GAME_ENGINE_SOURCES
GeneralsMD/Code/GameEngine/Include/GameClient/ChallengeGenerals.h	excluded	M20-M25	original engine consumers are promoted by the owning source-integration milestone	ZH_LEGACY_ZH_GAME_ENGINE_SOURCES
GeneralsMD/Code/GameEngine/Include/GameClient/ClientRandomValue.h	excluded	M20-M25	original engine consumers are promoted by the owning source-integration milestone	ZH_LEGACY_ZH_GAME_ENGINE_SOURCES
GeneralsMD/Code/GameEngine/Include/GameClient/Color.h	excluded	M20-M25	original engine consumers are promoted by the owning source-integration milestone	ZH_LEGACY_ZH_GAME_ENGINE_SOURCES
GeneralsMD/Code/GameEngine/Include/GameClient/CommandXlat.h	excluded	M20-M25	original engine consumers are promoted by the owning source-integration milestone	ZH_LEGACY_ZH_GAME_ENGINE_SOURCES
GeneralsMD/Code/GameEngine/Include/GameClient/ControlBar.h	excluded	M20-M25	original engine consumers are promoted by the owning source-integration milestone	ZH_LEGACY_ZH_GAME_ENGINE_SOURCES
GeneralsMD/Code/GameEngine/Include/GameClient/ControlBarResizer.h	excluded	M20-M25	original engine consumers are promoted by the owning source-integration milestone	ZH_LEGACY_ZH_GAME_ENGINE_SOURCES
GeneralsMD/Code/GameEngine/Include/GameClient/ControlBarScheme.h	excluded	M20-M25	original engine consumers are promoted by the owning source-integration milestone	ZH_LEGACY_ZH_GAME_ENGINE_SOURCES
GeneralsMD/Code/GameEngine/Include/GameClient/Credits.h	excluded	M20-M25	original engine consumers are promoted by the owning source-integration milestone	ZH_LEGACY_ZH_GAME_ENGINE_SOURCES
GeneralsMD/Code/GameEngine/Include/GameClient/DebugDisplay.h	excluded	M20-M25	original engine consumers are promoted by the owning source-integration milestone	ZH_LEGACY_ZH_GAME_ENGINE_SOURCES
GeneralsMD/Code/GameEngine/Include/GameClient/Diplomacy.h	excluded	M20-M25	original engine consumers are promoted by the owning source-integration milestone	ZH_LEGACY_ZH_GAME_ENGINE_SOURCES
GeneralsMD/Code/GameEngine/Include/GameClient/DisconnectMenu.h	excluded	M20-M25	original engine consumers are promoted by the owning source-integration milestone	ZH_LEGACY_ZH_GAME_ENGINE_SOURCES
GeneralsMD/Code/GameEngine/Include/GameClient/Display.h	excluded	M20-M25	original engine consumers are promoted by the owning source-integration milestone	ZH_LEGACY_ZH_GAME_ENGINE_SOURCES
GeneralsMD/Code/GameEngine/Include/GameClient/DisplayString.h	excluded	M20-M25	original engine consumers are promoted by the owning source-integration milestone	ZH_LEGACY_ZH_GAME_ENGINE_SOURCES
GeneralsMD/Code/GameEngine/Include/GameClient/DisplayStringManager.h	excluded	M20-M25	original engine consumers are promoted by the owning source-integration milestone	ZH_LEGACY_ZH_GAME_ENGINE_SOURCES
GeneralsMD/Code/GameEngine/Include/GameClient/DrawGroupInfo.h	excluded	M20-M25	original engine consumers are promoted by the owning source-integration milestone	ZH_LEGACY_ZH_GAME_ENGINE_SOURCES
GeneralsMD/Code/GameEngine/Include/GameClient/Drawable.h	excluded	M20-M25	original engine consumers are promoted by the owning source-integration milestone	ZH_LEGACY_ZH_GAME_ENGINE_SOURCES
GeneralsMD/Code/GameEngine/Include/GameClient/DrawableInfo.h	excluded	M20-M25	original engine consumers are promoted by the owning source-integration milestone	ZH_LEGACY_ZH_GAME_ENGINE_SOURCES
GeneralsMD/Code/GameEngine/Include/GameClient/DrawableManager.h	excluded	M20-M25	original engine consumers are promoted by the owning source-integration milestone	ZH_LEGACY_ZH_GAME_ENGINE_SOURCES
GeneralsMD/Code/GameEngine/Include/GameClient/EstablishConnectionsMenu.h	excluded	M20-M25	original engine consumers are promoted by the owning source-integration milestone	ZH_LEGACY_ZH_GAME_ENGINE_SOURCES
GeneralsMD/Code/GameEngine/Include/GameClient/Eva.h	excluded	M20-M25	original engine consumers are promoted by the owning source-integration milestone	ZH_LEGACY_ZH_GAME_ENGINE_SOURCES
GeneralsMD/Code/GameEngine/Include/GameClient/ExtendedMessageBox.h	excluded	M20-M25	original engine consumers are promoted by the owning source-integration milestone	ZH_LEGACY_ZH_GAME_ENGINE_SOURCES
GeneralsMD/Code/GameEngine/Include/GameClient/FXList.h	excluded	M20-M25	original engine consumers are promoted by the owning source-integration milestone	ZH_LEGACY_ZH_GAME_ENGINE_SOURCES
GeneralsMD/Code/GameEngine/Include/GameClient/FontDesc.h	excluded	M20-M25	original engine consumers are promoted by the owning source-integration milestone	ZH_LEGACY_ZH_GAME_ENGINE_SOURCES
GeneralsMD/Code/GameEngine/Include/GameClient/GUICallbacks.h	excluded	M20-M25	original engine consumers are promoted by the owning source-integration milestone	ZH_LEGACY_ZH_GAME_ENGINE_SOURCES
GeneralsMD/Code/GameEngine/Include/GameClient/GUICommandTranslator.h	excluded	M20-M25	original engine consumers are promoted by the owning source-integration milestone	ZH_LEGACY_ZH_GAME_ENGINE_SOURCES
GeneralsMD/Code/GameEngine/Include/GameClient/Gadget.h	excluded	M20-M25	original engine consumers are promoted by the owning source-integration milestone	ZH_LEGACY_ZH_GAME_ENGINE_SOURCES
GeneralsMD/Code/GameEngine/Include/GameClient/GadgetCheckBox.h	excluded	M20-M25	original engine consumers are promoted by the owning source-integration milestone	ZH_LEGACY_ZH_GAME_ENGINE_SOURCES
GeneralsMD/Code/GameEngine/Include/GameClient/GadgetComboBox.h	excluded	M20-M25	original engine consumers are promoted by the owning source-integration milestone	ZH_LEGACY_ZH_GAME_ENGINE_SOURCES
GeneralsMD/Code/GameEngine/Include/GameClient/GadgetListBox.h	excluded	M20-M25	original engine consumers are promoted by the owning source-integration milestone	ZH_LEGACY_ZH_GAME_ENGINE_SOURCES
GeneralsMD/Code/GameEngine/Include/GameClient/GadgetProgressBar.h	excluded	M20-M25	original engine consumers are promoted by the owning source-integration milestone	ZH_LEGACY_ZH_GAME_ENGINE_SOURCES
GeneralsMD/Code/GameEngine/Include/GameClient/GadgetPushButton.h	excluded	M20-M25	original engine consumers are promoted by the owning source-integration milestone	ZH_LEGACY_ZH_GAME_ENGINE_SOURCES
GeneralsMD/Code/GameEngine/Include/GameClient/GadgetRadioButton.h	excluded	M20-M25	original engine consumers are promoted by the owning source-integration milestone	ZH_LEGACY_ZH_GAME_ENGINE_SOURCES
GeneralsMD/Code/GameEngine/Include/GameClient/GadgetSlider.h	excluded	M20-M25	original engine consumers are promoted by the owning source-integration milestone	ZH_LEGACY_ZH_GAME_ENGINE_SOURCES
GeneralsMD/Code/GameEngine/Include/GameClient/GadgetStaticText.h	excluded	M20-M25	original engine consumers are promoted by the owning source-integration milestone	ZH_LEGACY_ZH_GAME_ENGINE_SOURCES
GeneralsMD/Code/GameEngine/Include/GameClient/GadgetTabControl.h	excluded	M20-M25	original engine consumers are promoted by the owning source-integration milestone	ZH_LEGACY_ZH_GAME_ENGINE_SOURCES
GeneralsMD/Code/GameEngine/Include/GameClient/GadgetTextEntry.h	excluded	M20-M25	original engine consumers are promoted by the owning source-integration milestone	ZH_LEGACY_ZH_GAME_ENGINE_SOURCES
GeneralsMD/Code/GameEngine/Include/GameClient/GameClient.h	excluded	M20-M25	original engine consumers are promoted by the owning source-integration milestone	ZH_LEGACY_ZH_GAME_ENGINE_SOURCES
GeneralsMD/Code/GameEngine/Include/GameClient/GameFont.h	excluded	M20-M25	original engine consumers are promoted by the owning source-integration milestone	ZH_LEGACY_ZH_GAME_ENGINE_SOURCES
GeneralsMD/Code/GameEngine/Include/GameClient/GameInfoWindow.h	excluded	M20-M25	original engine consumers are promoted by the owning source-integration milestone	ZH_LEGACY_ZH_GAME_ENGINE_SOURCES
GeneralsMD/Code/GameEngine/Include/GameClient/GameText.h	excluded	M20-M25	original engine consumers are promoted by the owning source-integration milestone	ZH_LEGACY_ZH_GAME_ENGINE_SOURCES
GeneralsMD/Code/GameEngine/Include/GameClient/GameWindow.h	excluded	M20-M25	original engine consumers are promoted by the owning source-integration milestone	ZH_LEGACY_ZH_GAME_ENGINE_SOURCES
GeneralsMD/Code/GameEngine/Include/GameClient/GameWindowGlobal.h	excluded	M20-M25	original engine consumers are promoted by the owning source-integration milestone	ZH_LEGACY_ZH_GAME_ENGINE_SOURCES
GeneralsMD/Code/GameEngine/Include/GameClient/GameWindowID.h	excluded	M20-M25	original engine consumers are promoted by the owning source-integration milestone	ZH_LEGACY_ZH_GAME_ENGINE_SOURCES
GeneralsMD/Code/GameEngine/Include/GameClient/GameWindowManager.h	excluded	M20-M25	original engine consumers are promoted by the owning source-integration milestone	ZH_LEGACY_ZH_GAME_ENGINE_SOURCES
GeneralsMD/Code/GameEngine/Include/GameClient/GameWindowTransitions.h	excluded	M20-M25	original engine consumers are promoted by the owning source-integration milestone	ZH_LEGACY_ZH_GAME_ENGINE_SOURCES
GeneralsMD/Code/GameEngine/Include/GameClient/GlobalLanguage.h	excluded	M20-M25	original engine consumers are promoted by the owning source-integration milestone	ZH_LEGACY_ZH_GAME_ENGINE_SOURCES
GeneralsMD/Code/GameEngine/Include/GameClient/GraphDraw.h	excluded	M20-M25	original engine consumers are promoted by the owning source-integration milestone	ZH_LEGACY_ZH_GAME_ENGINE_SOURCES
GeneralsMD/Code/GameEngine/Include/GameClient/HeaderTemplate.h	excluded	M20-M25	original engine consumers are promoted by the owning source-integration milestone	ZH_LEGACY_ZH_GAME_ENGINE_SOURCES
GeneralsMD/Code/GameEngine/Include/GameClient/HintSpy.h	excluded	M20-M25	original engine consumers are promoted by the owning source-integration milestone	ZH_LEGACY_ZH_GAME_ENGINE_SOURCES
GeneralsMD/Code/GameEngine/Include/GameClient/HotKey.h	excluded	M20-M25	original engine consumers are promoted by the owning source-integration milestone	ZH_LEGACY_ZH_GAME_ENGINE_SOURCES
GeneralsMD/Code/GameEngine/Include/GameClient/IMEManager.h	excluded	M20-M25	original engine consumers are promoted by the owning source-integration milestone	ZH_LEGACY_ZH_GAME_ENGINE_SOURCES
GeneralsMD/Code/GameEngine/Include/GameClient/Image.h	excluded	M20-M25	original engine consumers are promoted by the owning source-integration milestone	ZH_LEGACY_ZH_GAME_ENGINE_SOURCES
GeneralsMD/Code/GameEngine/Include/GameClient/InGameUI.h	excluded	M20-M25	original engine consumers are promoted by the owning source-integration milestone	ZH_LEGACY_ZH_GAME_ENGINE_SOURCES
GeneralsMD/Code/GameEngine/Include/GameClient/KeyDefs.h	excluded	M20-M25	original engine consumers are promoted by the owning source-integration milestone	ZH_LEGACY_ZH_GAME_ENGINE_SOURCES
GeneralsMD/Code/GameEngine/Include/GameClient/Keyboard.h	excluded	M20-M25	original engine consumers are promoted by the owning source-integration milestone	ZH_LEGACY_ZH_GAME_ENGINE_SOURCES
GeneralsMD/Code/GameEngine/Include/GameClient/LanguageFilter.h	excluded	M20-M25	original engine consumers are promoted by the owning source-integration milestone	ZH_LEGACY_ZH_GAME_ENGINE_SOURCES
GeneralsMD/Code/GameEngine/Include/GameClient/Line2D.h	excluded	M20-M25	original engine consumers are promoted by the owning source-integration milestone	ZH_LEGACY_ZH_GAME_ENGINE_SOURCES
GeneralsMD/Code/GameEngine/Include/GameClient/LoadScreen.h	excluded	M20-M25	original engine consumers are promoted by the owning source-integration milestone	ZH_LEGACY_ZH_GAME_ENGINE_SOURCES
GeneralsMD/Code/GameEngine/Include/GameClient/LookAtXlat.h	excluded	M20-M25	original engine consumers are promoted by the owning source-integration milestone	ZH_LEGACY_ZH_GAME_ENGINE_SOURCES
GeneralsMD/Code/GameEngine/Include/GameClient/MapUtil.h	excluded	M20-M25	original engine consumers are promoted by the owning source-integration milestone	ZH_LEGACY_ZH_GAME_ENGINE_SOURCES
GeneralsMD/Code/GameEngine/Include/GameClient/MessageBox.h	excluded	M20-M25	original engine consumers are promoted by the owning source-integration milestone	ZH_LEGACY_ZH_GAME_ENGINE_SOURCES
GeneralsMD/Code/GameEngine/Include/GameClient/MetaEvent.h	excluded	M20-M25	original engine consumers are promoted by the owning source-integration milestone	ZH_LEGACY_ZH_GAME_ENGINE_SOURCES
GeneralsMD/Code/GameEngine/Include/GameClient/Module/AnimatedParticleSysBoneClientUpdate.h	excluded	M20-M25	original engine consumers are promoted by the owning source-integration milestone	ZH_LEGACY_ZH_GAME_ENGINE_SOURCES
GeneralsMD/Code/GameEngine/Include/GameClient/Module/BeaconClientUpdate.h	excluded	M20-M25	original engine consumers are promoted by the owning source-integration milestone	ZH_LEGACY_ZH_GAME_ENGINE_SOURCES
GeneralsMD/Code/GameEngine/Include/GameClient/Module/SwayClientUpdate.h	excluded	M20-M25	original engine consumers are promoted by the owning source-integration milestone	ZH_LEGACY_ZH_GAME_ENGINE_SOURCES
GeneralsMD/Code/GameEngine/Include/GameClient/Mouse.h	excluded	M20-M25	original engine consumers are promoted by the owning source-integration milestone	ZH_LEGACY_ZH_GAME_ENGINE_SOURCES
GeneralsMD/Code/GameEngine/Include/GameClient/ParabolicEase.h	excluded	M20-M25	original engine consumers are promoted by the owning source-integration milestone	ZH_LEGACY_ZH_GAME_ENGINE_SOURCES
GeneralsMD/Code/GameEngine/Include/GameClient/ParticleSys.h	excluded	M20-M25	original engine consumers are promoted by the owning source-integration milestone	ZH_LEGACY_ZH_GAME_ENGINE_SOURCES
GeneralsMD/Code/GameEngine/Include/GameClient/PlaceEventTranslator.h	excluded	M20-M25	original engine consumers are promoted by the owning source-integration milestone	ZH_LEGACY_ZH_GAME_ENGINE_SOURCES
GeneralsMD/Code/GameEngine/Include/GameClient/ProcessAnimateWindow.h	excluded	M20-M25	original engine consumers are promoted by the owning source-integration milestone	ZH_LEGACY_ZH_GAME_ENGINE_SOURCES
GeneralsMD/Code/GameEngine/Include/GameClient/RadiusDecal.h	excluded	M20-M25	original engine consumers are promoted by the owning source-integration milestone	ZH_LEGACY_ZH_GAME_ENGINE_SOURCES
GeneralsMD/Code/GameEngine/Include/GameClient/RayEffect.h	excluded	M20-M25	original engine consumers are promoted by the owning source-integration milestone	ZH_LEGACY_ZH_GAME_ENGINE_SOURCES
GeneralsMD/Code/GameEngine/Include/GameClient/SelectionInfo.h	excluded	M20-M25	original engine consumers are promoted by the owning source-integration milestone	ZH_LEGACY_ZH_GAME_ENGINE_SOURCES
GeneralsMD/Code/GameEngine/Include/GameClient/SelectionXlat.h	excluded	M20-M25	original engine consumers are promoted by the owning source-integration milestone	ZH_LEGACY_ZH_GAME_ENGINE_SOURCES
GeneralsMD/Code/GameEngine/Include/GameClient/Shadow.h	excluded	M20-M25	original engine consumers are promoted by the owning source-integration milestone	ZH_LEGACY_ZH_GAME_ENGINE_SOURCES
GeneralsMD/Code/GameEngine/Include/GameClient/Shell.h	excluded	M20-M25	original engine consumers are promoted by the owning source-integration milestone	ZH_LEGACY_ZH_GAME_ENGINE_SOURCES
GeneralsMD/Code/GameEngine/Include/GameClient/ShellHooks.h	excluded	M20-M25	original engine consumers are promoted by the owning source-integration milestone	ZH_LEGACY_ZH_GAME_ENGINE_SOURCES
GeneralsMD/Code/GameEngine/Include/GameClient/ShellMenuScheme.h	excluded	M20-M25	original engine consumers are promoted by the owning source-integration milestone	ZH_LEGACY_ZH_GAME_ENGINE_SOURCES
GeneralsMD/Code/GameEngine/Include/GameClient/Smudge.h	excluded	M20-M25	original engine consumers are promoted by the owning source-integration milestone	ZH_LEGACY_ZH_GAME_ENGINE_SOURCES
GeneralsMD/Code/GameEngine/Include/GameClient/Snow.h	excluded	M20-M25	original engine consumers are promoted by the owning source-integration milestone	ZH_LEGACY_ZH_GAME_ENGINE_SOURCES
GeneralsMD/Code/GameEngine/Include/GameClient/Statistics.h	excluded	M20-M25	original engine consumers are promoted by the owning source-integration milestone	ZH_LEGACY_ZH_GAME_ENGINE_SOURCES
GeneralsMD/Code/GameEngine/Include/GameClient/TerrainRoads.h	excluded	M20-M25	original engine consumers are promoted by the owning source-integration milestone	ZH_LEGACY_ZH_GAME_ENGINE_SOURCES
GeneralsMD/Code/GameEngine/Include/GameClient/TerrainVisual.h	excluded	M20-M25	original engine consumers are promoted by the owning source-integration milestone	ZH_LEGACY_ZH_GAME_ENGINE_SOURCES
GeneralsMD/Code/GameEngine/Include/GameClient/VideoPlayer.h	excluded	M20-M25	original engine consumers are promoted by the owning source-integration milestone	ZH_LEGACY_ZH_GAME_ENGINE_SOURCES
GeneralsMD/Code/GameEngine/Include/GameClient/View.h	excluded	M20-M25	original engine consumers are promoted by the owning source-integration milestone	ZH_LEGACY_ZH_GAME_ENGINE_SOURCES
GeneralsMD/Code/GameEngine/Include/GameClient/Water.h	excluded	M20-M25	original engine consumers are promoted by the owning source-integration milestone	ZH_LEGACY_ZH_GAME_ENGINE_SOURCES
GeneralsMD/Code/GameEngine/Include/GameClient/WinInstanceData.h	excluded	M20-M25	original engine consumers are promoted by the owning source-integration milestone	ZH_LEGACY_ZH_GAME_ENGINE_SOURCES
GeneralsMD/Code/GameEngine/Include/GameClient/WindowLayout.h	excluded	M20-M25	original engine consumers are promoted by the owning source-integration milestone	ZH_LEGACY_ZH_GAME_ENGINE_SOURCES
GeneralsMD/Code/GameEngine/Include/GameClient/WindowVideoManager.h	excluded	M20-M25	original engine consumers are promoted by the owning source-integration milestone	ZH_LEGACY_ZH_GAME_ENGINE_SOURCES
GeneralsMD/Code/GameEngine/Include/GameClient/WindowXlat.h	excluded	M20-M25	original engine consumers are promoted by the owning source-integration milestone	ZH_LEGACY_ZH_GAME_ENGINE_SOURCES
GeneralsMD/Code/GameEngine/Include/GameLogic/AI.h	excluded	M20-M25	original engine consumers are promoted by the owning source-integration milestone	ZH_LEGACY_ZH_GAME_ENGINE_SOURCES
GeneralsMD/Code/GameEngine/Include/GameLogic/AIDock.h	excluded	M20-M25	original engine consumers are promoted by the owning source-integration milestone	ZH_LEGACY_ZH_GAME_ENGINE_SOURCES
GeneralsMD/Code/GameEngine/Include/GameLogic/AIGuard.h	excluded	M20-M25	original engine consumers are promoted by the owning source-integration milestone	ZH_LEGACY_ZH_GAME_ENGINE_SOURCES
GeneralsMD/Code/GameEngine/Include/GameLogic/AIGuardRetaliate.h	excluded	M20-M25	original engine consumers are promoted by the owning source-integration milestone	ZH_LEGACY_ZH_GAME_ENGINE_SOURCES
GeneralsMD/Code/GameEngine/Include/GameLogic/AIPathfind.h	excluded	M20-M25	original engine consumers are promoted by the owning source-integration milestone	ZH_LEGACY_ZH_GAME_ENGINE_SOURCES
GeneralsMD/Code/GameEngine/Include/GameLogic/AIPlayer.h	excluded	M20-M25	original engine consumers are promoted by the owning source-integration milestone	ZH_LEGACY_ZH_GAME_ENGINE_SOURCES
GeneralsMD/Code/GameEngine/Include/GameLogic/AISkirmishPlayer.h	excluded	M20-M25	original engine consumers are promoted by the owning source-integration milestone	ZH_LEGACY_ZH_GAME_ENGINE_SOURCES
GeneralsMD/Code/GameEngine/Include/GameLogic/AIStateMachine.h	excluded	M20-M25	original engine consumers are promoted by the owning source-integration milestone	ZH_LEGACY_ZH_GAME_ENGINE_SOURCES
GeneralsMD/Code/GameEngine/Include/GameLogic/AITNGuard.h	excluded	M20-M25	original engine consumers are promoted by the owning source-integration milestone	ZH_LEGACY_ZH_GAME_ENGINE_SOURCES
GeneralsMD/Code/GameEngine/Include/GameLogic/Armor.h	excluded	M20-M25	original engine consumers are promoted by the owning source-integration milestone	ZH_LEGACY_ZH_GAME_ENGINE_SOURCES
GeneralsMD/Code/GameEngine/Include/GameLogic/ArmorSet.h	excluded	M20-M25	original engine consumers are promoted by the owning source-integration milestone	ZH_LEGACY_ZH_GAME_ENGINE_SOURCES
GeneralsMD/Code/GameEngine/Include/GameLogic/CaveSystem.h	excluded	M20-M25	original engine consumers are promoted by the owning source-integration milestone	ZH_LEGACY_ZH_GAME_ENGINE_SOURCES
GeneralsMD/Code/GameEngine/Include/GameLogic/CrateSystem.h	excluded	M20-M25	original engine consumers are promoted by the owning source-integration milestone	ZH_LEGACY_ZH_GAME_ENGINE_SOURCES
GeneralsMD/Code/GameEngine/Include/GameLogic/Damage.h	excluded	M20-M25	original engine consumers are promoted by the owning source-integration milestone	ZH_LEGACY_ZH_GAME_ENGINE_SOURCES
GeneralsMD/Code/GameEngine/Include/GameLogic/ExperienceTracker.h	excluded	M20-M25	original engine consumers are promoted by the owning source-integration milestone	ZH_LEGACY_ZH_GAME_ENGINE_SOURCES
GeneralsMD/Code/GameEngine/Include/GameLogic/FPUControl.h	excluded	M20-M25	original engine consumers are promoted by the owning source-integration milestone	ZH_LEGACY_ZH_GAME_ENGINE_SOURCES
GeneralsMD/Code/GameEngine/Include/GameLogic/FiringTracker.h	excluded	M20-M25	original engine consumers are promoted by the owning source-integration milestone	ZH_LEGACY_ZH_GAME_ENGINE_SOURCES
GeneralsMD/Code/GameEngine/Include/GameLogic/GameLogic.h	excluded	M20-M25	original engine consumers are promoted by the owning source-integration milestone	ZH_LEGACY_ZH_GAME_ENGINE_SOURCES
GeneralsMD/Code/GameEngine/Include/GameLogic/GhostObject.h	excluded	M20-M25	original engine consumers are promoted by the owning source-integration milestone	ZH_LEGACY_ZH_GAME_ENGINE_SOURCES
GeneralsMD/Code/GameEngine/Include/GameLogic/Locomotor.h	excluded	M20-M25	original engine consumers are promoted by the owning source-integration milestone	ZH_LEGACY_ZH_GAME_ENGINE_SOURCES
GeneralsMD/Code/GameEngine/Include/GameLogic/LocomotorSet.h	excluded	M20-M25	original engine consumers are promoted by the owning source-integration milestone	ZH_LEGACY_ZH_GAME_ENGINE_SOURCES
GeneralsMD/Code/GameEngine/Include/GameLogic/LogicRandomValue.h	excluded	M20-M25	original engine consumers are promoted by the owning source-integration milestone	ZH_LEGACY_ZH_GAME_ENGINE_SOURCES
GeneralsMD/Code/GameEngine/Include/GameLogic/Module/AIUpdate.h	excluded	M20-M25	original engine consumers are promoted by the owning source-integration milestone	ZH_LEGACY_ZH_GAME_ENGINE_SOURCES
GeneralsMD/Code/GameEngine/Include/GameLogic/Module/ActiveBody.h	excluded	M20-M25	original engine consumers are promoted by the owning source-integration milestone	ZH_LEGACY_ZH_GAME_ENGINE_SOURCES
GeneralsMD/Code/GameEngine/Include/GameLogic/Module/ActiveShroudUpgrade.h	excluded	M20-M25	original engine consumers are promoted by the owning source-integration milestone	ZH_LEGACY_ZH_GAME_ENGINE_SOURCES
GeneralsMD/Code/GameEngine/Include/GameLogic/Module/AnimationSteeringUpdate.h	excluded	M20-M25	original engine consumers are promoted by the owning source-integration milestone	ZH_LEGACY_ZH_GAME_ENGINE_SOURCES
GeneralsMD/Code/GameEngine/Include/GameLogic/Module/ArmorUpgrade.h	excluded	M20-M25	original engine consumers are promoted by the owning source-integration milestone	ZH_LEGACY_ZH_GAME_ENGINE_SOURCES
GeneralsMD/Code/GameEngine/Include/GameLogic/Module/AssaultTransportAIUpdate.h	excluded	M20-M25	original engine consumers are promoted by the owning source-integration milestone	ZH_LEGACY_ZH_GAME_ENGINE_SOURCES
GeneralsMD/Code/GameEngine/Include/GameLogic/Module/AssistedTargetingUpdate.h	excluded	M20-M25	original engine consumers are promoted by the owning source-integration milestone	ZH_LEGACY_ZH_GAME_ENGINE_SOURCES
GeneralsMD/Code/GameEngine/Include/GameLogic/Module/AutoDepositUpdate.h	excluded	M20-M25	original engine consumers are promoted by the owning source-integration milestone	ZH_LEGACY_ZH_GAME_ENGINE_SOURCES
GeneralsMD/Code/GameEngine/Include/GameLogic/Module/AutoFindHealingUpdate.h	excluded	M20-M25	original engine consumers are promoted by the owning source-integration milestone	ZH_LEGACY_ZH_GAME_ENGINE_SOURCES
GeneralsMD/Code/GameEngine/Include/GameLogic/Module/AutoHealBehavior.h	excluded	M20-M25	original engine consumers are promoted by the owning source-integration milestone	ZH_LEGACY_ZH_GAME_ENGINE_SOURCES
GeneralsMD/Code/GameEngine/Include/GameLogic/Module/BaikonurLaunchPower.h	excluded	M20-M25	original engine consumers are promoted by the owning source-integration milestone	ZH_LEGACY_ZH_GAME_ENGINE_SOURCES
GeneralsMD/Code/GameEngine/Include/GameLogic/Module/BaseRegenerateUpdate.h	excluded	M20-M25	original engine consumers are promoted by the owning source-integration milestone	ZH_LEGACY_ZH_GAME_ENGINE_SOURCES
GeneralsMD/Code/GameEngine/Include/GameLogic/Module/BattleBusSlowDeathBehavior.h	excluded	M20-M25	original engine consumers are promoted by the owning source-integration milestone	ZH_LEGACY_ZH_GAME_ENGINE_SOURCES
GeneralsMD/Code/GameEngine/Include/GameLogic/Module/BattlePlanUpdate.h	excluded	M20-M25	original engine consumers are promoted by the owning source-integration milestone	ZH_LEGACY_ZH_GAME_ENGINE_SOURCES
GeneralsMD/Code/GameEngine/Include/GameLogic/Module/BehaviorModule.h	excluded	M20-M25	original engine consumers are promoted by the owning source-integration milestone	ZH_LEGACY_ZH_GAME_ENGINE_SOURCES
GeneralsMD/Code/GameEngine/Include/GameLogic/Module/BodyModule.h	excluded	M20-M25	original engine consumers are promoted by the owning source-integration milestone	ZH_LEGACY_ZH_GAME_ENGINE_SOURCES
GeneralsMD/Code/GameEngine/Include/GameLogic/Module/BoneFXDamage.h	excluded	M20-M25	original engine consumers are promoted by the owning source-integration milestone	ZH_LEGACY_ZH_GAME_ENGINE_SOURCES
GeneralsMD/Code/GameEngine/Include/GameLogic/Module/BoneFXUpdate.h	excluded	M20-M25	original engine consumers are promoted by the owning source-integration milestone	ZH_LEGACY_ZH_GAME_ENGINE_SOURCES
GeneralsMD/Code/GameEngine/Include/GameLogic/Module/BridgeBehavior.h	excluded	M20-M25	original engine consumers are promoted by the owning source-integration milestone	ZH_LEGACY_ZH_GAME_ENGINE_SOURCES
GeneralsMD/Code/GameEngine/Include/GameLogic/Module/BridgeScaffoldBehavior.h	excluded	M20-M25	original engine consumers are promoted by the owning source-integration milestone	ZH_LEGACY_ZH_GAME_ENGINE_SOURCES
GeneralsMD/Code/GameEngine/Include/GameLogic/Module/BridgeTowerBehavior.h	excluded	M20-M25	original engine consumers are promoted by the owning source-integration milestone	ZH_LEGACY_ZH_GAME_ENGINE_SOURCES
GeneralsMD/Code/GameEngine/Include/GameLogic/Module/BunkerBusterBehavior.h	excluded	M20-M25	original engine consumers are promoted by the owning source-integration milestone	ZH_LEGACY_ZH_GAME_ENGINE_SOURCES
GeneralsMD/Code/GameEngine/Include/GameLogic/Module/CashBountyPower.h	excluded	M20-M25	original engine consumers are promoted by the owning source-integration milestone	ZH_LEGACY_ZH_GAME_ENGINE_SOURCES
GeneralsMD/Code/GameEngine/Include/GameLogic/Module/CashHackSpecialPower.h	excluded	M20-M25	original engine consumers are promoted by the owning source-integration milestone	ZH_LEGACY_ZH_GAME_ENGINE_SOURCES
GeneralsMD/Code/GameEngine/Include/GameLogic/Module/CaveContain.h	excluded	M20-M25	original engine consumers are promoted by the owning source-integration milestone	ZH_LEGACY_ZH_GAME_ENGINE_SOURCES
GeneralsMD/Code/GameEngine/Include/GameLogic/Module/CheckpointUpdate.h	excluded	M20-M25	original engine consumers are promoted by the owning source-integration milestone	ZH_LEGACY_ZH_GAME_ENGINE_SOURCES
GeneralsMD/Code/GameEngine/Include/GameLogic/Module/ChinookAIUpdate.h	excluded	M20-M25	original engine consumers are promoted by the owning source-integration milestone	ZH_LEGACY_ZH_GAME_ENGINE_SOURCES
GeneralsMD/Code/GameEngine/Include/GameLogic/Module/CleanupAreaPower.h	excluded	M20-M25	original engine consumers are promoted by the owning source-integration milestone	ZH_LEGACY_ZH_GAME_ENGINE_SOURCES
GeneralsMD/Code/GameEngine/Include/GameLogic/Module/CleanupHazardUpdate.h	excluded	M20-M25	original engine consumers are promoted by the owning source-integration milestone	ZH_LEGACY_ZH_GAME_ENGINE_SOURCES
GeneralsMD/Code/GameEngine/Include/GameLogic/Module/CollideModule.h	excluded	M20-M25	original engine consumers are promoted by the owning source-integration milestone	ZH_LEGACY_ZH_GAME_ENGINE_SOURCES
GeneralsMD/Code/GameEngine/Include/GameLogic/Module/CommandButtonHuntUpdate.h	excluded	M20-M25	original engine consumers are promoted by the owning source-integration milestone	ZH_LEGACY_ZH_GAME_ENGINE_SOURCES
GeneralsMD/Code/GameEngine/Include/GameLogic/Module/CommandSetUpgrade.h	excluded	M20-M25	original engine consumers are promoted by the owning source-integration milestone	ZH_LEGACY_ZH_GAME_ENGINE_SOURCES
GeneralsMD/Code/GameEngine/Include/GameLogic/Module/ContainModule.h	excluded	M20-M25	original engine consumers are promoted by the owning source-integration milestone	ZH_LEGACY_ZH_GAME_ENGINE_SOURCES
GeneralsMD/Code/GameEngine/Include/GameLogic/Module/ConvertToCarBombCrateCollide.h	excluded	M20-M25	original engine consumers are promoted by the owning source-integration milestone	ZH_LEGACY_ZH_GAME_ENGINE_SOURCES
GeneralsMD/Code/GameEngine/Include/GameLogic/Module/ConvertToHijackedVehicleCrateCollide.h	excluded	M20-M25	original engine consumers are promoted by the owning source-integration milestone	ZH_LEGACY_ZH_GAME_ENGINE_SOURCES
GeneralsMD/Code/GameEngine/Include/GameLogic/Module/CostModifierUpgrade.h	excluded	M20-M25	original engine consumers are promoted by the owning source-integration milestone	ZH_LEGACY_ZH_GAME_ENGINE_SOURCES
GeneralsMD/Code/GameEngine/Include/GameLogic/Module/CountermeasuresBehavior.h	excluded	M20-M25	original engine consumers are promoted by the owning source-integration milestone	ZH_LEGACY_ZH_GAME_ENGINE_SOURCES
GeneralsMD/Code/GameEngine/Include/GameLogic/Module/CrateCollide.h	excluded	M20-M25	original engine consumers are promoted by the owning source-integration milestone	ZH_LEGACY_ZH_GAME_ENGINE_SOURCES
GeneralsMD/Code/GameEngine/Include/GameLogic/Module/CreateCrateDie.h	excluded	M20-M25	original engine consumers are promoted by the owning source-integration milestone	ZH_LEGACY_ZH_GAME_ENGINE_SOURCES
GeneralsMD/Code/GameEngine/Include/GameLogic/Module/CreateModule.h	excluded	M20-M25	original engine consumers are promoted by the owning source-integration milestone	ZH_LEGACY_ZH_GAME_ENGINE_SOURCES
GeneralsMD/Code/GameEngine/Include/GameLogic/Module/CreateObjectDie.h	excluded	M20-M25	original engine consumers are promoted by the owning source-integration milestone	ZH_LEGACY_ZH_GAME_ENGINE_SOURCES
GeneralsMD/Code/GameEngine/Include/GameLogic/Module/CrushDie.h	excluded	M20-M25	original engine consumers are promoted by the owning source-integration milestone	ZH_LEGACY_ZH_GAME_ENGINE_SOURCES
GeneralsMD/Code/GameEngine/Include/GameLogic/Module/DamDie.h	excluded	M20-M25	original engine consumers are promoted by the owning source-integration milestone	ZH_LEGACY_ZH_GAME_ENGINE_SOURCES
GeneralsMD/Code/GameEngine/Include/GameLogic/Module/DamageModule.h	excluded	M20-M25	original engine consumers are promoted by the owning source-integration milestone	ZH_LEGACY_ZH_GAME_ENGINE_SOURCES
GeneralsMD/Code/GameEngine/Include/GameLogic/Module/DefaultProductionExitUpdate.h	excluded	M20-M25	original engine consumers are promoted by the owning source-integration milestone	ZH_LEGACY_ZH_GAME_ENGINE_SOURCES
GeneralsMD/Code/GameEngine/Include/GameLogic/Module/DefectorSpecialPower.h	excluded	M20-M25	original engine consumers are promoted by the owning source-integration milestone	ZH_LEGACY_ZH_GAME_ENGINE_SOURCES
GeneralsMD/Code/GameEngine/Include/GameLogic/Module/DeletionUpdate.h	excluded	M20-M25	original engine consumers are promoted by the owning source-integration milestone	ZH_LEGACY_ZH_GAME_ENGINE_SOURCES
GeneralsMD/Code/GameEngine/Include/GameLogic/Module/DeliverPayloadAIUpdate.h	excluded	M20-M25	original engine consumers are promoted by the owning source-integration milestone	ZH_LEGACY_ZH_GAME_ENGINE_SOURCES
GeneralsMD/Code/GameEngine/Include/GameLogic/Module/DemoTrapUpdate.h	excluded	M20-M25	original engine consumers are promoted by the owning source-integration milestone	ZH_LEGACY_ZH_GAME_ENGINE_SOURCES
GeneralsMD/Code/GameEngine/Include/GameLogic/Module/DemoralizeSpecialPower.h	excluded	M20-M25	original engine consumers are promoted by the owning source-integration milestone	ZH_LEGACY_ZH_GAME_ENGINE_SOURCES
GeneralsMD/Code/GameEngine/Include/GameLogic/Module/DeployStyleAIUpdate.h	excluded	M20-M25	original engine consumers are promoted by the owning source-integration milestone	ZH_LEGACY_ZH_GAME_ENGINE_SOURCES
GeneralsMD/Code/GameEngine/Include/GameLogic/Module/DestroyDie.h	excluded	M20-M25	original engine consumers are promoted by the owning source-integration milestone	ZH_LEGACY_ZH_GAME_ENGINE_SOURCES
GeneralsMD/Code/GameEngine/Include/GameLogic/Module/DestroyModule.h	excluded	M20-M25	original engine consumers are promoted by the owning source-integration milestone	ZH_LEGACY_ZH_GAME_ENGINE_SOURCES
GeneralsMD/Code/GameEngine/Include/GameLogic/Module/DieModule.h	excluded	M20-M25	original engine consumers are promoted by the owning source-integration milestone	ZH_LEGACY_ZH_GAME_ENGINE_SOURCES
GeneralsMD/Code/GameEngine/Include/GameLogic/Module/DockUpdate.h	excluded	M20-M25	original engine consumers are promoted by the owning source-integration milestone	ZH_LEGACY_ZH_GAME_ENGINE_SOURCES
GeneralsMD/Code/GameEngine/Include/GameLogic/Module/DozerAIUpdate.h	excluded	M20-M25	original engine consumers are promoted by the owning source-integration milestone	ZH_LEGACY_ZH_GAME_ENGINE_SOURCES
GeneralsMD/Code/GameEngine/Include/GameLogic/Module/DumbProjectileBehavior.h	excluded	M20-M25	original engine consumers are promoted by the owning source-integration milestone	ZH_LEGACY_ZH_GAME_ENGINE_SOURCES
GeneralsMD/Code/GameEngine/Include/GameLogic/Module/DynamicGeometryInfoUpdate.h	excluded	M20-M25	original engine consumers are promoted by the owning source-integration milestone	ZH_LEGACY_ZH_GAME_ENGINE_SOURCES
GeneralsMD/Code/GameEngine/Include/GameLogic/Module/DynamicShroudClearingRangeUpdate.h	excluded	M20-M25	original engine consumers are promoted by the owning source-integration milestone	ZH_LEGACY_ZH_GAME_ENGINE_SOURCES
GeneralsMD/Code/GameEngine/Include/GameLogic/Module/EMPUpdate.h	excluded	M20-M25	original engine consumers are promoted by the owning source-integration milestone	ZH_LEGACY_ZH_GAME_ENGINE_SOURCES
GeneralsMD/Code/GameEngine/Include/GameLogic/Module/EjectPilotDie.h	excluded	M20-M25	original engine consumers are promoted by the owning source-integration milestone	ZH_LEGACY_ZH_GAME_ENGINE_SOURCES
GeneralsMD/Code/GameEngine/Include/GameLogic/Module/EnemyNearUpdate.h	excluded	M20-M25	original engine consumers are promoted by the owning source-integration milestone	ZH_LEGACY_ZH_GAME_ENGINE_SOURCES
GeneralsMD/Code/GameEngine/Include/GameLogic/Module/ExperienceScalarUpgrade.h	excluded	M20-M25	original engine consumers are promoted by the owning source-integration milestone	ZH_LEGACY_ZH_GAME_ENGINE_SOURCES
GeneralsMD/Code/GameEngine/Include/GameLogic/Module/FXListDie.h	excluded	M20-M25	original engine consumers are promoted by the owning source-integration milestone	ZH_LEGACY_ZH_GAME_ENGINE_SOURCES
GeneralsMD/Code/GameEngine/Include/GameLogic/Module/FireOCLAfterWeaponCooldownUpdate.h	excluded	M20-M25	original engine consumers are promoted by the owning source-integration milestone	ZH_LEGACY_ZH_GAME_ENGINE_SOURCES
GeneralsMD/Code/GameEngine/Include/GameLogic/Module/FireSpreadUpdate.h	excluded	M20-M25	original engine consumers are promoted by the owning source-integration milestone	ZH_LEGACY_ZH_GAME_ENGINE_SOURCES
GeneralsMD/Code/GameEngine/Include/GameLogic/Module/FireWeaponCollide.h	excluded	M20-M25	original engine consumers are promoted by the owning source-integration milestone	ZH_LEGACY_ZH_GAME_ENGINE_SOURCES
GeneralsMD/Code/GameEngine/Include/GameLogic/Module/FireWeaponUpdate.h	excluded	M20-M25	original engine consumers are promoted by the owning source-integration milestone	ZH_LEGACY_ZH_GAME_ENGINE_SOURCES
GeneralsMD/Code/GameEngine/Include/GameLogic/Module/FireWeaponWhenDamagedBehavior.h	excluded	M20-M25	original engine consumers are promoted by the owning source-integration milestone	ZH_LEGACY_ZH_GAME_ENGINE_SOURCES
GeneralsMD/Code/GameEngine/Include/GameLogic/Module/FireWeaponWhenDeadBehavior.h	excluded	M20-M25	original engine consumers are promoted by the owning source-integration milestone	ZH_LEGACY_ZH_GAME_ENGINE_SOURCES
GeneralsMD/Code/GameEngine/Include/GameLogic/Module/FirestormDynamicGeometryInfoUpdate.h	excluded	M20-M25	original engine consumers are promoted by the owning source-integration milestone	ZH_LEGACY_ZH_GAME_ENGINE_SOURCES
GeneralsMD/Code/GameEngine/Include/GameLogic/Module/FlammableUpdate.h	excluded	M20-M25	original engine consumers are promoted by the owning source-integration milestone	ZH_LEGACY_ZH_GAME_ENGINE_SOURCES
GeneralsMD/Code/GameEngine/Include/GameLogic/Module/FlightDeckBehavior.h	excluded	M20-M25	original engine consumers are promoted by the owning source-integration milestone	ZH_LEGACY_ZH_GAME_ENGINE_SOURCES
GeneralsMD/Code/GameEngine/Include/GameLogic/Module/FloatUpdate.h	excluded	M20-M25	original engine consumers are promoted by the owning source-integration milestone	ZH_LEGACY_ZH_GAME_ENGINE_SOURCES
GeneralsMD/Code/GameEngine/Include/GameLogic/Module/GarrisonContain.h	excluded	M20-M25	original engine consumers are promoted by the owning source-integration milestone	ZH_LEGACY_ZH_GAME_ENGINE_SOURCES
GeneralsMD/Code/GameEngine/Include/GameLogic/Module/GenerateMinefieldBehavior.h	excluded	M20-M25	original engine consumers are promoted by the owning source-integration milestone	ZH_LEGACY_ZH_GAME_ENGINE_SOURCES
GeneralsMD/Code/GameEngine/Include/GameLogic/Module/GrantScienceUpgrade.h	excluded	M20-M25	original engine consumers are promoted by the owning source-integration milestone	ZH_LEGACY_ZH_GAME_ENGINE_SOURCES
GeneralsMD/Code/GameEngine/Include/GameLogic/Module/GrantStealthBehavior.h	excluded	M20-M25	original engine consumers are promoted by the owning source-integration milestone	ZH_LEGACY_ZH_GAME_ENGINE_SOURCES
GeneralsMD/Code/GameEngine/Include/GameLogic/Module/GrantUpgradeCreate.h	excluded	M20-M25	original engine consumers are promoted by the owning source-integration milestone	ZH_LEGACY_ZH_GAME_ENGINE_SOURCES
GeneralsMD/Code/GameEngine/Include/GameLogic/Module/HackInternetAIUpdate.h	excluded	M20-M25	original engine consumers are promoted by the owning source-integration milestone	ZH_LEGACY_ZH_GAME_ENGINE_SOURCES
GeneralsMD/Code/GameEngine/Include/GameLogic/Module/HealContain.h	excluded	M20-M25	original engine consumers are promoted by the owning source-integration milestone	ZH_LEGACY_ZH_GAME_ENGINE_SOURCES
GeneralsMD/Code/GameEngine/Include/GameLogic/Module/HealCrateCollide.h	excluded	M20-M25	original engine consumers are promoted by the owning source-integration milestone	ZH_LEGACY_ZH_GAME_ENGINE_SOURCES
GeneralsMD/Code/GameEngine/Include/GameLogic/Module/HeightDieUpdate.h	excluded	M20-M25	original engine consumers are promoted by the owning source-integration milestone	ZH_LEGACY_ZH_GAME_ENGINE_SOURCES
GeneralsMD/Code/GameEngine/Include/GameLogic/Module/HelicopterSlowDeathUpdate.h	excluded	M20-M25	original engine consumers are promoted by the owning source-integration milestone	ZH_LEGACY_ZH_GAME_ENGINE_SOURCES
GeneralsMD/Code/GameEngine/Include/GameLogic/Module/HelixContain.h	excluded	M20-M25	original engine consumers are promoted by the owning source-integration milestone	ZH_LEGACY_ZH_GAME_ENGINE_SOURCES
GeneralsMD/Code/GameEngine/Include/GameLogic/Module/HighlanderBody.h	excluded	M20-M25	original engine consumers are promoted by the owning source-integration milestone	ZH_LEGACY_ZH_GAME_ENGINE_SOURCES
GeneralsMD/Code/GameEngine/Include/GameLogic/Module/HijackerUpdate.h	excluded	M20-M25	original engine consumers are promoted by the owning source-integration milestone	ZH_LEGACY_ZH_GAME_ENGINE_SOURCES
GeneralsMD/Code/GameEngine/Include/GameLogic/Module/HiveStructureBody.h	excluded	M20-M25	original engine consumers are promoted by the owning source-integration milestone	ZH_LEGACY_ZH_GAME_ENGINE_SOURCES
GeneralsMD/Code/GameEngine/Include/GameLogic/Module/HordeUpdate.h	excluded	M20-M25	original engine consumers are promoted by the owning source-integration milestone	ZH_LEGACY_ZH_GAME_ENGINE_SOURCES
GeneralsMD/Code/GameEngine/Include/GameLogic/Module/ImmortalBody.h	excluded	M20-M25	original engine consumers are promoted by the owning source-integration milestone	ZH_LEGACY_ZH_GAME_ENGINE_SOURCES
GeneralsMD/Code/GameEngine/Include/GameLogic/Module/InactiveBody.h	excluded	M20-M25	original engine consumers are promoted by the owning source-integration milestone	ZH_LEGACY_ZH_GAME_ENGINE_SOURCES
GeneralsMD/Code/GameEngine/Include/GameLogic/Module/InstantDeathBehavior.h	excluded	M20-M25	original engine consumers are promoted by the owning source-integration milestone	ZH_LEGACY_ZH_GAME_ENGINE_SOURCES
GeneralsMD/Code/GameEngine/Include/GameLogic/Module/InternetHackContain.h	excluded	M20-M25	original engine consumers are promoted by the owning source-integration milestone	ZH_LEGACY_ZH_GAME_ENGINE_SOURCES
GeneralsMD/Code/GameEngine/Include/GameLogic/Module/JetAIUpdate.h	excluded	M20-M25	original engine consumers are promoted by the owning source-integration milestone	ZH_LEGACY_ZH_GAME_ENGINE_SOURCES
GeneralsMD/Code/GameEngine/Include/GameLogic/Module/JetSlowDeathBehavior.h	excluded	M20-M25	original engine consumers are promoted by the owning source-integration milestone	ZH_LEGACY_ZH_GAME_ENGINE_SOURCES
GeneralsMD/Code/GameEngine/Include/GameLogic/Module/KeepObjectDie.h	excluded	M20-M25	original engine consumers are promoted by the owning source-integration milestone	ZH_LEGACY_ZH_GAME_ENGINE_SOURCES
GeneralsMD/Code/GameEngine/Include/GameLogic/Module/LaserUpdate.h	excluded	M20-M25	original engine consumers are promoted by the owning source-integration milestone	ZH_LEGACY_ZH_GAME_ENGINE_SOURCES
GeneralsMD/Code/GameEngine/Include/GameLogic/Module/LifetimeUpdate.h	excluded	M20-M25	original engine consumers are promoted by the owning source-integration milestone	ZH_LEGACY_ZH_GAME_ENGINE_SOURCES
GeneralsMD/Code/GameEngine/Include/GameLogic/Module/LockWeaponCreate.h	excluded	M20-M25	original engine consumers are promoted by the owning source-integration milestone	ZH_LEGACY_ZH_GAME_ENGINE_SOURCES
GeneralsMD/Code/GameEngine/Include/GameLogic/Module/LocomotorSetUpgrade.h	excluded	M20-M25	original engine consumers are promoted by the owning source-integration milestone	ZH_LEGACY_ZH_GAME_ENGINE_SOURCES
GeneralsMD/Code/GameEngine/Include/GameLogic/Module/MaxHealthUpgrade.h	excluded	M20-M25	original engine consumers are promoted by the owning source-integration milestone	ZH_LEGACY_ZH_GAME_ENGINE_SOURCES
GeneralsMD/Code/GameEngine/Include/GameLogic/Module/MinefieldBehavior.h	excluded	M20-M25	original engine consumers are promoted by the owning source-integration milestone	ZH_LEGACY_ZH_GAME_ENGINE_SOURCES
GeneralsMD/Code/GameEngine/Include/GameLogic/Module/MissileAIUpdate.h	excluded	M20-M25	original engine consumers are promoted by the owning source-integration milestone	ZH_LEGACY_ZH_GAME_ENGINE_SOURCES
GeneralsMD/Code/GameEngine/Include/GameLogic/Module/MissileLauncherBuildingUpdate.h	excluded	M20-M25	original engine consumers are promoted by the owning source-integration milestone	ZH_LEGACY_ZH_GAME_ENGINE_SOURCES
GeneralsMD/Code/GameEngine/Include/GameLogic/Module/MobMemberSlavedUpdate.h	excluded	M20-M25	original engine consumers are promoted by the owning source-integration milestone	ZH_LEGACY_ZH_GAME_ENGINE_SOURCES
GeneralsMD/Code/GameEngine/Include/GameLogic/Module/MobNexusContain.h	excluded	M20-M25	original engine consumers are promoted by the owning source-integration milestone	ZH_LEGACY_ZH_GAME_ENGINE_SOURCES
GeneralsMD/Code/GameEngine/Include/GameLogic/Module/ModelConditionUpgrade.h	excluded	M20-M25	original engine consumers are promoted by the owning source-integration milestone	ZH_LEGACY_ZH_GAME_ENGINE_SOURCES
GeneralsMD/Code/GameEngine/Include/GameLogic/Module/MoneyCrateCollide.h	excluded	M20-M25	original engine consumers are promoted by the owning source-integration milestone	ZH_LEGACY_ZH_GAME_ENGINE_SOURCES
GeneralsMD/Code/GameEngine/Include/GameLogic/Module/NeutronBlastBehavior.h	excluded	M20-M25	original engine consumers are promoted by the owning source-integration milestone	ZH_LEGACY_ZH_GAME_ENGINE_SOURCES
GeneralsMD/Code/GameEngine/Include/GameLogic/Module/NeutronMissileSlowDeathUpdate.h	excluded	M20-M25	original engine consumers are promoted by the owning source-integration milestone	ZH_LEGACY_ZH_GAME_ENGINE_SOURCES
GeneralsMD/Code/GameEngine/Include/GameLogic/Module/NeutronMissileUpdate.h	excluded	M20-M25	original engine consumers are promoted by the owning source-integration milestone	ZH_LEGACY_ZH_GAME_ENGINE_SOURCES
GeneralsMD/Code/GameEngine/Include/GameLogic/Module/OCLSpecialPower.h	excluded	M20-M25	original engine consumers are promoted by the owning source-integration milestone	ZH_LEGACY_ZH_GAME_ENGINE_SOURCES
GeneralsMD/Code/GameEngine/Include/GameLogic/Module/OCLUpdate.h	excluded	M20-M25	original engine consumers are promoted by the owning source-integration milestone	ZH_LEGACY_ZH_GAME_ENGINE_SOURCES
GeneralsMD/Code/GameEngine/Include/GameLogic/Module/ObjectCreationUpgrade.h	excluded	M20-M25	original engine consumers are promoted by the owning source-integration milestone	ZH_LEGACY_ZH_GAME_ENGINE_SOURCES
GeneralsMD/Code/GameEngine/Include/GameLogic/Module/ObjectDefectionHelper.h	excluded	M20-M25	original engine consumers are promoted by the owning source-integration milestone	ZH_LEGACY_ZH_GAME_ENGINE_SOURCES
GeneralsMD/Code/GameEngine/Include/GameLogic/Module/ObjectHelper.h	excluded	M20-M25	original engine consumers are promoted by the owning source-integration milestone	ZH_LEGACY_ZH_GAME_ENGINE_SOURCES
GeneralsMD/Code/GameEngine/Include/GameLogic/Module/ObjectRepulsorHelper.h	excluded	M20-M25	original engine consumers are promoted by the owning source-integration milestone	ZH_LEGACY_ZH_GAME_ENGINE_SOURCES
GeneralsMD/Code/GameEngine/Include/GameLogic/Module/ObjectSMCHelper.h	excluded	M20-M25	original engine consumers are promoted by the owning source-integration milestone	ZH_LEGACY_ZH_GAME_ENGINE_SOURCES
GeneralsMD/Code/GameEngine/Include/GameLogic/Module/ObjectWeaponStatusHelper.h	excluded	M20-M25	original engine consumers are promoted by the owning source-integration milestone	ZH_LEGACY_ZH_GAME_ENGINE_SOURCES
GeneralsMD/Code/GameEngine/Include/GameLogic/Module/OpenContain.h	excluded	M20-M25	original engine consumers are promoted by the owning source-integration milestone	ZH_LEGACY_ZH_GAME_ENGINE_SOURCES
GeneralsMD/Code/GameEngine/Include/GameLogic/Module/OverchargeBehavior.h	excluded	M20-M25	original engine consumers are promoted by the owning source-integration milestone	ZH_LEGACY_ZH_GAME_ENGINE_SOURCES
GeneralsMD/Code/GameEngine/Include/GameLogic/Module/OverlordContain.h	excluded	M20-M25	original engine consumers are promoted by the owning source-integration milestone	ZH_LEGACY_ZH_GAME_ENGINE_SOURCES
GeneralsMD/Code/GameEngine/Include/GameLogic/Module/POWTruckAIUpdate.h	excluded	M20-M25	original engine consumers are promoted by the owning source-integration milestone	ZH_LEGACY_ZH_GAME_ENGINE_SOURCES
GeneralsMD/Code/GameEngine/Include/GameLogic/Module/POWTruckBehavior.h	excluded	M20-M25	original engine consumers are promoted by the owning source-integration milestone	ZH_LEGACY_ZH_GAME_ENGINE_SOURCES
GeneralsMD/Code/GameEngine/Include/GameLogic/Module/ParachuteContain.h	excluded	M20-M25	original engine consumers are promoted by the owning source-integration milestone	ZH_LEGACY_ZH_GAME_ENGINE_SOURCES
GeneralsMD/Code/GameEngine/Include/GameLogic/Module/ParkingPlaceBehavior.h	excluded	M20-M25	original engine consumers are promoted by the owning source-integration milestone	ZH_LEGACY_ZH_GAME_ENGINE_SOURCES
GeneralsMD/Code/GameEngine/Include/GameLogic/Module/ParticleUplinkCannonUpdate.h	excluded	M20-M25	original engine consumers are promoted by the owning source-integration milestone	ZH_LEGACY_ZH_GAME_ENGINE_SOURCES
GeneralsMD/Code/GameEngine/Include/GameLogic/Module/PassengersFireUpgrade.h	excluded	M20-M25	original engine consumers are promoted by the owning source-integration milestone	ZH_LEGACY_ZH_GAME_ENGINE_SOURCES
GeneralsMD/Code/GameEngine/Include/GameLogic/Module/PhysicsUpdate.h	excluded	M20-M25	original engine consumers are promoted by the owning source-integration milestone	ZH_LEGACY_ZH_GAME_ENGINE_SOURCES
GeneralsMD/Code/GameEngine/Include/GameLogic/Module/PilotFindVehicleUpdate.h	excluded	M20-M25	original engine consumers are promoted by the owning source-integration milestone	ZH_LEGACY_ZH_GAME_ENGINE_SOURCES
GeneralsMD/Code/GameEngine/Include/GameLogic/Module/PointDefenseLaserUpdate.h	excluded	M20-M25	original engine consumers are promoted by the owning source-integration milestone	ZH_LEGACY_ZH_GAME_ENGINE_SOURCES
GeneralsMD/Code/GameEngine/Include/GameLogic/Module/PoisonedBehavior.h	excluded	M20-M25	original engine consumers are promoted by the owning source-integration milestone	ZH_LEGACY_ZH_GAME_ENGINE_SOURCES
GeneralsMD/Code/GameEngine/Include/GameLogic/Module/PowerPlantUpdate.h	excluded	M20-M25	original engine consumers are promoted by the owning source-integration milestone	ZH_LEGACY_ZH_GAME_ENGINE_SOURCES
GeneralsMD/Code/GameEngine/Include/GameLogic/Module/PowerPlantUpgrade.h	excluded	M20-M25	original engine consumers are promoted by the owning source-integration milestone	ZH_LEGACY_ZH_GAME_ENGINE_SOURCES
GeneralsMD/Code/GameEngine/Include/GameLogic/Module/PreorderCreate.h	excluded	M20-M25	original engine consumers are promoted by the owning source-integration milestone	ZH_LEGACY_ZH_GAME_ENGINE_SOURCES
GeneralsMD/Code/GameEngine/Include/GameLogic/Module/PrisonBehavior.h	excluded	M20-M25	original engine consumers are promoted by the owning source-integration milestone	ZH_LEGACY_ZH_GAME_ENGINE_SOURCES
GeneralsMD/Code/GameEngine/Include/GameLogic/Module/PrisonDockUpdate.h	excluded	M20-M25	original engine consumers are promoted by the owning source-integration milestone	ZH_LEGACY_ZH_GAME_ENGINE_SOURCES
GeneralsMD/Code/GameEngine/Include/GameLogic/Module/ProductionUpdate.h	excluded	M20-M25	original engine consumers are promoted by the owning source-integration milestone	ZH_LEGACY_ZH_GAME_ENGINE_SOURCES
GeneralsMD/Code/GameEngine/Include/GameLogic/Module/ProjectileStreamUpdate.h	excluded	M20-M25	original engine consumers are promoted by the owning source-integration milestone	ZH_LEGACY_ZH_GAME_ENGINE_SOURCES
GeneralsMD/Code/GameEngine/Include/GameLogic/Module/ProneUpdate.h	excluded	M20-M25	original engine consumers are promoted by the owning source-integration milestone	ZH_LEGACY_ZH_GAME_ENGINE_SOURCES
GeneralsMD/Code/GameEngine/Include/GameLogic/Module/PropagandaCenterBehavior.h	excluded	M20-M25	original engine consumers are promoted by the owning source-integration milestone	ZH_LEGACY_ZH_GAME_ENGINE_SOURCES
GeneralsMD/Code/GameEngine/Include/GameLogic/Module/PropagandaTowerBehavior.h	excluded	M20-M25	original engine consumers are promoted by the owning source-integration milestone	ZH_LEGACY_ZH_GAME_ENGINE_SOURCES
GeneralsMD/Code/GameEngine/Include/GameLogic/Module/QueueProductionExitUpdate.h	excluded	M20-M25	original engine consumers are promoted by the owning source-integration milestone	ZH_LEGACY_ZH_GAME_ENGINE_SOURCES
GeneralsMD/Code/GameEngine/Include/GameLogic/Module/RadarUpdate.h	excluded	M20-M25	original engine consumers are promoted by the owning source-integration milestone	ZH_LEGACY_ZH_GAME_ENGINE_SOURCES
GeneralsMD/Code/GameEngine/Include/GameLogic/Module/RadarUpgrade.h	excluded	M20-M25	original engine consumers are promoted by the owning source-integration milestone	ZH_LEGACY_ZH_GAME_ENGINE_SOURCES
GeneralsMD/Code/GameEngine/Include/GameLogic/Module/RadiusDecalUpdate.h	excluded	M20-M25	original engine consumers are promoted by the owning source-integration milestone	ZH_LEGACY_ZH_GAME_ENGINE_SOURCES
GeneralsMD/Code/GameEngine/Include/GameLogic/Module/RailedTransportAIUpdate.h	excluded	M20-M25	original engine consumers are promoted by the owning source-integration milestone	ZH_LEGACY_ZH_GAME_ENGINE_SOURCES
GeneralsMD/Code/GameEngine/Include/GameLogic/Module/RailedTransportContain.h	excluded	M20-M25	original engine consumers are promoted by the owning source-integration milestone	ZH_LEGACY_ZH_GAME_ENGINE_SOURCES
GeneralsMD/Code/GameEngine/Include/GameLogic/Module/RailedTransportDockUpdate.h	excluded	M20-M25	original engine consumers are promoted by the owning source-integration milestone	ZH_LEGACY_ZH_GAME_ENGINE_SOURCES
GeneralsMD/Code/GameEngine/Include/GameLogic/Module/RailroadGuideAIUpdate.h	excluded	M20-M25	original engine consumers are promoted by the owning source-integration milestone	ZH_LEGACY_ZH_GAME_ENGINE_SOURCES
GeneralsMD/Code/GameEngine/Include/GameLogic/Module/RebuildHoleBehavior.h	excluded	M20-M25	original engine consumers are promoted by the owning source-integration milestone	ZH_LEGACY_ZH_GAME_ENGINE_SOURCES
GeneralsMD/Code/GameEngine/Include/GameLogic/Module/RebuildHoleExposeDie.h	excluded	M20-M25	original engine consumers are promoted by the owning source-integration milestone	ZH_LEGACY_ZH_GAME_ENGINE_SOURCES
GeneralsMD/Code/GameEngine/Include/GameLogic/Module/RepairDockUpdate.h	excluded	M20-M25	original engine consumers are promoted by the owning source-integration milestone	ZH_LEGACY_ZH_GAME_ENGINE_SOURCES
GeneralsMD/Code/GameEngine/Include/GameLogic/Module/ReplaceObjectUpgrade.h	excluded	M20-M25	original engine consumers are promoted by the owning source-integration milestone	ZH_LEGACY_ZH_GAME_ENGINE_SOURCES
GeneralsMD/Code/GameEngine/Include/GameLogic/Module/RiderChangeContain.h	excluded	M20-M25	original engine consumers are promoted by the owning source-integration milestone	ZH_LEGACY_ZH_GAME_ENGINE_SOURCES
GeneralsMD/Code/GameEngine/Include/GameLogic/Module/SabotageCommandCenterCrateCollide.h	excluded	M20-M25	original engine consumers are promoted by the owning source-integration milestone	ZH_LEGACY_ZH_GAME_ENGINE_SOURCES
GeneralsMD/Code/GameEngine/Include/GameLogic/Module/SabotageFakeBuildingCrateCollide.h	excluded	M20-M25	original engine consumers are promoted by the owning source-integration milestone	ZH_LEGACY_ZH_GAME_ENGINE_SOURCES
GeneralsMD/Code/GameEngine/Include/GameLogic/Module/SabotageInternetCenterCrateCollide.h	excluded	M20-M25	original engine consumers are promoted by the owning source-integration milestone	ZH_LEGACY_ZH_GAME_ENGINE_SOURCES
GeneralsMD/Code/GameEngine/Include/GameLogic/Module/SabotageMilitaryFactoryCrateCollide.h	excluded	M20-M25	original engine consumers are promoted by the owning source-integration milestone	ZH_LEGACY_ZH_GAME_ENGINE_SOURCES
GeneralsMD/Code/GameEngine/Include/GameLogic/Module/SabotagePowerPlantCrateCollide.h	excluded	M20-M25	original engine consumers are promoted by the owning source-integration milestone	ZH_LEGACY_ZH_GAME_ENGINE_SOURCES
GeneralsMD/Code/GameEngine/Include/GameLogic/Module/SabotageSuperweaponCrateCollide.h	excluded	M20-M25	original engine consumers are promoted by the owning source-integration milestone	ZH_LEGACY_ZH_GAME_ENGINE_SOURCES
GeneralsMD/Code/GameEngine/Include/GameLogic/Module/SabotageSupplyCenterCrateCollide.h	excluded	M20-M25	original engine consumers are promoted by the owning source-integration milestone	ZH_LEGACY_ZH_GAME_ENGINE_SOURCES
GeneralsMD/Code/GameEngine/Include/GameLogic/Module/SabotageSupplyDropzoneCrateCollide.h	excluded	M20-M25	original engine consumers are promoted by the owning source-integration milestone	ZH_LEGACY_ZH_GAME_ENGINE_SOURCES
GeneralsMD/Code/GameEngine/Include/GameLogic/Module/SalvageCrateCollide.h	excluded	M20-M25	original engine consumers are promoted by the owning source-integration milestone	ZH_LEGACY_ZH_GAME_ENGINE_SOURCES
GeneralsMD/Code/GameEngine/Include/GameLogic/Module/ShroudCrateCollide.h	excluded	M20-M25	original engine consumers are promoted by the owning source-integration milestone	ZH_LEGACY_ZH_GAME_ENGINE_SOURCES
GeneralsMD/Code/GameEngine/Include/GameLogic/Module/SlavedUpdate.h	excluded	M20-M25	original engine consumers are promoted by the owning source-integration milestone	ZH_LEGACY_ZH_GAME_ENGINE_SOURCES
GeneralsMD/Code/GameEngine/Include/GameLogic/Module/SlowDeathBehavior.h	excluded	M20-M25	original engine consumers are promoted by the owning source-integration milestone	ZH_LEGACY_ZH_GAME_ENGINE_SOURCES
GeneralsMD/Code/GameEngine/Include/GameLogic/Module/SmartBombTargetHomingUpdate.h	excluded	M20-M25	original engine consumers are promoted by the owning source-integration milestone	ZH_LEGACY_ZH_GAME_ENGINE_SOURCES
GeneralsMD/Code/GameEngine/Include/GameLogic/Module/SpawnBehavior.h	excluded	M20-M25	original engine consumers are promoted by the owning source-integration milestone	ZH_LEGACY_ZH_GAME_ENGINE_SOURCES
GeneralsMD/Code/GameEngine/Include/GameLogic/Module/SpawnPointProductionExitUpdate.h	excluded	M20-M25	original engine consumers are promoted by the owning source-integration milestone	ZH_LEGACY_ZH_GAME_ENGINE_SOURCES
GeneralsMD/Code/GameEngine/Include/GameLogic/Module/SpecialAbility.h	excluded	M20-M25	original engine consumers are promoted by the owning source-integration milestone	ZH_LEGACY_ZH_GAME_ENGINE_SOURCES
GeneralsMD/Code/GameEngine/Include/GameLogic/Module/SpecialAbilityUpdate.h	excluded	M20-M25	original engine consumers are promoted by the owning source-integration milestone	ZH_LEGACY_ZH_GAME_ENGINE_SOURCES
GeneralsMD/Code/GameEngine/Include/GameLogic/Module/SpecialPowerCompletionDie.h	excluded	M20-M25	original engine consumers are promoted by the owning source-integration milestone	ZH_LEGACY_ZH_GAME_ENGINE_SOURCES
GeneralsMD/Code/GameEngine/Include/GameLogic/Module/SpecialPowerCreate.h	excluded	M20-M25	original engine consumers are promoted by the owning source-integration milestone	ZH_LEGACY_ZH_GAME_ENGINE_SOURCES
GeneralsMD/Code/GameEngine/Include/GameLogic/Module/SpecialPowerModule.h	excluded	M20-M25	original engine consumers are promoted by the owning source-integration milestone	ZH_LEGACY_ZH_GAME_ENGINE_SOURCES
GeneralsMD/Code/GameEngine/Include/GameLogic/Module/SpecialPowerUpdateModule.h	excluded	M20-M25	original engine consumers are promoted by the owning source-integration milestone	ZH_LEGACY_ZH_GAME_ENGINE_SOURCES
GeneralsMD/Code/GameEngine/Include/GameLogic/Module/SpectreGunshipDeploymentUpdate.h	excluded	M20-M25	original engine consumers are promoted by the owning source-integration milestone	ZH_LEGACY_ZH_GAME_ENGINE_SOURCES
GeneralsMD/Code/GameEngine/Include/GameLogic/Module/SpectreGunshipUpdate.h	excluded	M20-M25	original engine consumers are promoted by the owning source-integration milestone	ZH_LEGACY_ZH_GAME_ENGINE_SOURCES
GeneralsMD/Code/GameEngine/Include/GameLogic/Module/SpyVisionSpecialPower.h	excluded	M20-M25	original engine consumers are promoted by the owning source-integration milestone	ZH_LEGACY_ZH_GAME_ENGINE_SOURCES
GeneralsMD/Code/GameEngine/Include/GameLogic/Module/SpyVisionUpdate.h	excluded	M20-M25	original engine consumers are promoted by the owning source-integration milestone	ZH_LEGACY_ZH_GAME_ENGINE_SOURCES
GeneralsMD/Code/GameEngine/Include/GameLogic/Module/SquishCollide.h	excluded	M20-M25	original engine consumers are promoted by the owning source-integration milestone	ZH_LEGACY_ZH_GAME_ENGINE_SOURCES
GeneralsMD/Code/GameEngine/Include/GameLogic/Module/StatusBitsUpgrade.h	excluded	M20-M25	original engine consumers are promoted by the owning source-integration milestone	ZH_LEGACY_ZH_GAME_ENGINE_SOURCES
GeneralsMD/Code/GameEngine/Include/GameLogic/Module/StatusDamageHelper.h	excluded	M20-M25	original engine consumers are promoted by the owning source-integration milestone	ZH_LEGACY_ZH_GAME_ENGINE_SOURCES
GeneralsMD/Code/GameEngine/Include/GameLogic/Module/StealthDetectorUpdate.h	excluded	M20-M25	original engine consumers are promoted by the owning source-integration milestone	ZH_LEGACY_ZH_GAME_ENGINE_SOURCES
GeneralsMD/Code/GameEngine/Include/GameLogic/Module/StealthUpdate.h	excluded	M20-M25	original engine consumers are promoted by the owning source-integration milestone	ZH_LEGACY_ZH_GAME_ENGINE_SOURCES
GeneralsMD/Code/GameEngine/Include/GameLogic/Module/StealthUpgrade.h	excluded	M20-M25	original engine consumers are promoted by the owning source-integration milestone	ZH_LEGACY_ZH_GAME_ENGINE_SOURCES
GeneralsMD/Code/GameEngine/Include/GameLogic/Module/StickyBombUpdate.h	excluded	M20-M25	original engine consumers are promoted by the owning source-integration milestone	ZH_LEGACY_ZH_GAME_ENGINE_SOURCES
GeneralsMD/Code/GameEngine/Include/GameLogic/Module/StructureBody.h	excluded	M20-M25	original engine consumers are promoted by the owning source-integration milestone	ZH_LEGACY_ZH_GAME_ENGINE_SOURCES
GeneralsMD/Code/GameEngine/Include/GameLogic/Module/StructureCollapseUpdate.h	excluded	M20-M25	original engine consumers are promoted by the owning source-integration milestone	ZH_LEGACY_ZH_GAME_ENGINE_SOURCES
GeneralsMD/Code/GameEngine/Include/GameLogic/Module/StructureToppleUpdate.h	excluded	M20-M25	original engine consumers are promoted by the owning source-integration milestone	ZH_LEGACY_ZH_GAME_ENGINE_SOURCES
GeneralsMD/Code/GameEngine/Include/GameLogic/Module/SubObjectsUpgrade.h	excluded	M20-M25	original engine consumers are promoted by the owning source-integration milestone	ZH_LEGACY_ZH_GAME_ENGINE_SOURCES
GeneralsMD/Code/GameEngine/Include/GameLogic/Module/SubdualDamageHelper.h	excluded	M20-M25	original engine consumers are promoted by the owning source-integration milestone	ZH_LEGACY_ZH_GAME_ENGINE_SOURCES
GeneralsMD/Code/GameEngine/Include/GameLogic/Module/SupplyCenterCreate.h	excluded	M20-M25	original engine consumers are promoted by the owning source-integration milestone	ZH_LEGACY_ZH_GAME_ENGINE_SOURCES
GeneralsMD/Code/GameEngine/Include/GameLogic/Module/SupplyCenterDockUpdate.h	excluded	M20-M25	original engine consumers are promoted by the owning source-integration milestone	ZH_LEGACY_ZH_GAME_ENGINE_SOURCES
GeneralsMD/Code/GameEngine/Include/GameLogic/Module/SupplyCenterProductionExitUpdate.h	excluded	M20-M25	original engine consumers are promoted by the owning source-integration milestone	ZH_LEGACY_ZH_GAME_ENGINE_SOURCES
GeneralsMD/Code/GameEngine/Include/GameLogic/Module/SupplyTruckAIUpdate.h	excluded	M20-M25	original engine consumers are promoted by the owning source-integration milestone	ZH_LEGACY_ZH_GAME_ENGINE_SOURCES
GeneralsMD/Code/GameEngine/Include/GameLogic/Module/SupplyWarehouseCreate.h	excluded	M20-M25	original engine consumers are promoted by the owning source-integration milestone	ZH_LEGACY_ZH_GAME_ENGINE_SOURCES
GeneralsMD/Code/GameEngine/Include/GameLogic/Module/SupplyWarehouseCripplingBehavior.h	excluded	M20-M25	original engine consumers are promoted by the owning source-integration milestone	ZH_LEGACY_ZH_GAME_ENGINE_SOURCES
GeneralsMD/Code/GameEngine/Include/GameLogic/Module/SupplyWarehouseDockUpdate.h	excluded	M20-M25	original engine consumers are promoted by the owning source-integration milestone	ZH_LEGACY_ZH_GAME_ENGINE_SOURCES
GeneralsMD/Code/GameEngine/Include/GameLogic/Module/TechBuildingBehavior.h	excluded	M20-M25	original engine consumers are promoted by the owning source-integration milestone	ZH_LEGACY_ZH_GAME_ENGINE_SOURCES
GeneralsMD/Code/GameEngine/Include/GameLogic/Module/TempWeaponBonusHelper.h	excluded	M20-M25	original engine consumers are promoted by the owning source-integration milestone	ZH_LEGACY_ZH_GAME_ENGINE_SOURCES
GeneralsMD/Code/GameEngine/Include/GameLogic/Module/TensileFormationUpdate.h	excluded	M20-M25	original engine consumers are promoted by the owning source-integration milestone	ZH_LEGACY_ZH_GAME_ENGINE_SOURCES
GeneralsMD/Code/GameEngine/Include/GameLogic/Module/ToppleUpdate.h	excluded	M20-M25	original engine consumers are promoted by the owning source-integration milestone	ZH_LEGACY_ZH_GAME_ENGINE_SOURCES
GeneralsMD/Code/GameEngine/Include/GameLogic/Module/TransitionDamageFX.h	excluded	M20-M25	original engine consumers are promoted by the owning source-integration milestone	ZH_LEGACY_ZH_GAME_ENGINE_SOURCES
GeneralsMD/Code/GameEngine/Include/GameLogic/Module/TransportAIUpdate.h	excluded	M20-M25	original engine consumers are promoted by the owning source-integration milestone	ZH_LEGACY_ZH_GAME_ENGINE_SOURCES
GeneralsMD/Code/GameEngine/Include/GameLogic/Module/TransportContain.h	excluded	M20-M25	original engine consumers are promoted by the owning source-integration milestone	ZH_LEGACY_ZH_GAME_ENGINE_SOURCES
GeneralsMD/Code/GameEngine/Include/GameLogic/Module/TunnelContain.h	excluded	M20-M25	original engine consumers are promoted by the owning source-integration milestone	ZH_LEGACY_ZH_GAME_ENGINE_SOURCES
GeneralsMD/Code/GameEngine/Include/GameLogic/Module/UndeadBody.h	excluded	M20-M25	original engine consumers are promoted by the owning source-integration milestone	ZH_LEGACY_ZH_GAME_ENGINE_SOURCES
GeneralsMD/Code/GameEngine/Include/GameLogic/Module/UnitCrateCollide.h	excluded	M20-M25	original engine consumers are promoted by the owning source-integration milestone	ZH_LEGACY_ZH_GAME_ENGINE_SOURCES
GeneralsMD/Code/GameEngine/Include/GameLogic/Module/UnpauseSpecialPowerUpgrade.h	excluded	M20-M25	original engine consumers are promoted by the owning source-integration milestone	ZH_LEGACY_ZH_GAME_ENGINE_SOURCES
GeneralsMD/Code/GameEngine/Include/GameLogic/Module/UpdateModule.h	excluded	M20-M25	original engine consumers are promoted by the owning source-integration milestone	ZH_LEGACY_ZH_GAME_ENGINE_SOURCES
GeneralsMD/Code/GameEngine/Include/GameLogic/Module/UpgradeDie.h	excluded	M20-M25	original engine consumers are promoted by the owning source-integration milestone	ZH_LEGACY_ZH_GAME_ENGINE_SOURCES
GeneralsMD/Code/GameEngine/Include/GameLogic/Module/UpgradeModule.h	excluded	M20-M25	original engine consumers are promoted by the owning source-integration milestone	ZH_LEGACY_ZH_GAME_ENGINE_SOURCES
GeneralsMD/Code/GameEngine/Include/GameLogic/Module/VeterancyCrateCollide.h	excluded	M20-M25	original engine consumers are promoted by the owning source-integration milestone	ZH_LEGACY_ZH_GAME_ENGINE_SOURCES
GeneralsMD/Code/GameEngine/Include/GameLogic/Module/VeterancyGainCreate.h	excluded	M20-M25	original engine consumers are promoted by the owning source-integration milestone	ZH_LEGACY_ZH_GAME_ENGINE_SOURCES
GeneralsMD/Code/GameEngine/Include/GameLogic/Module/WanderAIUpdate.h	excluded	M20-M25	original engine consumers are promoted by the owning source-integration milestone	ZH_LEGACY_ZH_GAME_ENGINE_SOURCES
GeneralsMD/Code/GameEngine/Include/GameLogic/Module/WaveGuideUpdate.h	excluded	M20-M25	original engine consumers are promoted by the owning source-integration milestone	ZH_LEGACY_ZH_GAME_ENGINE_SOURCES
GeneralsMD/Code/GameEngine/Include/GameLogic/Module/WeaponBonusUpdate.h	excluded	M20-M25	original engine consumers are promoted by the owning source-integration milestone	ZH_LEGACY_ZH_GAME_ENGINE_SOURCES
GeneralsMD/Code/GameEngine/Include/GameLogic/Module/WeaponBonusUpgrade.h	excluded	M20-M25	original engine consumers are promoted by the owning source-integration milestone	ZH_LEGACY_ZH_GAME_ENGINE_SOURCES
GeneralsMD/Code/GameEngine/Include/GameLogic/Module/WeaponSetUpgrade.h	excluded	M20-M25	original engine consumers are promoted by the owning source-integration milestone	ZH_LEGACY_ZH_GAME_ENGINE_SOURCES
GeneralsMD/Code/GameEngine/Include/GameLogic/Module/WorkerAIUpdate.h	excluded	M20-M25	original engine consumers are promoted by the owning source-integration milestone	ZH_LEGACY_ZH_GAME_ENGINE_SOURCES
GeneralsMD/Code/GameEngine/Include/GameLogic/Object.h	excluded	M20-M25	original engine consumers are promoted by the owning source-integration milestone	ZH_LEGACY_ZH_GAME_ENGINE_SOURCES
GeneralsMD/Code/GameEngine/Include/GameLogic/ObjectCreationList.h	excluded	M20-M25	original engine consumers are promoted by the owning source-integration milestone	ZH_LEGACY_ZH_GAME_ENGINE_SOURCES
GeneralsMD/Code/GameEngine/Include/GameLogic/ObjectIter.h	excluded	M20-M25	original engine consumers are promoted by the owning source-integration milestone	ZH_LEGACY_ZH_GAME_ENGINE_SOURCES
GeneralsMD/Code/GameEngine/Include/GameLogic/ObjectScriptStatusBits.h	excluded	M20-M25	original engine consumers are promoted by the owning source-integration milestone	ZH_LEGACY_ZH_GAME_ENGINE_SOURCES
GeneralsMD/Code/GameEngine/Include/GameLogic/ObjectTypes.h	excluded	M20-M25	original engine consumers are promoted by the owning source-integration milestone	ZH_LEGACY_ZH_GAME_ENGINE_SOURCES
GeneralsMD/Code/GameEngine/Include/GameLogic/PartitionManager.h	excluded	M20-M25	original engine consumers are promoted by the owning source-integration milestone	ZH_LEGACY_ZH_GAME_ENGINE_SOURCES
GeneralsMD/Code/GameEngine/Include/GameLogic/PolygonTrigger.h	excluded	M20-M25	original engine consumers are promoted by the owning source-integration milestone	ZH_LEGACY_ZH_GAME_ENGINE_SOURCES
GeneralsMD/Code/GameEngine/Include/GameLogic/Powers.h	excluded	M20-M25	original engine consumers are promoted by the owning source-integration milestone	ZH_LEGACY_ZH_GAME_ENGINE_SOURCES
GeneralsMD/Code/GameEngine/Include/GameLogic/RankInfo.h	excluded	M20-M25	original engine consumers are promoted by the owning source-integration milestone	ZH_LEGACY_ZH_GAME_ENGINE_SOURCES
GeneralsMD/Code/GameEngine/Include/GameLogic/ScriptActions.h	excluded	M20-M25	original engine consumers are promoted by the owning source-integration milestone	ZH_LEGACY_ZH_GAME_ENGINE_SOURCES
GeneralsMD/Code/GameEngine/Include/GameLogic/ScriptConditions.h	excluded	M20-M25	original engine consumers are promoted by the owning source-integration milestone	ZH_LEGACY_ZH_GAME_ENGINE_SOURCES
GeneralsMD/Code/GameEngine/Include/GameLogic/ScriptEngine.h	excluded	M20-M25	original engine consumers are promoted by the owning source-integration milestone	ZH_LEGACY_ZH_GAME_ENGINE_SOURCES
GeneralsMD/Code/GameEngine/Include/GameLogic/Scripts.h	excluded	M20-M25	original engine consumers are promoted by the owning source-integration milestone	ZH_LEGACY_ZH_GAME_ENGINE_SOURCES
GeneralsMD/Code/GameEngine/Include/GameLogic/SidesList.h	excluded	M20-M25	original engine consumers are promoted by the owning source-integration milestone	ZH_LEGACY_ZH_GAME_ENGINE_SOURCES
GeneralsMD/Code/GameEngine/Include/GameLogic/Squad.h	excluded	M20-M25	original engine consumers are promoted by the owning source-integration milestone	ZH_LEGACY_ZH_GAME_ENGINE_SOURCES
GeneralsMD/Code/GameEngine/Include/GameLogic/TerrainLogic.h	excluded	M20-M25	original engine consumers are promoted by the owning source-integration milestone	ZH_LEGACY_ZH_GAME_ENGINE_SOURCES
GeneralsMD/Code/GameEngine/Include/GameLogic/TurretAI.h	excluded	M20-M25	original engine consumers are promoted by the owning source-integration milestone	ZH_LEGACY_ZH_GAME_ENGINE_SOURCES
GeneralsMD/Code/GameEngine/Include/GameLogic/VictoryConditions.h	excluded	M20-M25	original engine consumers are promoted by the owning source-integration milestone	ZH_LEGACY_ZH_GAME_ENGINE_SOURCES
GeneralsMD/Code/GameEngine/Include/GameLogic/Weapon.h	excluded	M20-M25	original engine consumers are promoted by the owning source-integration milestone	ZH_LEGACY_ZH_GAME_ENGINE_SOURCES
GeneralsMD/Code/GameEngine/Include/GameLogic/WeaponBonusConditionFlags.h	excluded	M20-M25	original engine consumers are promoted by the owning source-integration milestone	ZH_LEGACY_ZH_GAME_ENGINE_SOURCES
GeneralsMD/Code/GameEngine/Include/GameLogic/WeaponSet.h	excluded	M20-M25	original engine consumers are promoted by the owning source-integration milestone	ZH_LEGACY_ZH_GAME_ENGINE_SOURCES
GeneralsMD/Code/GameEngine/Include/GameLogic/WeaponSetFlags.h	excluded	M20-M25	original engine consumers are promoted by the owning source-integration milestone	ZH_LEGACY_ZH_GAME_ENGINE_SOURCES
GeneralsMD/Code/GameEngine/Include/GameLogic/WeaponSetType.h	excluded	M20-M25	original engine consumers are promoted by the owning source-integration milestone	ZH_LEGACY_ZH_GAME_ENGINE_SOURCES
GeneralsMD/Code/GameEngine/Include/GameLogic/WeaponStatus.h	excluded	M20-M25	original engine consumers are promoted by the owning source-integration milestone	ZH_LEGACY_ZH_GAME_ENGINE_SOURCES
GeneralsMD/Code/GameEngine/Include/GameNetwork/Connection.h	excluded	M20-M25	original engine consumers are promoted by the owning source-integration milestone	ZH_LEGACY_ZH_GAME_ENGINE_SOURCES
GeneralsMD/Code/GameEngine/Include/GameNetwork/ConnectionManager.h	excluded	M20-M25	original engine consumers are promoted by the owning source-integration milestone	ZH_LEGACY_ZH_GAME_ENGINE_SOURCES
GeneralsMD/Code/GameEngine/Include/GameNetwork/DisconnectManager.h	excluded	M20-M25	original engine consumers are promoted by the owning source-integration milestone	ZH_LEGACY_ZH_GAME_ENGINE_SOURCES
GeneralsMD/Code/GameEngine/Include/GameNetwork/DownloadManager.h	excluded	none	retired download service path	ZH_LEGACY_EXCLUDED_SOURCE_RECORDS
GeneralsMD/Code/GameEngine/Include/GameNetwork/FileTransfer.h	excluded	M20-M25	original engine consumers are promoted by the owning source-integration milestone	ZH_LEGACY_ZH_GAME_ENGINE_SOURCES
GeneralsMD/Code/GameEngine/Include/GameNetwork/FirewallHelper.h	excluded	M20-M25	original engine consumers are promoted by the owning source-integration milestone	ZH_LEGACY_ZH_GAME_ENGINE_SOURCES
GeneralsMD/Code/GameEngine/Include/GameNetwork/FrameData.h	excluded	M20-M25	original engine consumers are promoted by the owning source-integration milestone	ZH_LEGACY_ZH_GAME_ENGINE_SOURCES
GeneralsMD/Code/GameEngine/Include/GameNetwork/FrameDataManager.h	excluded	M20-M25	original engine consumers are promoted by the owning source-integration milestone	ZH_LEGACY_ZH_GAME_ENGINE_SOURCES
GeneralsMD/Code/GameEngine/Include/GameNetwork/FrameMetrics.h	excluded	M20-M25	original engine consumers are promoted by the owning source-integration milestone	ZH_LEGACY_ZH_GAME_ENGINE_SOURCES
GeneralsMD/Code/GameEngine/Include/GameNetwork/GUIUtil.h	excluded	M20-M25	original engine consumers are promoted by the owning source-integration milestone	ZH_LEGACY_ZH_GAME_ENGINE_SOURCES
GeneralsMD/Code/GameEngine/Include/GameNetwork/GameInfo.h	excluded	M20-M25	original engine consumers are promoted by the owning source-integration milestone	ZH_LEGACY_ZH_GAME_ENGINE_SOURCES
GeneralsMD/Code/GameEngine/Include/GameNetwork/GameMessageParser.h	excluded	M20-M25	original engine consumers are promoted by the owning source-integration milestone	ZH_LEGACY_ZH_GAME_ENGINE_SOURCES
GeneralsMD/Code/GameEngine/Include/GameNetwork/GameSpy.h	excluded	none	manifest input is absent from the repository or outside its source boundary	ZH_LEGACY_UNAVAILABLE_SOURCE_RECORDS
GeneralsMD/Code/GameEngine/Include/GameNetwork/GameSpy/BuddyDefs.h	excluded	none	retired GameSpy service path	ZH_LEGACY_EXCLUDED_SOURCE_RECORDS
GeneralsMD/Code/GameEngine/Include/GameNetwork/GameSpy/BuddyThread.h	excluded	none	retired GameSpy service path	ZH_LEGACY_EXCLUDED_SOURCE_RECORDS
GeneralsMD/Code/GameEngine/Include/GameNetwork/GameSpy/GSConfig.h	excluded	none	retired GameSpy service path	ZH_LEGACY_EXCLUDED_SOURCE_RECORDS
GeneralsMD/Code/GameEngine/Include/GameNetwork/GameSpy/GameResultsThread.h	excluded	none	retired GameSpy service path	ZH_LEGACY_EXCLUDED_SOURCE_RECORDS
GeneralsMD/Code/GameEngine/Include/GameNetwork/GameSpy/LadderDefs.h	excluded	none	retired GameSpy service path	ZH_LEGACY_EXCLUDED_SOURCE_RECORDS
GeneralsMD/Code/GameEngine/Include/GameNetwork/GameSpy/LobbyUtils.h	excluded	none	retired GameSpy service path	ZH_LEGACY_EXCLUDED_SOURCE_RECORDS
GeneralsMD/Code/GameEngine/Include/GameNetwork/GameSpy/MainMenuUtils.h	excluded	none	retired GameSpy service path	ZH_LEGACY_EXCLUDED_SOURCE_RECORDS
GeneralsMD/Code/GameEngine/Include/GameNetwork/GameSpy/PeerDefs.h	excluded	none	retired GameSpy service path	ZH_LEGACY_EXCLUDED_SOURCE_RECORDS
GeneralsMD/Code/GameEngine/Include/GameNetwork/GameSpy/PeerDefsImplementation.h	excluded	none	retired GameSpy service path	ZH_LEGACY_EXCLUDED_SOURCE_RECORDS
GeneralsMD/Code/GameEngine/Include/GameNetwork/GameSpy/PeerThread.h	excluded	none	retired GameSpy service path	ZH_LEGACY_EXCLUDED_SOURCE_RECORDS
GeneralsMD/Code/GameEngine/Include/GameNetwork/GameSpy/PersistentStorageDefs.h	excluded	none	retired GameSpy service path	ZH_LEGACY_EXCLUDED_SOURCE_RECORDS
GeneralsMD/Code/GameEngine/Include/GameNetwork/GameSpy/PersistentStorageThread.h	excluded	none	retired GameSpy service path	ZH_LEGACY_EXCLUDED_SOURCE_RECORDS
GeneralsMD/Code/GameEngine/Include/GameNetwork/GameSpy/PingThread.h	excluded	none	retired GameSpy service path	ZH_LEGACY_EXCLUDED_SOURCE_RECORDS
GeneralsMD/Code/GameEngine/Include/GameNetwork/GameSpy/StagingRoomGameInfo.h	excluded	none	retired GameSpy service path	ZH_LEGACY_EXCLUDED_SOURCE_RECORDS
GeneralsMD/Code/GameEngine/Include/GameNetwork/GameSpy/ThreadUtils.h	excluded	none	retired GameSpy service path	ZH_LEGACY_EXCLUDED_SOURCE_RECORDS
GeneralsMD/Code/GameEngine/Include/GameNetwork/GameSpyChat.h	excluded	none	retired GameSpy service path	ZH_LEGACY_EXCLUDED_SOURCE_RECORDS
GeneralsMD/Code/GameEngine/Include/GameNetwork/GameSpyGP.h	excluded	none	retired GameSpy service path	ZH_LEGACY_EXCLUDED_SOURCE_RECORDS
GeneralsMD/Code/GameEngine/Include/GameNetwork/GameSpyGameInfo.h	excluded	none	retired GameSpy service path	ZH_LEGACY_EXCLUDED_SOURCE_RECORDS
GeneralsMD/Code/GameEngine/Include/GameNetwork/GameSpyOverlay.h	excluded	none	retired GameSpy service path	ZH_LEGACY_EXCLUDED_SOURCE_RECORDS
GeneralsMD/Code/GameEngine/Include/GameNetwork/GameSpyPersistentStorage.h	excluded	none	manifest input is absent from the repository or outside its source boundary	ZH_LEGACY_UNAVAILABLE_SOURCE_RECORDS
GeneralsMD/Code/GameEngine/Include/GameNetwork/GameSpyThread.h	excluded	none	retired GameSpy service path	ZH_LEGACY_EXCLUDED_SOURCE_RECORDS
GeneralsMD/Code/GameEngine/Include/GameNetwork/IPEnumeration.h	excluded	M20-M25	original engine consumers are promoted by the owning source-integration milestone	ZH_LEGACY_ZH_GAME_ENGINE_SOURCES
GeneralsMD/Code/GameEngine/Include/GameNetwork/LANAPI.h	excluded	M20-M25	original engine consumers are promoted by the owning source-integration milestone	ZH_LEGACY_ZH_GAME_ENGINE_SOURCES
GeneralsMD/Code/GameEngine/Include/GameNetwork/LANAPICallbacks.h	excluded	M20-M25	original engine consumers are promoted by the owning source-integration milestone	ZH_LEGACY_ZH_GAME_ENGINE_SOURCES
GeneralsMD/Code/GameEngine/Include/GameNetwork/LANGameInfo.h	excluded	M20-M25	original engine consumers are promoted by the owning source-integration milestone	ZH_LEGACY_ZH_GAME_ENGINE_SOURCES
GeneralsMD/Code/GameEngine/Include/GameNetwork/LANPlayer.h	excluded	M20-M25	original engine consumers are promoted by the owning source-integration milestone	ZH_LEGACY_ZH_GAME_ENGINE_SOURCES
GeneralsMD/Code/GameEngine/Include/GameNetwork/NAT.h	excluded	M20-M25	original engine consumers are promoted by the owning source-integration milestone	ZH_LEGACY_ZH_GAME_ENGINE_SOURCES
GeneralsMD/Code/GameEngine/Include/GameNetwork/NetCommandList.h	excluded	M20-M25	original engine consumers are promoted by the owning source-integration milestone	ZH_LEGACY_ZH_GAME_ENGINE_SOURCES
GeneralsMD/Code/GameEngine/Include/GameNetwork/NetCommandMsg.h	excluded	M20-M25	original engine consumers are promoted by the owning source-integration milestone	ZH_LEGACY_ZH_GAME_ENGINE_SOURCES
GeneralsMD/Code/GameEngine/Include/GameNetwork/NetCommandRef.h	excluded	M20-M25	original engine consumers are promoted by the owning source-integration milestone	ZH_LEGACY_ZH_GAME_ENGINE_SOURCES
GeneralsMD/Code/GameEngine/Include/GameNetwork/NetCommandWrapperList.h	excluded	M20-M25	original engine consumers are promoted by the owning source-integration milestone	ZH_LEGACY_ZH_GAME_ENGINE_SOURCES
GeneralsMD/Code/GameEngine/Include/GameNetwork/NetPacket.h	excluded	M20-M25	original engine consumers are promoted by the owning source-integration milestone	ZH_LEGACY_ZH_GAME_ENGINE_SOURCES
GeneralsMD/Code/GameEngine/Include/GameNetwork/NetworkDefs.h	excluded	M20-M25	original engine consumers are promoted by the owning source-integration milestone	ZH_LEGACY_ZH_GAME_ENGINE_SOURCES
GeneralsMD/Code/GameEngine/Include/GameNetwork/NetworkInterface.h	excluded	M20-M25	original engine consumers are promoted by the owning source-integration milestone	ZH_LEGACY_ZH_GAME_ENGINE_SOURCES
GeneralsMD/Code/GameEngine/Include/GameNetwork/RankPointValue.h	excluded	M20-M25	original engine consumers are promoted by the owning source-integration milestone	ZH_LEGACY_ZH_GAME_ENGINE_SOURCES
GeneralsMD/Code/GameEngine/Include/GameNetwork/Transport.h	excluded	M20-M25	original engine consumers are promoted by the owning source-integration milestone	ZH_LEGACY_ZH_GAME_ENGINE_SOURCES
GeneralsMD/Code/GameEngine/Include/GameNetwork/User.h	excluded	M20-M25	original engine consumers are promoted by the owning source-integration milestone	ZH_LEGACY_ZH_GAME_ENGINE_SOURCES
GeneralsMD/Code/GameEngine/Include/GameNetwork/WOLBrowser/FEBDispatch.h	excluded	none	retired online-service path	ZH_LEGACY_EXCLUDED_SOURCE_RECORDS
GeneralsMD/Code/GameEngine/Include/GameNetwork/WOLBrowser/WebBrowser.h	excluded	none	retired online-service path	ZH_LEGACY_EXCLUDED_SOURCE_RECORDS
GeneralsMD/Code/GameEngine/Include/GameNetwork/networkutil.h	excluded	M20-M25	original engine consumers are promoted by the owning source-integration milestone	ZH_LEGACY_ZH_GAME_ENGINE_SOURCES
GeneralsMD/Code/GameEngine/Include/GameNetwork/udp.h	excluded	M20-M25	original engine consumers are promoted by the owning source-integration milestone	ZH_LEGACY_ZH_GAME_ENGINE_SOURCES
GeneralsMD/Code/GameEngine/Include/Precompiled/PreRTS.h	excluded	M20-M25	original engine consumers are promoted by the owning source-integration milestone	ZH_LEGACY_ZH_GAME_ENGINE_SOURCES
GeneralsMD/Code/GameEngine/Source/Common/Audio/AudioEventRTS.cpp	excluded	M20-M25	original engine consumers are promoted by the owning source-integration milestone	ZH_LEGACY_ZH_GAME_ENGINE_SOURCES
GeneralsMD/Code/GameEngine/Source/Common/Audio/AudioRequest.cpp	excluded	M20-M25	original engine consumers are promoted by the owning source-integration milestone	ZH_LEGACY_ZH_GAME_ENGINE_SOURCES
GeneralsMD/Code/GameEngine/Source/Common/Audio/DynamicAudioEventInfo.cpp	excluded	M20-M25	original engine consumers are promoted by the owning source-integration milestone	ZH_LEGACY_ZH_GAME_ENGINE_SOURCES
GeneralsMD/Code/GameEngine/Source/Common/Audio/GameAudio.cpp	excluded	M20-M25	original engine consumers are promoted by the owning source-integration milestone	ZH_LEGACY_ZH_GAME_ENGINE_SOURCES
GeneralsMD/Code/GameEngine/Source/Common/Audio/GameMusic.cpp	excluded	M20-M25	original engine consumers are promoted by the owning source-integration milestone	ZH_LEGACY_ZH_GAME_ENGINE_SOURCES
GeneralsMD/Code/GameEngine/Source/Common/Audio/GameSounds.cpp	excluded	M20-M25	original engine consumers are promoted by the owning source-integration milestone	ZH_LEGACY_ZH_GAME_ENGINE_SOURCES
GeneralsMD/Code/GameEngine/Source/Common/Bezier/BezFwdIterator.cpp	excluded	M20-M25	original engine consumers are promoted by the owning source-integration milestone	ZH_LEGACY_ZH_GAME_ENGINE_SOURCES
GeneralsMD/Code/GameEngine/Source/Common/Bezier/BezierSegment.cpp	excluded	M20-M25	original engine consumers are promoted by the owning source-integration milestone	ZH_LEGACY_ZH_GAME_ENGINE_SOURCES
GeneralsMD/Code/GameEngine/Source/Common/BitFlags.cpp	excluded	M20-M25	original engine consumers are promoted by the owning source-integration milestone	ZH_LEGACY_ZH_GAME_ENGINE_SOURCES
GeneralsMD/Code/GameEngine/Source/Common/CRCDebug.cpp	excluded	M20-M25	original engine consumers are promoted by the owning source-integration milestone	ZH_LEGACY_ZH_GAME_ENGINE_SOURCES
GeneralsMD/Code/GameEngine/Source/Common/CommandLine.cpp	excluded	M20-M25	original engine consumers are promoted by the owning source-integration milestone	ZH_LEGACY_ZH_GAME_ENGINE_SOURCES
GeneralsMD/Code/GameEngine/Source/Common/DamageFX.cpp	excluded	M20-M25	original engine consumers are promoted by the owning source-integration milestone	ZH_LEGACY_ZH_GAME_ENGINE_SOURCES
GeneralsMD/Code/GameEngine/Source/Common/Dict.cpp	excluded	M20-M25	original engine consumers are promoted by the owning source-integration milestone	ZH_LEGACY_ZH_GAME_ENGINE_SOURCES
GeneralsMD/Code/GameEngine/Source/Common/DiscreteCircle.cpp	excluded	M20-M25	original engine consumers are promoted by the owning source-integration milestone	ZH_LEGACY_ZH_GAME_ENGINE_SOURCES
GeneralsMD/Code/GameEngine/Source/Common/GameEngine.cpp	excluded	M20-M25	original engine consumers are promoted by the owning source-integration milestone	ZH_LEGACY_ZH_GAME_ENGINE_SOURCES
GeneralsMD/Code/GameEngine/Source/Common/GameLOD.cpp	excluded	M20-M25	original engine consumers are promoted by the owning source-integration milestone	ZH_LEGACY_ZH_GAME_ENGINE_SOURCES
GeneralsMD/Code/GameEngine/Source/Common/GameMain.cpp	excluded	M20-M25	original engine consumers are promoted by the owning source-integration milestone	ZH_LEGACY_ZH_GAME_ENGINE_SOURCES
GeneralsMD/Code/GameEngine/Source/Common/GlobalData.cpp	excluded	M20-M25	original engine consumers are promoted by the owning source-integration milestone	ZH_LEGACY_ZH_GAME_ENGINE_SOURCES
GeneralsMD/Code/GameEngine/Source/Common/INI/INI.cpp	excluded	M20-M25	original engine consumers are promoted by the owning source-integration milestone	ZH_LEGACY_ZH_GAME_ENGINE_SOURCES
GeneralsMD/Code/GameEngine/Source/Common/INI/INIAiData.cpp	excluded	M20-M25	original engine consumers are promoted by the owning source-integration milestone	ZH_LEGACY_ZH_GAME_ENGINE_SOURCES
GeneralsMD/Code/GameEngine/Source/Common/INI/INIAnimation.cpp	excluded	M20-M25	original engine consumers are promoted by the owning source-integration milestone	ZH_LEGACY_ZH_GAME_ENGINE_SOURCES
GeneralsMD/Code/GameEngine/Source/Common/INI/INIAudioEventInfo.cpp	excluded	M20-M25	original engine consumers are promoted by the owning source-integration milestone	ZH_LEGACY_ZH_GAME_ENGINE_SOURCES
GeneralsMD/Code/GameEngine/Source/Common/INI/INICommandButton.cpp	excluded	M20-M25	original engine consumers are promoted by the owning source-integration milestone	ZH_LEGACY_ZH_GAME_ENGINE_SOURCES
GeneralsMD/Code/GameEngine/Source/Common/INI/INICommandSet.cpp	excluded	M20-M25	original engine consumers are promoted by the owning source-integration milestone	ZH_LEGACY_ZH_GAME_ENGINE_SOURCES
GeneralsMD/Code/GameEngine/Source/Common/INI/INIControlBarScheme.cpp	excluded	M20-M25	original engine consumers are promoted by the owning source-integration milestone	ZH_LEGACY_ZH_GAME_ENGINE_SOURCES
GeneralsMD/Code/GameEngine/Source/Common/INI/INICrate.cpp	excluded	M20-M25	original engine consumers are promoted by the owning source-integration milestone	ZH_LEGACY_ZH_GAME_ENGINE_SOURCES
GeneralsMD/Code/GameEngine/Source/Common/INI/INIDamageFX.cpp	excluded	M20-M25	original engine consumers are promoted by the owning source-integration milestone	ZH_LEGACY_ZH_GAME_ENGINE_SOURCES
GeneralsMD/Code/GameEngine/Source/Common/INI/INIDrawGroupInfo.cpp	excluded	M20-M25	original engine consumers are promoted by the owning source-integration milestone	ZH_LEGACY_ZH_GAME_ENGINE_SOURCES
GeneralsMD/Code/GameEngine/Source/Common/INI/INIGameData.cpp	excluded	M20-M25	original engine consumers are promoted by the owning source-integration milestone	ZH_LEGACY_ZH_GAME_ENGINE_SOURCES
GeneralsMD/Code/GameEngine/Source/Common/INI/INIMapCache.cpp	excluded	M20-M25	original engine consumers are promoted by the owning source-integration milestone	ZH_LEGACY_ZH_GAME_ENGINE_SOURCES
GeneralsMD/Code/GameEngine/Source/Common/INI/INIMapData.cpp	excluded	M20-M25	original engine consumers are promoted by the owning source-integration milestone	ZH_LEGACY_ZH_GAME_ENGINE_SOURCES
GeneralsMD/Code/GameEngine/Source/Common/INI/INIMappedImage.cpp	excluded	M20-M25	original engine consumers are promoted by the owning source-integration milestone	ZH_LEGACY_ZH_GAME_ENGINE_SOURCES
GeneralsMD/Code/GameEngine/Source/Common/INI/INIMiscAudio.cpp	excluded	M20-M25	original engine consumers are promoted by the owning source-integration milestone	ZH_LEGACY_ZH_GAME_ENGINE_SOURCES
GeneralsMD/Code/GameEngine/Source/Common/INI/INIModel.cpp	excluded	M20-M25	original engine consumers are promoted by the owning source-integration milestone	ZH_LEGACY_ZH_GAME_ENGINE_SOURCES
GeneralsMD/Code/GameEngine/Source/Common/INI/INIMultiplayer.cpp	excluded	M20-M25	original engine consumers are promoted by the owning source-integration milestone	ZH_LEGACY_ZH_GAME_ENGINE_SOURCES
GeneralsMD/Code/GameEngine/Source/Common/INI/INIObject.cpp	excluded	M20-M25	original engine consumers are promoted by the owning source-integration milestone	ZH_LEGACY_ZH_GAME_ENGINE_SOURCES
GeneralsMD/Code/GameEngine/Source/Common/INI/INIParticleSys.cpp	excluded	M20-M25	original engine consumers are promoted by the owning source-integration milestone	ZH_LEGACY_ZH_GAME_ENGINE_SOURCES
GeneralsMD/Code/GameEngine/Source/Common/INI/INISpecialPower.cpp	excluded	M20-M25	original engine consumers are promoted by the owning source-integration milestone	ZH_LEGACY_ZH_GAME_ENGINE_SOURCES
GeneralsMD/Code/GameEngine/Source/Common/INI/INITerrain.cpp	excluded	M20-M25	original engine consumers are promoted by the owning source-integration milestone	ZH_LEGACY_ZH_GAME_ENGINE_SOURCES
GeneralsMD/Code/GameEngine/Source/Common/INI/INITerrainBridge.cpp	excluded	M20-M25	original engine consumers are promoted by the owning source-integration milestone	ZH_LEGACY_ZH_GAME_ENGINE_SOURCES
GeneralsMD/Code/GameEngine/Source/Common/INI/INITerrainRoad.cpp	excluded	M20-M25	original engine consumers are promoted by the owning source-integration milestone	ZH_LEGACY_ZH_GAME_ENGINE_SOURCES
GeneralsMD/Code/GameEngine/Source/Common/INI/INIUpgrade.cpp	excluded	M20-M25	original engine consumers are promoted by the owning source-integration milestone	ZH_LEGACY_ZH_GAME_ENGINE_SOURCES
GeneralsMD/Code/GameEngine/Source/Common/INI/INIVideo.cpp	excluded	M20-M25	original engine consumers are promoted by the owning source-integration milestone	ZH_LEGACY_ZH_GAME_ENGINE_SOURCES
GeneralsMD/Code/GameEngine/Source/Common/INI/INIWater.cpp	excluded	M20-M25	original engine consumers are promoted by the owning source-integration milestone	ZH_LEGACY_ZH_GAME_ENGINE_SOURCES
GeneralsMD/Code/GameEngine/Source/Common/INI/INIWeapon.cpp	excluded	M20-M25	original engine consumers are promoted by the owning source-integration milestone	ZH_LEGACY_ZH_GAME_ENGINE_SOURCES
GeneralsMD/Code/GameEngine/Source/Common/INI/INIWebpageURL.cpp	excluded	M20-M25	original engine consumers are promoted by the owning source-integration milestone	ZH_LEGACY_ZH_GAME_ENGINE_SOURCES
GeneralsMD/Code/GameEngine/Source/Common/Language.cpp	excluded	M20-M25	original engine consumers are promoted by the owning source-integration milestone	ZH_LEGACY_ZH_GAME_ENGINE_SOURCES
GeneralsMD/Code/GameEngine/Source/Common/MessageStream.cpp	excluded	M20-M25	original engine consumers are promoted by the owning source-integration milestone	ZH_LEGACY_ZH_GAME_ENGINE_SOURCES
GeneralsMD/Code/GameEngine/Source/Common/MiniLog.cpp	excluded	M20-M25	original engine consumers are promoted by the owning source-integration milestone	ZH_LEGACY_ZH_GAME_ENGINE_SOURCES
GeneralsMD/Code/GameEngine/Source/Common/MultiplayerSettings.cpp	excluded	M20-M25	original engine consumers are promoted by the owning source-integration milestone	ZH_LEGACY_ZH_GAME_ENGINE_SOURCES
GeneralsMD/Code/GameEngine/Source/Common/NameKeyGenerator.cpp	excluded	M20-M25	original engine consumers are promoted by the owning source-integration milestone	ZH_LEGACY_ZH_GAME_ENGINE_SOURCES
GeneralsMD/Code/GameEngine/Source/Common/PartitionSolver.cpp	excluded	M20-M25	original engine consumers are promoted by the owning source-integration milestone	ZH_LEGACY_ZH_GAME_ENGINE_SOURCES
GeneralsMD/Code/GameEngine/Source/Common/PerfTimer.cpp	excluded	M20-M25	original engine consumers are promoted by the owning source-integration milestone	ZH_LEGACY_ZH_GAME_ENGINE_SOURCES
GeneralsMD/Code/GameEngine/Source/Common/RTS/AcademyStats.cpp	excluded	M20-M25	original engine consumers are promoted by the owning source-integration milestone	ZH_LEGACY_ZH_GAME_ENGINE_SOURCES
GeneralsMD/Code/GameEngine/Source/Common/RTS/ActionManager.cpp	excluded	M20-M25	original engine consumers are promoted by the owning source-integration milestone	ZH_LEGACY_ZH_GAME_ENGINE_SOURCES
GeneralsMD/Code/GameEngine/Source/Common/RTS/Energy.cpp	excluded	M20-M25	original engine consumers are promoted by the owning source-integration milestone	ZH_LEGACY_ZH_GAME_ENGINE_SOURCES
GeneralsMD/Code/GameEngine/Source/Common/RTS/Handicap.cpp	excluded	M20-M25	original engine consumers are promoted by the owning source-integration milestone	ZH_LEGACY_ZH_GAME_ENGINE_SOURCES
GeneralsMD/Code/GameEngine/Source/Common/RTS/MissionStats.cpp	excluded	M20-M25	original engine consumers are promoted by the owning source-integration milestone	ZH_LEGACY_ZH_GAME_ENGINE_SOURCES
GeneralsMD/Code/GameEngine/Source/Common/RTS/Money.cpp	excluded	M20-M25	original engine consumers are promoted by the owning source-integration milestone	ZH_LEGACY_ZH_GAME_ENGINE_SOURCES
GeneralsMD/Code/GameEngine/Source/Common/RTS/Player.cpp	excluded	M20-M25	original engine consumers are promoted by the owning source-integration milestone	ZH_LEGACY_ZH_GAME_ENGINE_SOURCES
GeneralsMD/Code/GameEngine/Source/Common/RTS/PlayerList.cpp	excluded	M20-M25	original engine consumers are promoted by the owning source-integration milestone	ZH_LEGACY_ZH_GAME_ENGINE_SOURCES
GeneralsMD/Code/GameEngine/Source/Common/RTS/PlayerTemplate.cpp	excluded	M20-M25	original engine consumers are promoted by the owning source-integration milestone	ZH_LEGACY_ZH_GAME_ENGINE_SOURCES
GeneralsMD/Code/GameEngine/Source/Common/RTS/ProductionPrerequisite.cpp	excluded	M20-M25	original engine consumers are promoted by the owning source-integration milestone	ZH_LEGACY_ZH_GAME_ENGINE_SOURCES
GeneralsMD/Code/GameEngine/Source/Common/RTS/ResourceGatheringManager.cpp	excluded	M20-M25	original engine consumers are promoted by the owning source-integration milestone	ZH_LEGACY_ZH_GAME_ENGINE_SOURCES
GeneralsMD/Code/GameEngine/Source/Common/RTS/Science.cpp	excluded	M20-M25	original engine consumers are promoted by the owning source-integration milestone	ZH_LEGACY_ZH_GAME_ENGINE_SOURCES
GeneralsMD/Code/GameEngine/Source/Common/RTS/ScoreKeeper.cpp	excluded	M20-M25	original engine consumers are promoted by the owning source-integration milestone	ZH_LEGACY_ZH_GAME_ENGINE_SOURCES
GeneralsMD/Code/GameEngine/Source/Common/RTS/SpecialPower.cpp	excluded	M20-M25	original engine consumers are promoted by the owning source-integration milestone	ZH_LEGACY_ZH_GAME_ENGINE_SOURCES
GeneralsMD/Code/GameEngine/Source/Common/RTS/Team.cpp	excluded	M20-M25	original engine consumers are promoted by the owning source-integration milestone	ZH_LEGACY_ZH_GAME_ENGINE_SOURCES
GeneralsMD/Code/GameEngine/Source/Common/RTS/TunnelTracker.cpp	excluded	M20-M25	original engine consumers are promoted by the owning source-integration milestone	ZH_LEGACY_ZH_GAME_ENGINE_SOURCES
GeneralsMD/Code/GameEngine/Source/Common/RandomValue.cpp	excluded	M20-M25	original engine consumers are promoted by the owning source-integration milestone	ZH_LEGACY_ZH_GAME_ENGINE_SOURCES
GeneralsMD/Code/GameEngine/Source/Common/Recorder.cpp	excluded	M20-M25	original engine consumers are promoted by the owning source-integration milestone	ZH_LEGACY_ZH_GAME_ENGINE_SOURCES
GeneralsMD/Code/GameEngine/Source/Common/SkirmishBattleHonors.cpp	excluded	M20-M25	original engine consumers are promoted by the owning source-integration milestone	ZH_LEGACY_ZH_GAME_ENGINE_SOURCES
GeneralsMD/Code/GameEngine/Source/Common/StateMachine.cpp	excluded	M20-M25	original engine consumers are promoted by the owning source-integration milestone	ZH_LEGACY_ZH_GAME_ENGINE_SOURCES
GeneralsMD/Code/GameEngine/Source/Common/StatsCollector.cpp	excluded	M20-M25	original engine consumers are promoted by the owning source-integration milestone	ZH_LEGACY_ZH_GAME_ENGINE_SOURCES
GeneralsMD/Code/GameEngine/Source/Common/System/ArchiveFile.cpp	excluded	M20-M25	original engine consumers are promoted by the owning source-integration milestone	ZH_LEGACY_ZH_GAME_ENGINE_SOURCES
GeneralsMD/Code/GameEngine/Source/Common/System/ArchiveFileSystem.cpp	excluded	M20-M25	original engine consumers are promoted by the owning source-integration milestone	ZH_LEGACY_ZH_GAME_ENGINE_SOURCES
GeneralsMD/Code/GameEngine/Source/Common/System/AsciiString.cpp	production-compiled	GeneralsMD/Code/GameEngine/Source/Common/System/AsciiString.cpp	compiled and runtime-witnessed by the M26 original-provider harness	ZH_LEGACY_ZH_GAME_ENGINE_SOURCES
GeneralsMD/Code/GameEngine/Source/Common/System/BuildAssistant.cpp	excluded	M20-M25	original engine consumers are promoted by the owning source-integration milestone	ZH_LEGACY_ZH_GAME_ENGINE_SOURCES
GeneralsMD/Code/GameEngine/Source/Common/System/CDManager.cpp	excluded	M20-M25	original engine consumers are promoted by the owning source-integration milestone	ZH_LEGACY_ZH_GAME_ENGINE_SOURCES
GeneralsMD/Code/GameEngine/Source/Common/System/Compression.cpp	excluded	M20-M25	original engine consumers are promoted by the owning source-integration milestone	ZH_LEGACY_ZH_GAME_ENGINE_SOURCES
GeneralsMD/Code/GameEngine/Source/Common/System/CopyProtection.cpp	excluded	M20-M25	original engine consumers are promoted by the owning source-integration milestone	ZH_LEGACY_ZH_GAME_ENGINE_SOURCES
GeneralsMD/Code/GameEngine/Source/Common/System/CriticalSection.cpp	production-compiled	GeneralsMD/Code/GameEngine/Source/Common/System/CriticalSection.cpp	compiled and runtime-witnessed by the M26 original-provider harness	ZH_LEGACY_ZH_GAME_ENGINE_SOURCES
GeneralsMD/Code/GameEngine/Source/Common/System/DataChunk.cpp	excluded	M20-M25	original engine consumers are promoted by the owning source-integration milestone	ZH_LEGACY_ZH_GAME_ENGINE_SOURCES
GeneralsMD/Code/GameEngine/Source/Common/System/Debug.cpp	excluded	M20-M25	original engine consumers are promoted by the owning source-integration milestone	ZH_LEGACY_ZH_GAME_ENGINE_SOURCES
GeneralsMD/Code/GameEngine/Source/Common/System/Directory.cpp	excluded	M20-M25	original engine consumers are promoted by the owning source-integration milestone	ZH_LEGACY_ZH_GAME_ENGINE_SOURCES
GeneralsMD/Code/GameEngine/Source/Common/System/DisabledTypes.cpp	excluded	M20-M25	original engine consumers are promoted by the owning source-integration milestone	ZH_LEGACY_ZH_GAME_ENGINE_SOURCES
GeneralsMD/Code/GameEngine/Source/Common/System/File.cpp	excluded	M20-M25	original engine consumers are promoted by the owning source-integration milestone	ZH_LEGACY_ZH_GAME_ENGINE_SOURCES
GeneralsMD/Code/GameEngine/Source/Common/System/FileSystem.cpp	excluded	M20-M25	original engine consumers are promoted by the owning source-integration milestone	ZH_LEGACY_ZH_GAME_ENGINE_SOURCES
GeneralsMD/Code/GameEngine/Source/Common/System/FunctionLexicon.cpp	excluded	M20-M25	original engine consumers are promoted by the owning source-integration milestone	ZH_LEGACY_ZH_GAME_ENGINE_SOURCES
GeneralsMD/Code/GameEngine/Source/Common/System/GameCommon.cpp	excluded	M20-M25	original engine consumers are promoted by the owning source-integration milestone	ZH_LEGACY_ZH_GAME_ENGINE_SOURCES
GeneralsMD/Code/GameEngine/Source/Common/System/GameMemory.cpp	production-compiled	GeneralsMD/Code/GameEngine/Source/Common/System/GameMemory.cpp	compiled and runtime-witnessed by the M26 original-provider harness	ZH_LEGACY_ZH_GAME_ENGINE_SOURCES
GeneralsMD/Code/GameEngine/Source/Common/System/GameType.cpp	excluded	M20-M25	original engine consumers are promoted by the owning source-integration milestone	ZH_LEGACY_ZH_GAME_ENGINE_SOURCES
GeneralsMD/Code/GameEngine/Source/Common/System/Geometry.cpp	excluded	M20-M25	original engine consumers are promoted by the owning source-integration milestone	ZH_LEGACY_ZH_GAME_ENGINE_SOURCES
GeneralsMD/Code/GameEngine/Source/Common/System/KindOf.cpp	excluded	M20-M25	original engine consumers are promoted by the owning source-integration milestone	ZH_LEGACY_ZH_GAME_ENGINE_SOURCES
GeneralsMD/Code/GameEngine/Source/Common/System/List.cpp	excluded	M20-M25	original engine consumers are promoted by the owning source-integration milestone	ZH_LEGACY_ZH_GAME_ENGINE_SOURCES
GeneralsMD/Code/GameEngine/Source/Common/System/LocalFile.cpp	excluded	M20-M25	original engine consumers are promoted by the owning source-integration milestone	ZH_LEGACY_ZH_GAME_ENGINE_SOURCES
GeneralsMD/Code/GameEngine/Source/Common/System/LocalFileSystem.cpp	excluded	M20-M25	original engine consumers are promoted by the owning source-integration milestone	ZH_LEGACY_ZH_GAME_ENGINE_SOURCES
GeneralsMD/Code/GameEngine/Source/Common/System/MemoryInit.cpp	production-compiled	GeneralsMD/Code/GameEngine/Source/Common/System/MemoryInit.cpp	compiled and runtime-witnessed by the M26 original-provider harness	ZH_LEGACY_ZH_GAME_ENGINE_SOURCES
GeneralsMD/Code/GameEngine/Source/Common/System/ObjectStatusTypes.cpp	excluded	M20-M25	original engine consumers are promoted by the owning source-integration milestone	ZH_LEGACY_ZH_GAME_ENGINE_SOURCES
GeneralsMD/Code/GameEngine/Source/Common/System/QuickTrig.cpp	excluded	M20-M25	original engine consumers are promoted by the owning source-integration milestone	ZH_LEGACY_ZH_GAME_ENGINE_SOURCES
GeneralsMD/Code/GameEngine/Source/Common/System/QuotedPrintable.cpp	excluded	M20-M25	original engine consumers are promoted by the owning source-integration milestone	ZH_LEGACY_ZH_GAME_ENGINE_SOURCES
GeneralsMD/Code/GameEngine/Source/Common/System/RAMFile.cpp	excluded	M20-M25	original engine consumers are promoted by the owning source-integration milestone	ZH_LEGACY_ZH_GAME_ENGINE_SOURCES
GeneralsMD/Code/GameEngine/Source/Common/System/Radar.cpp	excluded	M20-M25	original engine consumers are promoted by the owning source-integration milestone	ZH_LEGACY_ZH_GAME_ENGINE_SOURCES
GeneralsMD/Code/GameEngine/Source/Common/System/SaveGame/GameState.cpp	excluded	M20-M25	original engine consumers are promoted by the owning source-integration milestone	ZH_LEGACY_ZH_GAME_ENGINE_SOURCES
GeneralsMD/Code/GameEngine/Source/Common/System/SaveGame/GameStateMap.cpp	excluded	M20-M25	original engine consumers are promoted by the owning source-integration milestone	ZH_LEGACY_ZH_GAME_ENGINE_SOURCES
GeneralsMD/Code/GameEngine/Source/Common/System/Snapshot.cpp	excluded	M20-M25	original engine consumers are promoted by the owning source-integration milestone	ZH_LEGACY_ZH_GAME_ENGINE_SOURCES
GeneralsMD/Code/GameEngine/Source/Common/System/StackDump.cpp	excluded	M20-M25	original engine consumers are promoted by the owning source-integration milestone	ZH_LEGACY_ZH_GAME_ENGINE_SOURCES
GeneralsMD/Code/GameEngine/Source/Common/System/StreamingArchiveFile.cpp	excluded	M20-M25	original engine consumers are promoted by the owning source-integration milestone	ZH_LEGACY_ZH_GAME_ENGINE_SOURCES
GeneralsMD/Code/GameEngine/Source/Common/System/String.cpp	excluded	M20-M25	original engine consumers are promoted by the owning source-integration milestone	ZH_LEGACY_ZH_GAME_ENGINE_SOURCES
GeneralsMD/Code/GameEngine/Source/Common/System/SubsystemInterface.cpp	excluded	M20-M25	original engine consumers are promoted by the owning source-integration milestone	ZH_LEGACY_ZH_GAME_ENGINE_SOURCES
GeneralsMD/Code/GameEngine/Source/Common/System/Trig.cpp	excluded	M20-M25	original engine consumers are promoted by the owning source-integration milestone	ZH_LEGACY_ZH_GAME_ENGINE_SOURCES
GeneralsMD/Code/GameEngine/Source/Common/System/UnicodeString.cpp	production-compiled	GeneralsMD/Code/GameEngine/Source/Common/System/UnicodeString.cpp	compiled and runtime-witnessed by the M26 original-provider harness	ZH_LEGACY_ZH_GAME_ENGINE_SOURCES
GeneralsMD/Code/GameEngine/Source/Common/System/Upgrade.cpp	excluded	M20-M25	original engine consumers are promoted by the owning source-integration milestone	ZH_LEGACY_ZH_GAME_ENGINE_SOURCES
GeneralsMD/Code/GameEngine/Source/Common/System/Xfer.cpp	excluded	M20-M25	original engine consumers are promoted by the owning source-integration milestone	ZH_LEGACY_ZH_GAME_ENGINE_SOURCES
GeneralsMD/Code/GameEngine/Source/Common/System/XferCRC.cpp	excluded	M20-M25	original engine consumers are promoted by the owning source-integration milestone	ZH_LEGACY_ZH_GAME_ENGINE_SOURCES
GeneralsMD/Code/GameEngine/Source/Common/System/XferLoad.cpp	excluded	M20-M25	original engine consumers are promoted by the owning source-integration milestone	ZH_LEGACY_ZH_GAME_ENGINE_SOURCES
GeneralsMD/Code/GameEngine/Source/Common/System/XferSave.cpp	excluded	M20-M25	original engine consumers are promoted by the owning source-integration milestone	ZH_LEGACY_ZH_GAME_ENGINE_SOURCES
GeneralsMD/Code/GameEngine/Source/Common/System/encrypt.cpp	excluded	M20-M25	original engine consumers are promoted by the owning source-integration milestone	ZH_LEGACY_ZH_GAME_ENGINE_SOURCES
GeneralsMD/Code/GameEngine/Source/Common/System/registry.cpp	excluded	M20-M25	original engine consumers are promoted by the owning source-integration milestone	ZH_LEGACY_ZH_GAME_ENGINE_SOURCES
GeneralsMD/Code/GameEngine/Source/Common/TerrainTypes.cpp	excluded	M20-M25	original engine consumers are promoted by the owning source-integration milestone	ZH_LEGACY_ZH_GAME_ENGINE_SOURCES
GeneralsMD/Code/GameEngine/Source/Common/Thing/DrawModule.cpp	excluded	M20-M25	original engine consumers are promoted by the owning source-integration milestone	ZH_LEGACY_ZH_GAME_ENGINE_SOURCES
GeneralsMD/Code/GameEngine/Source/Common/Thing/Module.cpp	excluded	M20-M25	original engine consumers are promoted by the owning source-integration milestone	ZH_LEGACY_ZH_GAME_ENGINE_SOURCES
GeneralsMD/Code/GameEngine/Source/Common/Thing/ModuleFactory.cpp	excluded	M20-M25	original engine consumers are promoted by the owning source-integration milestone	ZH_LEGACY_ZH_GAME_ENGINE_SOURCES
GeneralsMD/Code/GameEngine/Source/Common/Thing/Thing.cpp	excluded	M20-M25	original engine consumers are promoted by the owning source-integration milestone	ZH_LEGACY_ZH_GAME_ENGINE_SOURCES
GeneralsMD/Code/GameEngine/Source/Common/Thing/ThingFactory.cpp	excluded	M20-M25	original engine consumers are promoted by the owning source-integration milestone	ZH_LEGACY_ZH_GAME_ENGINE_SOURCES
GeneralsMD/Code/GameEngine/Source/Common/Thing/ThingTemplate.cpp	excluded	M20-M25	original engine consumers are promoted by the owning source-integration milestone	ZH_LEGACY_ZH_GAME_ENGINE_SOURCES
GeneralsMD/Code/GameEngine/Source/Common/UserPreferences.cpp	excluded	M20-M25	original engine consumers are promoted by the owning source-integration milestone	ZH_LEGACY_ZH_GAME_ENGINE_SOURCES
GeneralsMD/Code/GameEngine/Source/Common/crc.cpp	excluded	M20-M25	original engine consumers are promoted by the owning source-integration milestone	ZH_LEGACY_ZH_GAME_ENGINE_SOURCES
GeneralsMD/Code/GameEngine/Source/Common/version.cpp	production-compiled	GeneralsMD/Code/GameEngine/Source/Common/version.cpp	compiled and runtime-witnessed by the M26 original-provider harness	ZH_LEGACY_ZH_GAME_ENGINE_SOURCES
GeneralsMD/Code/GameEngine/Source/GameClient/Color.cpp	excluded	M20-M25	original engine consumers are promoted by the owning source-integration milestone	ZH_LEGACY_ZH_GAME_ENGINE_SOURCES
GeneralsMD/Code/GameEngine/Source/GameClient/Credits.cpp	excluded	M20-M25	original engine consumers are promoted by the owning source-integration milestone	ZH_LEGACY_ZH_GAME_ENGINE_SOURCES
GeneralsMD/Code/GameEngine/Source/GameClient/Display.cpp	excluded	M20-M25	original engine consumers are promoted by the owning source-integration milestone	ZH_LEGACY_ZH_GAME_ENGINE_SOURCES
GeneralsMD/Code/GameEngine/Source/GameClient/DisplayString.cpp	excluded	M20-M25	original engine consumers are promoted by the owning source-integration milestone	ZH_LEGACY_ZH_GAME_ENGINE_SOURCES
GeneralsMD/Code/GameEngine/Source/GameClient/DisplayStringManager.cpp	excluded	M20-M25	original engine consumers are promoted by the owning source-integration milestone	ZH_LEGACY_ZH_GAME_ENGINE_SOURCES
GeneralsMD/Code/GameEngine/Source/GameClient/DrawGroupInfo.cpp	excluded	M20-M25	original engine consumers are promoted by the owning source-integration milestone	ZH_LEGACY_ZH_GAME_ENGINE_SOURCES
GeneralsMD/Code/GameEngine/Source/GameClient/Drawable.cpp	excluded	M20-M25	original engine consumers are promoted by the owning source-integration milestone	ZH_LEGACY_ZH_GAME_ENGINE_SOURCES
GeneralsMD/Code/GameEngine/Source/GameClient/Drawable/DrawableManager.cpp	excluded	M20-M25	original engine consumers are promoted by the owning source-integration milestone	ZH_LEGACY_ZH_GAME_ENGINE_SOURCES
GeneralsMD/Code/GameEngine/Source/GameClient/Drawable/Update/AnimatedParticleSysBoneClientUpdate.cpp	excluded	M20-M25	original engine consumers are promoted by the owning source-integration milestone	ZH_LEGACY_ZH_GAME_ENGINE_SOURCES
GeneralsMD/Code/GameEngine/Source/GameClient/Drawable/Update/BeaconClientUpdate.cpp	excluded	M20-M25	original engine consumers are promoted by the owning source-integration milestone	ZH_LEGACY_ZH_GAME_ENGINE_SOURCES
GeneralsMD/Code/GameEngine/Source/GameClient/Drawable/Update/SwayClientUpdate.cpp	excluded	M20-M25	original engine consumers are promoted by the owning source-integration milestone	ZH_LEGACY_ZH_GAME_ENGINE_SOURCES
GeneralsMD/Code/GameEngine/Source/GameClient/Eva.cpp	excluded	M20-M25	original engine consumers are promoted by the owning source-integration milestone	ZH_LEGACY_ZH_GAME_ENGINE_SOURCES
GeneralsMD/Code/GameEngine/Source/GameClient/FXList.cpp	excluded	M20-M25	original engine consumers are promoted by the owning source-integration milestone	ZH_LEGACY_ZH_GAME_ENGINE_SOURCES
GeneralsMD/Code/GameEngine/Source/GameClient/GUI/AnimateWindowManager.cpp	excluded	M20-M25	original engine consumers are promoted by the owning source-integration milestone	ZH_LEGACY_ZH_GAME_ENGINE_SOURCES
GeneralsMD/Code/GameEngine/Source/GameClient/GUI/ChallengeGenerals.cpp	excluded	M20-M25	original engine consumers are promoted by the owning source-integration milestone	ZH_LEGACY_ZH_GAME_ENGINE_SOURCES
GeneralsMD/Code/GameEngine/Source/GameClient/GUI/ControlBar/ControlBar.cpp	excluded	M20-M25	original engine consumers are promoted by the owning source-integration milestone	ZH_LEGACY_ZH_GAME_ENGINE_SOURCES
GeneralsMD/Code/GameEngine/Source/GameClient/GUI/ControlBar/ControlBarBeacon.cpp	excluded	M20-M25	original engine consumers are promoted by the owning source-integration milestone	ZH_LEGACY_ZH_GAME_ENGINE_SOURCES
GeneralsMD/Code/GameEngine/Source/GameClient/GUI/ControlBar/ControlBarCommand.cpp	excluded	M20-M25	original engine consumers are promoted by the owning source-integration milestone	ZH_LEGACY_ZH_GAME_ENGINE_SOURCES
GeneralsMD/Code/GameEngine/Source/GameClient/GUI/ControlBar/ControlBarCommandProcessing.cpp	excluded	M20-M25	original engine consumers are promoted by the owning source-integration milestone	ZH_LEGACY_ZH_GAME_ENGINE_SOURCES
GeneralsMD/Code/GameEngine/Source/GameClient/GUI/ControlBar/ControlBarMultiSelect.cpp	excluded	M20-M25	original engine consumers are promoted by the owning source-integration milestone	ZH_LEGACY_ZH_GAME_ENGINE_SOURCES
GeneralsMD/Code/GameEngine/Source/GameClient/GUI/ControlBar/ControlBarOCLTimer.cpp	excluded	M20-M25	original engine consumers are promoted by the owning source-integration milestone	ZH_LEGACY_ZH_GAME_ENGINE_SOURCES
GeneralsMD/Code/GameEngine/Source/GameClient/GUI/ControlBar/ControlBarObserver.cpp	excluded	M20-M25	original engine consumers are promoted by the owning source-integration milestone	ZH_LEGACY_ZH_GAME_ENGINE_SOURCES
GeneralsMD/Code/GameEngine/Source/GameClient/GUI/ControlBar/ControlBarPrintPositions.cpp	excluded	M20-M25	original engine consumers are promoted by the owning source-integration milestone	ZH_LEGACY_ZH_GAME_ENGINE_SOURCES
GeneralsMD/Code/GameEngine/Source/GameClient/GUI/ControlBar/ControlBarResizer.cpp	excluded	M20-M25	original engine consumers are promoted by the owning source-integration milestone	ZH_LEGACY_ZH_GAME_ENGINE_SOURCES
GeneralsMD/Code/GameEngine/Source/GameClient/GUI/ControlBar/ControlBarScheme.cpp	excluded	M20-M25	original engine consumers are promoted by the owning source-integration milestone	ZH_LEGACY_ZH_GAME_ENGINE_SOURCES
GeneralsMD/Code/GameEngine/Source/GameClient/GUI/ControlBar/ControlBarStructureInventory.cpp	excluded	M20-M25	original engine consumers are promoted by the owning source-integration milestone	ZH_LEGACY_ZH_GAME_ENGINE_SOURCES
GeneralsMD/Code/GameEngine/Source/GameClient/GUI/ControlBar/ControlBarUnderConstruction.cpp	excluded	M20-M25	original engine consumers are promoted by the owning source-integration milestone	ZH_LEGACY_ZH_GAME_ENGINE_SOURCES
GeneralsMD/Code/GameEngine/Source/GameClient/GUI/DisconnectMenu/DisconnectMenu.cpp	excluded	M20-M25	original engine consumers are promoted by the owning source-integration milestone	ZH_LEGACY_ZH_GAME_ENGINE_SOURCES
GeneralsMD/Code/GameEngine/Source/GameClient/GUI/EstablishConnectionsMenu/EstablishConnectionsMenu.cpp	excluded	M20-M25	original engine consumers are promoted by the owning source-integration milestone	ZH_LEGACY_ZH_GAME_ENGINE_SOURCES
GeneralsMD/Code/GameEngine/Source/GameClient/GUI/GUICallbacks/ControlBarCallback.cpp	excluded	M20-M25	original engine consumers are promoted by the owning source-integration milestone	ZH_LEGACY_ZH_GAME_ENGINE_SOURCES
GeneralsMD/Code/GameEngine/Source/GameClient/GUI/GUICallbacks/ControlBarPopupDescription.cpp	excluded	M20-M25	original engine consumers are promoted by the owning source-integration milestone	ZH_LEGACY_ZH_GAME_ENGINE_SOURCES
GeneralsMD/Code/GameEngine/Source/GameClient/GUI/GUICallbacks/Diplomacy.cpp	excluded	M20-M25	original engine consumers are promoted by the owning source-integration milestone	ZH_LEGACY_ZH_GAME_ENGINE_SOURCES
GeneralsMD/Code/GameEngine/Source/GameClient/GUI/GUICallbacks/ExtendedMessageBox.cpp	excluded	M20-M25	original engine consumers are promoted by the owning source-integration milestone	ZH_LEGACY_ZH_GAME_ENGINE_SOURCES
GeneralsMD/Code/GameEngine/Source/GameClient/GUI/GUICallbacks/GeneralsExpPoints.cpp	excluded	M20-M25	original engine consumers are promoted by the owning source-integration milestone	ZH_LEGACY_ZH_GAME_ENGINE_SOURCES
GeneralsMD/Code/GameEngine/Source/GameClient/GUI/GUICallbacks/IMECandidate.cpp	excluded	M20-M25	original engine consumers are promoted by the owning source-integration milestone	ZH_LEGACY_ZH_GAME_ENGINE_SOURCES
GeneralsMD/Code/GameEngine/Source/GameClient/GUI/GUICallbacks/InGameChat.cpp	excluded	M20-M25	original engine consumers are promoted by the owning source-integration milestone	ZH_LEGACY_ZH_GAME_ENGINE_SOURCES
GeneralsMD/Code/GameEngine/Source/GameClient/GUI/GUICallbacks/InGamePopupMessage.cpp	excluded	M20-M25	original engine consumers are promoted by the owning source-integration milestone	ZH_LEGACY_ZH_GAME_ENGINE_SOURCES
GeneralsMD/Code/GameEngine/Source/GameClient/GUI/GUICallbacks/Menus/ChallengeMenu.cpp	excluded	M20-M25	original engine consumers are promoted by the owning source-integration milestone	ZH_LEGACY_ZH_GAME_ENGINE_SOURCES
GeneralsMD/Code/GameEngine/Source/GameClient/GUI/GUICallbacks/Menus/CreditsMenu.cpp	excluded	M20-M25	original engine consumers are promoted by the owning source-integration milestone	ZH_LEGACY_ZH_GAME_ENGINE_SOURCES
GeneralsMD/Code/GameEngine/Source/GameClient/GUI/GUICallbacks/Menus/DifficultySelect.cpp	excluded	M20-M25	original engine consumers are promoted by the owning source-integration milestone	ZH_LEGACY_ZH_GAME_ENGINE_SOURCES
GeneralsMD/Code/GameEngine/Source/GameClient/GUI/GUICallbacks/Menus/DisconnectWindow.cpp	excluded	M20-M25	original engine consumers are promoted by the owning source-integration milestone	ZH_LEGACY_ZH_GAME_ENGINE_SOURCES
GeneralsMD/Code/GameEngine/Source/GameClient/GUI/GUICallbacks/Menus/DownloadMenu.cpp	excluded	M20-M25	original engine consumers are promoted by the owning source-integration milestone	ZH_LEGACY_ZH_GAME_ENGINE_SOURCES
GeneralsMD/Code/GameEngine/Source/GameClient/GUI/GUICallbacks/Menus/EstablishConnectionsWindow.cpp	excluded	M20-M25	original engine consumers are promoted by the owning source-integration milestone	ZH_LEGACY_ZH_GAME_ENGINE_SOURCES
GeneralsMD/Code/GameEngine/Source/GameClient/GUI/GUICallbacks/Menus/GameInfoWindow.cpp	excluded	M20-M25	original engine consumers are promoted by the owning source-integration milestone	ZH_LEGACY_ZH_GAME_ENGINE_SOURCES
GeneralsMD/Code/GameEngine/Source/GameClient/GUI/GUICallbacks/Menus/KeyboardOptionsMenu.cpp	excluded	M20-M25	original engine consumers are promoted by the owning source-integration milestone	ZH_LEGACY_ZH_GAME_ENGINE_SOURCES
GeneralsMD/Code/GameEngine/Source/GameClient/GUI/GUICallbacks/Menus/LanGameOptionsMenu.cpp	excluded	M20-M25	original engine consumers are promoted by the owning source-integration milestone	ZH_LEGACY_ZH_GAME_ENGINE_SOURCES
GeneralsMD/Code/GameEngine/Source/GameClient/GUI/GUICallbacks/Menus/LanLobbyMenu.cpp	excluded	M20-M25	original engine consumers are promoted by the owning source-integration milestone	ZH_LEGACY_ZH_GAME_ENGINE_SOURCES
GeneralsMD/Code/GameEngine/Source/GameClient/GUI/GUICallbacks/Menus/LanMapSelectMenu.cpp	excluded	M20-M25	original engine consumers are promoted by the owning source-integration milestone	ZH_LEGACY_ZH_GAME_ENGINE_SOURCES
GeneralsMD/Code/GameEngine/Source/GameClient/GUI/GUICallbacks/Menus/MainMenu.cpp	excluded	M20-M25	original engine consumers are promoted by the owning source-integration milestone	ZH_LEGACY_ZH_GAME_ENGINE_SOURCES
GeneralsMD/Code/GameEngine/Source/GameClient/GUI/GUICallbacks/Menus/MapSelectMenu.cpp	excluded	M20-M25	original engine consumers are promoted by the owning source-integration milestone	ZH_LEGACY_ZH_GAME_ENGINE_SOURCES
GeneralsMD/Code/GameEngine/Source/GameClient/GUI/GUICallbacks/Menus/NetworkDirectConnect.cpp	excluded	M20-M25	original engine consumers are promoted by the owning source-integration milestone	ZH_LEGACY_ZH_GAME_ENGINE_SOURCES
GeneralsMD/Code/GameEngine/Source/GameClient/GUI/GUICallbacks/Menus/OptionsMenu.cpp	excluded	M20-M25	original engine consumers are promoted by the owning source-integration milestone	ZH_LEGACY_ZH_GAME_ENGINE_SOURCES
GeneralsMD/Code/GameEngine/Source/GameClient/GUI/GUICallbacks/Menus/PopupCommunicator.cpp	excluded	M20-M25	original engine consumers are promoted by the owning source-integration milestone	ZH_LEGACY_ZH_GAME_ENGINE_SOURCES
GeneralsMD/Code/GameEngine/Source/GameClient/GUI/GUICallbacks/Menus/PopupHostGame.cpp	excluded	M20-M25	original engine consumers are promoted by the owning source-integration milestone	ZH_LEGACY_ZH_GAME_ENGINE_SOURCES
GeneralsMD/Code/GameEngine/Source/GameClient/GUI/GUICallbacks/Menus/PopupJoinGame.cpp	excluded	M20-M25	original engine consumers are promoted by the owning source-integration milestone	ZH_LEGACY_ZH_GAME_ENGINE_SOURCES
GeneralsMD/Code/GameEngine/Source/GameClient/GUI/GUICallbacks/Menus/PopupLadderSelect.cpp	excluded	M20-M25	original engine consumers are promoted by the owning source-integration milestone	ZH_LEGACY_ZH_GAME_ENGINE_SOURCES
GeneralsMD/Code/GameEngine/Source/GameClient/GUI/GUICallbacks/Menus/PopupPlayerInfo.cpp	excluded	M20-M25	original engine consumers are promoted by the owning source-integration milestone	ZH_LEGACY_ZH_GAME_ENGINE_SOURCES
GeneralsMD/Code/GameEngine/Source/GameClient/GUI/GUICallbacks/Menus/PopupReplay.cpp	excluded	M20-M25	original engine consumers are promoted by the owning source-integration milestone	ZH_LEGACY_ZH_GAME_ENGINE_SOURCES
GeneralsMD/Code/GameEngine/Source/GameClient/GUI/GUICallbacks/Menus/PopupSaveLoad.cpp	excluded	M20-M25	original engine consumers are promoted by the owning source-integration milestone	ZH_LEGACY_ZH_GAME_ENGINE_SOURCES
GeneralsMD/Code/GameEngine/Source/GameClient/GUI/GUICallbacks/Menus/QuitMenu.cpp	excluded	M20-M25	original engine consumers are promoted by the owning source-integration milestone	ZH_LEGACY_ZH_GAME_ENGINE_SOURCES
GeneralsMD/Code/GameEngine/Source/GameClient/GUI/GUICallbacks/Menus/ReplayMenu.cpp	excluded	M20-M25	original engine consumers are promoted by the owning source-integration milestone	ZH_LEGACY_ZH_GAME_ENGINE_SOURCES
GeneralsMD/Code/GameEngine/Source/GameClient/GUI/GUICallbacks/Menus/ScoreScreen.cpp	excluded	M20-M25	original engine consumers are promoted by the owning source-integration milestone	ZH_LEGACY_ZH_GAME_ENGINE_SOURCES
GeneralsMD/Code/GameEngine/Source/GameClient/GUI/GUICallbacks/Menus/SinglePlayerMenu.cpp	excluded	M20-M25	original engine consumers are promoted by the owning source-integration milestone	ZH_LEGACY_ZH_GAME_ENGINE_SOURCES
GeneralsMD/Code/GameEngine/Source/GameClient/GUI/GUICallbacks/Menus/SkirmishGameOptionsMenu.cpp	excluded	M20-M25	original engine consumers are promoted by the owning source-integration milestone	ZH_LEGACY_ZH_GAME_ENGINE_SOURCES
GeneralsMD/Code/GameEngine/Source/GameClient/GUI/GUICallbacks/Menus/SkirmishMapSelectMenu.cpp	excluded	M20-M25	original engine consumers are promoted by the owning source-integration milestone	ZH_LEGACY_ZH_GAME_ENGINE_SOURCES
GeneralsMD/Code/GameEngine/Source/GameClient/GUI/GUICallbacks/Menus/WOLBuddyOverlay.cpp	excluded	none	retired online-service path	ZH_LEGACY_EXCLUDED_SOURCE_RECORDS
GeneralsMD/Code/GameEngine/Source/GameClient/GUI/GUICallbacks/Menus/WOLCustomScoreScreen.cpp	excluded	none	retired online-service path	ZH_LEGACY_EXCLUDED_SOURCE_RECORDS
GeneralsMD/Code/GameEngine/Source/GameClient/GUI/GUICallbacks/Menus/WOLGameSetupMenu.cpp	excluded	none	retired online-service path	ZH_LEGACY_EXCLUDED_SOURCE_RECORDS
GeneralsMD/Code/GameEngine/Source/GameClient/GUI/GUICallbacks/Menus/WOLLadderScreen.cpp	excluded	none	retired online-service path	ZH_LEGACY_EXCLUDED_SOURCE_RECORDS
GeneralsMD/Code/GameEngine/Source/GameClient/GUI/GUICallbacks/Menus/WOLLobbyMenu.cpp	excluded	none	retired online-service path	ZH_LEGACY_EXCLUDED_SOURCE_RECORDS
GeneralsMD/Code/GameEngine/Source/GameClient/GUI/GUICallbacks/Menus/WOLLocaleSelectPopup.cpp	excluded	none	retired online-service path	ZH_LEGACY_EXCLUDED_SOURCE_RECORDS
GeneralsMD/Code/GameEngine/Source/GameClient/GUI/GUICallbacks/Menus/WOLLoginMenu.cpp	excluded	none	retired online-service path	ZH_LEGACY_EXCLUDED_SOURCE_RECORDS
GeneralsMD/Code/GameEngine/Source/GameClient/GUI/GUICallbacks/Menus/WOLMapSelectMenu.cpp	excluded	none	retired online-service path	ZH_LEGACY_EXCLUDED_SOURCE_RECORDS
GeneralsMD/Code/GameEngine/Source/GameClient/GUI/GUICallbacks/Menus/WOLMessageWindow.cpp	excluded	none	retired online-service path	ZH_LEGACY_EXCLUDED_SOURCE_RECORDS
GeneralsMD/Code/GameEngine/Source/GameClient/GUI/GUICallbacks/Menus/WOLQMScoreScreen.cpp	excluded	none	retired online-service path	ZH_LEGACY_EXCLUDED_SOURCE_RECORDS
GeneralsMD/Code/GameEngine/Source/GameClient/GUI/GUICallbacks/Menus/WOLQuickMatchMenu.cpp	excluded	none	retired online-service path	ZH_LEGACY_EXCLUDED_SOURCE_RECORDS
GeneralsMD/Code/GameEngine/Source/GameClient/GUI/GUICallbacks/Menus/WOLStatusMenu.cpp	excluded	none	retired online-service path	ZH_LEGACY_EXCLUDED_SOURCE_RECORDS
GeneralsMD/Code/GameEngine/Source/GameClient/GUI/GUICallbacks/Menus/WOLWelcomeMenu.cpp	excluded	none	retired online-service path	ZH_LEGACY_EXCLUDED_SOURCE_RECORDS
GeneralsMD/Code/GameEngine/Source/GameClient/GUI/GUICallbacks/MessageBox.cpp	excluded	M20-M25	original engine consumers are promoted by the owning source-integration milestone	ZH_LEGACY_ZH_GAME_ENGINE_SOURCES
GeneralsMD/Code/GameEngine/Source/GameClient/GUI/GUICallbacks/ReplayControls.cpp	excluded	M20-M25	original engine consumers are promoted by the owning source-integration milestone	ZH_LEGACY_ZH_GAME_ENGINE_SOURCES
GeneralsMD/Code/GameEngine/Source/GameClient/GUI/Gadget/GadgetCheckBox.cpp	excluded	M20-M25	original engine consumers are promoted by the owning source-integration milestone	ZH_LEGACY_ZH_GAME_ENGINE_SOURCES
GeneralsMD/Code/GameEngine/Source/GameClient/GUI/Gadget/GadgetComboBox.cpp	excluded	M20-M25	original engine consumers are promoted by the owning source-integration milestone	ZH_LEGACY_ZH_GAME_ENGINE_SOURCES
GeneralsMD/Code/GameEngine/Source/GameClient/GUI/Gadget/GadgetHorizontalSlider.cpp	excluded	M20-M25	original engine consumers are promoted by the owning source-integration milestone	ZH_LEGACY_ZH_GAME_ENGINE_SOURCES
GeneralsMD/Code/GameEngine/Source/GameClient/GUI/Gadget/GadgetListBox.cpp	excluded	M20-M25	original engine consumers are promoted by the owning source-integration milestone	ZH_LEGACY_ZH_GAME_ENGINE_SOURCES
GeneralsMD/Code/GameEngine/Source/GameClient/GUI/Gadget/GadgetProgressBar.cpp	excluded	M20-M25	original engine consumers are promoted by the owning source-integration milestone	ZH_LEGACY_ZH_GAME_ENGINE_SOURCES
GeneralsMD/Code/GameEngine/Source/GameClient/GUI/Gadget/GadgetPushButton.cpp	excluded	M20-M25	original engine consumers are promoted by the owning source-integration milestone	ZH_LEGACY_ZH_GAME_ENGINE_SOURCES
GeneralsMD/Code/GameEngine/Source/GameClient/GUI/Gadget/GadgetRadioButton.cpp	excluded	M20-M25	original engine consumers are promoted by the owning source-integration milestone	ZH_LEGACY_ZH_GAME_ENGINE_SOURCES
GeneralsMD/Code/GameEngine/Source/GameClient/GUI/Gadget/GadgetStaticText.cpp	excluded	M20-M25	original engine consumers are promoted by the owning source-integration milestone	ZH_LEGACY_ZH_GAME_ENGINE_SOURCES
GeneralsMD/Code/GameEngine/Source/GameClient/GUI/Gadget/GadgetTabControl.cpp	excluded	M20-M25	original engine consumers are promoted by the owning source-integration milestone	ZH_LEGACY_ZH_GAME_ENGINE_SOURCES
GeneralsMD/Code/GameEngine/Source/GameClient/GUI/Gadget/GadgetTextEntry.cpp	excluded	M20-M25	original engine consumers are promoted by the owning source-integration milestone	ZH_LEGACY_ZH_GAME_ENGINE_SOURCES
GeneralsMD/Code/GameEngine/Source/GameClient/GUI/Gadget/GadgetVerticalSlider.cpp	excluded	M20-M25	original engine consumers are promoted by the owning source-integration milestone	ZH_LEGACY_ZH_GAME_ENGINE_SOURCES
GeneralsMD/Code/GameEngine/Source/GameClient/GUI/GameFont.cpp	excluded	M20-M25	original engine consumers are promoted by the owning source-integration milestone	ZH_LEGACY_ZH_GAME_ENGINE_SOURCES
GeneralsMD/Code/GameEngine/Source/GameClient/GUI/GameWindow.cpp	excluded	M20-M25	original engine consumers are promoted by the owning source-integration milestone	ZH_LEGACY_ZH_GAME_ENGINE_SOURCES
GeneralsMD/Code/GameEngine/Source/GameClient/GUI/GameWindowGlobal.cpp	excluded	M20-M25	original engine consumers are promoted by the owning source-integration milestone	ZH_LEGACY_ZH_GAME_ENGINE_SOURCES
GeneralsMD/Code/GameEngine/Source/GameClient/GUI/GameWindowManager.cpp	excluded	M20-M25	original engine consumers are promoted by the owning source-integration milestone	ZH_LEGACY_ZH_GAME_ENGINE_SOURCES
GeneralsMD/Code/GameEngine/Source/GameClient/GUI/GameWindowManagerScript.cpp	excluded	M20-M25	original engine consumers are promoted by the owning source-integration milestone	ZH_LEGACY_ZH_GAME_ENGINE_SOURCES
GeneralsMD/Code/GameEngine/Source/GameClient/GUI/GameWindowTransitions.cpp	excluded	M20-M25	original engine consumers are promoted by the owning source-integration milestone	ZH_LEGACY_ZH_GAME_ENGINE_SOURCES
GeneralsMD/Code/GameEngine/Source/GameClient/GUI/GameWindowTransitionsStyles.cpp	excluded	M20-M25	original engine consumers are promoted by the owning source-integration milestone	ZH_LEGACY_ZH_GAME_ENGINE_SOURCES
GeneralsMD/Code/GameEngine/Source/GameClient/GUI/HeaderTemplate.cpp	excluded	M20-M25	original engine consumers are promoted by the owning source-integration milestone	ZH_LEGACY_ZH_GAME_ENGINE_SOURCES
GeneralsMD/Code/GameEngine/Source/GameClient/GUI/IMEManager.cpp	excluded	M20-M25	original engine consumers are promoted by the owning source-integration milestone	ZH_LEGACY_ZH_GAME_ENGINE_SOURCES
GeneralsMD/Code/GameEngine/Source/GameClient/GUI/LoadScreen.cpp	excluded	M20-M25	original engine consumers are promoted by the owning source-integration milestone	ZH_LEGACY_ZH_GAME_ENGINE_SOURCES
GeneralsMD/Code/GameEngine/Source/GameClient/GUI/ProcessAnimateWindow.cpp	excluded	M20-M25	original engine consumers are promoted by the owning source-integration milestone	ZH_LEGACY_ZH_GAME_ENGINE_SOURCES
GeneralsMD/Code/GameEngine/Source/GameClient/GUI/Shell/Shell.cpp	excluded	M20-M25	original engine consumers are promoted by the owning source-integration milestone	ZH_LEGACY_ZH_GAME_ENGINE_SOURCES
GeneralsMD/Code/GameEngine/Source/GameClient/GUI/Shell/ShellMenuScheme.cpp	excluded	M20-M25	original engine consumers are promoted by the owning source-integration milestone	ZH_LEGACY_ZH_GAME_ENGINE_SOURCES
GeneralsMD/Code/GameEngine/Source/GameClient/GUI/WinInstanceData.cpp	excluded	M20-M25	original engine consumers are promoted by the owning source-integration milestone	ZH_LEGACY_ZH_GAME_ENGINE_SOURCES
GeneralsMD/Code/GameEngine/Source/GameClient/GUI/WindowLayout.cpp	excluded	M20-M25	original engine consumers are promoted by the owning source-integration milestone	ZH_LEGACY_ZH_GAME_ENGINE_SOURCES
GeneralsMD/Code/GameEngine/Source/GameClient/GUI/WindowVideoManager.cpp	excluded	M20-M25	original engine consumers are promoted by the owning source-integration milestone	ZH_LEGACY_ZH_GAME_ENGINE_SOURCES
GeneralsMD/Code/GameEngine/Source/GameClient/GameClient.cpp	excluded	M20-M25	original engine consumers are promoted by the owning source-integration milestone	ZH_LEGACY_ZH_GAME_ENGINE_SOURCES
GeneralsMD/Code/GameEngine/Source/GameClient/GameClientDispatch.cpp	excluded	M20-M25	original engine consumers are promoted by the owning source-integration milestone	ZH_LEGACY_ZH_GAME_ENGINE_SOURCES
GeneralsMD/Code/GameEngine/Source/GameClient/GameText.cpp	excluded	M20-M25	original engine consumers are promoted by the owning source-integration milestone	ZH_LEGACY_ZH_GAME_ENGINE_SOURCES
GeneralsMD/Code/GameEngine/Source/GameClient/GlobalLanguage.cpp	excluded	M20-M25	original engine consumers are promoted by the owning source-integration milestone	ZH_LEGACY_ZH_GAME_ENGINE_SOURCES
GeneralsMD/Code/GameEngine/Source/GameClient/GraphDraw.cpp	excluded	M20-M25	original engine consumers are promoted by the owning source-integration milestone	ZH_LEGACY_ZH_GAME_ENGINE_SOURCES
GeneralsMD/Code/GameEngine/Source/GameClient/InGameUI.cpp	excluded	M20-M25	original engine consumers are promoted by the owning source-integration milestone	ZH_LEGACY_ZH_GAME_ENGINE_SOURCES
GeneralsMD/Code/GameEngine/Source/GameClient/Input/Keyboard.cpp	excluded	M20-M25	original engine consumers are promoted by the owning source-integration milestone	ZH_LEGACY_ZH_GAME_ENGINE_SOURCES
GeneralsMD/Code/GameEngine/Source/GameClient/Input/Mouse.cpp	excluded	M20-M25	original engine consumers are promoted by the owning source-integration milestone	ZH_LEGACY_ZH_GAME_ENGINE_SOURCES
GeneralsMD/Code/GameEngine/Source/GameClient/LanguageFilter.cpp	excluded	M20-M25	original engine consumers are promoted by the owning source-integration milestone	ZH_LEGACY_ZH_GAME_ENGINE_SOURCES
GeneralsMD/Code/GameEngine/Source/GameClient/Line2D.cpp	excluded	M20-M25	original engine consumers are promoted by the owning source-integration milestone	ZH_LEGACY_ZH_GAME_ENGINE_SOURCES
GeneralsMD/Code/GameEngine/Source/GameClient/MapUtil.cpp	excluded	M20-M25	original engine consumers are promoted by the owning source-integration milestone	ZH_LEGACY_ZH_GAME_ENGINE_SOURCES
GeneralsMD/Code/GameEngine/Source/GameClient/MessageStream/CommandXlat.cpp	excluded	M20-M25	original engine consumers are promoted by the owning source-integration milestone	ZH_LEGACY_ZH_GAME_ENGINE_SOURCES
GeneralsMD/Code/GameEngine/Source/GameClient/MessageStream/GUICommandTranslator.cpp	excluded	M20-M25	original engine consumers are promoted by the owning source-integration milestone	ZH_LEGACY_ZH_GAME_ENGINE_SOURCES
GeneralsMD/Code/GameEngine/Source/GameClient/MessageStream/HintSpy.cpp	excluded	M20-M25	original engine consumers are promoted by the owning source-integration milestone	ZH_LEGACY_ZH_GAME_ENGINE_SOURCES
GeneralsMD/Code/GameEngine/Source/GameClient/MessageStream/HotKey.cpp	excluded	M20-M25	original engine consumers are promoted by the owning source-integration milestone	ZH_LEGACY_ZH_GAME_ENGINE_SOURCES
GeneralsMD/Code/GameEngine/Source/GameClient/MessageStream/LookAtXlat.cpp	excluded	M20-M25	original engine consumers are promoted by the owning source-integration milestone	ZH_LEGACY_ZH_GAME_ENGINE_SOURCES
GeneralsMD/Code/GameEngine/Source/GameClient/MessageStream/MetaEvent.cpp	excluded	M20-M25	original engine consumers are promoted by the owning source-integration milestone	ZH_LEGACY_ZH_GAME_ENGINE_SOURCES
GeneralsMD/Code/GameEngine/Source/GameClient/MessageStream/PlaceEventTranslator.cpp	excluded	M20-M25	original engine consumers are promoted by the owning source-integration milestone	ZH_LEGACY_ZH_GAME_ENGINE_SOURCES
GeneralsMD/Code/GameEngine/Source/GameClient/MessageStream/SelectionXlat.cpp	excluded	M20-M25	original engine consumers are promoted by the owning source-integration milestone	ZH_LEGACY_ZH_GAME_ENGINE_SOURCES
GeneralsMD/Code/GameEngine/Source/GameClient/MessageStream/WindowXlat.cpp	excluded	M20-M25	original engine consumers are promoted by the owning source-integration milestone	ZH_LEGACY_ZH_GAME_ENGINE_SOURCES
GeneralsMD/Code/GameEngine/Source/GameClient/ParabolicEase.cpp	excluded	M20-M25	original engine consumers are promoted by the owning source-integration milestone	ZH_LEGACY_ZH_GAME_ENGINE_SOURCES
GeneralsMD/Code/GameEngine/Source/GameClient/RadiusDecal.cpp	excluded	M20-M25	original engine consumers are promoted by the owning source-integration milestone	ZH_LEGACY_ZH_GAME_ENGINE_SOURCES
GeneralsMD/Code/GameEngine/Source/GameClient/SelectionInfo.cpp	excluded	M20-M25	original engine consumers are promoted by the owning source-integration milestone	ZH_LEGACY_ZH_GAME_ENGINE_SOURCES
GeneralsMD/Code/GameEngine/Source/GameClient/Snow.cpp	excluded	M20-M25	original engine consumers are promoted by the owning source-integration milestone	ZH_LEGACY_ZH_GAME_ENGINE_SOURCES
GeneralsMD/Code/GameEngine/Source/GameClient/Statistics.cpp	excluded	M20-M25	original engine consumers are promoted by the owning source-integration milestone	ZH_LEGACY_ZH_GAME_ENGINE_SOURCES
GeneralsMD/Code/GameEngine/Source/GameClient/System/Anim2D.cpp	excluded	M20-M25	original engine consumers are promoted by the owning source-integration milestone	ZH_LEGACY_ZH_GAME_ENGINE_SOURCES
GeneralsMD/Code/GameEngine/Source/GameClient/System/CampaignManager.cpp	excluded	M20-M25	original engine consumers are promoted by the owning source-integration milestone	ZH_LEGACY_ZH_GAME_ENGINE_SOURCES
GeneralsMD/Code/GameEngine/Source/GameClient/System/Debug Displayers/AudioDebugDisplay.cpp	excluded	M20-M25	original engine consumers are promoted by the owning source-integration milestone	ZH_LEGACY_ZH_GAME_ENGINE_SOURCES
GeneralsMD/Code/GameEngine/Source/GameClient/System/DebugDisplay.cpp	excluded	M20-M25	original engine consumers are promoted by the owning source-integration milestone	ZH_LEGACY_ZH_GAME_ENGINE_SOURCES
GeneralsMD/Code/GameEngine/Source/GameClient/System/Image.cpp	excluded	M20-M25	original engine consumers are promoted by the owning source-integration milestone	ZH_LEGACY_ZH_GAME_ENGINE_SOURCES
GeneralsMD/Code/GameEngine/Source/GameClient/System/ParticleSys.cpp	excluded	M20-M25	original engine consumers are promoted by the owning source-integration milestone	ZH_LEGACY_ZH_GAME_ENGINE_SOURCES
GeneralsMD/Code/GameEngine/Source/GameClient/System/RayEffect.cpp	excluded	M20-M25	original engine consumers are promoted by the owning source-integration milestone	ZH_LEGACY_ZH_GAME_ENGINE_SOURCES
GeneralsMD/Code/GameEngine/Source/GameClient/System/Smudge.cpp	excluded	M20-M25	original engine consumers are promoted by the owning source-integration milestone	ZH_LEGACY_ZH_GAME_ENGINE_SOURCES
GeneralsMD/Code/GameEngine/Source/GameClient/Terrain/TerrainRoads.cpp	excluded	M20-M25	original engine consumers are promoted by the owning source-integration milestone	ZH_LEGACY_ZH_GAME_ENGINE_SOURCES
GeneralsMD/Code/GameEngine/Source/GameClient/Terrain/TerrainVisual.cpp	excluded	M20-M25	original engine consumers are promoted by the owning source-integration milestone	ZH_LEGACY_ZH_GAME_ENGINE_SOURCES
GeneralsMD/Code/GameEngine/Source/GameClient/VideoPlayer.cpp	excluded	M20-M25	original engine consumers are promoted by the owning source-integration milestone	ZH_LEGACY_ZH_GAME_ENGINE_SOURCES
GeneralsMD/Code/GameEngine/Source/GameClient/View.cpp	excluded	M20-M25	original engine consumers are promoted by the owning source-integration milestone	ZH_LEGACY_ZH_GAME_ENGINE_SOURCES
GeneralsMD/Code/GameEngine/Source/GameClient/Water.cpp	excluded	M20-M25	original engine consumers are promoted by the owning source-integration milestone	ZH_LEGACY_ZH_GAME_ENGINE_SOURCES
GeneralsMD/Code/GameEngine/Source/GameLogic/AI/AI.cpp	excluded	M20-M25	original engine consumers are promoted by the owning source-integration milestone	ZH_LEGACY_ZH_GAME_ENGINE_SOURCES
GeneralsMD/Code/GameEngine/Source/GameLogic/AI/AIDock.cpp	excluded	M20-M25	original engine consumers are promoted by the owning source-integration milestone	ZH_LEGACY_ZH_GAME_ENGINE_SOURCES
GeneralsMD/Code/GameEngine/Source/GameLogic/AI/AIGroup.cpp	excluded	M20-M25	original engine consumers are promoted by the owning source-integration milestone	ZH_LEGACY_ZH_GAME_ENGINE_SOURCES
GeneralsMD/Code/GameEngine/Source/GameLogic/AI/AIGuard.cpp	excluded	M20-M25	original engine consumers are promoted by the owning source-integration milestone	ZH_LEGACY_ZH_GAME_ENGINE_SOURCES
GeneralsMD/Code/GameEngine/Source/GameLogic/AI/AIGuardRetaliate.cpp	excluded	M20-M25	original engine consumers are promoted by the owning source-integration milestone	ZH_LEGACY_ZH_GAME_ENGINE_SOURCES
GeneralsMD/Code/GameEngine/Source/GameLogic/AI/AIPathfind.cpp	excluded	M20-M25	original engine consumers are promoted by the owning source-integration milestone	ZH_LEGACY_ZH_GAME_ENGINE_SOURCES
GeneralsMD/Code/GameEngine/Source/GameLogic/AI/AIPlayer.cpp	excluded	M20-M25	original engine consumers are promoted by the owning source-integration milestone	ZH_LEGACY_ZH_GAME_ENGINE_SOURCES
GeneralsMD/Code/GameEngine/Source/GameLogic/AI/AISkirmishPlayer.cpp	excluded	M20-M25	original engine consumers are promoted by the owning source-integration milestone	ZH_LEGACY_ZH_GAME_ENGINE_SOURCES
GeneralsMD/Code/GameEngine/Source/GameLogic/AI/AIStates.cpp	excluded	M20-M25	original engine consumers are promoted by the owning source-integration milestone	ZH_LEGACY_ZH_GAME_ENGINE_SOURCES
GeneralsMD/Code/GameEngine/Source/GameLogic/AI/AITNGuard.cpp	excluded	M20-M25	original engine consumers are promoted by the owning source-integration milestone	ZH_LEGACY_ZH_GAME_ENGINE_SOURCES
GeneralsMD/Code/GameEngine/Source/GameLogic/AI/Squad.cpp	excluded	M20-M25	original engine consumers are promoted by the owning source-integration milestone	ZH_LEGACY_ZH_GAME_ENGINE_SOURCES
GeneralsMD/Code/GameEngine/Source/GameLogic/AI/TurretAI.cpp	excluded	M20-M25	original engine consumers are promoted by the owning source-integration milestone	ZH_LEGACY_ZH_GAME_ENGINE_SOURCES
GeneralsMD/Code/GameEngine/Source/GameLogic/Map/PolygonTrigger.cpp	excluded	M20-M25	original engine consumers are promoted by the owning source-integration milestone	ZH_LEGACY_ZH_GAME_ENGINE_SOURCES
GeneralsMD/Code/GameEngine/Source/GameLogic/Map/SidesList.cpp	excluded	M20-M25	original engine consumers are promoted by the owning source-integration milestone	ZH_LEGACY_ZH_GAME_ENGINE_SOURCES
GeneralsMD/Code/GameEngine/Source/GameLogic/Map/TerrainLogic.cpp	excluded	M20-M25	original engine consumers are promoted by the owning source-integration milestone	ZH_LEGACY_ZH_GAME_ENGINE_SOURCES
GeneralsMD/Code/GameEngine/Source/GameLogic/Object/Armor.cpp	excluded	M20-M25	original engine consumers are promoted by the owning source-integration milestone	ZH_LEGACY_ZH_GAME_ENGINE_SOURCES
GeneralsMD/Code/GameEngine/Source/GameLogic/Object/Behavior/AutoHealBehavior.cpp	excluded	M20-M25	original engine consumers are promoted by the owning source-integration milestone	ZH_LEGACY_ZH_GAME_ENGINE_SOURCES
GeneralsMD/Code/GameEngine/Source/GameLogic/Object/Behavior/BattleBusSlowDeathBehavior.cpp	excluded	M20-M25	original engine consumers are promoted by the owning source-integration milestone	ZH_LEGACY_ZH_GAME_ENGINE_SOURCES
GeneralsMD/Code/GameEngine/Source/GameLogic/Object/Behavior/BehaviorModule.cpp	excluded	M20-M25	original engine consumers are promoted by the owning source-integration milestone	ZH_LEGACY_ZH_GAME_ENGINE_SOURCES
GeneralsMD/Code/GameEngine/Source/GameLogic/Object/Behavior/BridgeBehavior.cpp	excluded	M20-M25	original engine consumers are promoted by the owning source-integration milestone	ZH_LEGACY_ZH_GAME_ENGINE_SOURCES
GeneralsMD/Code/GameEngine/Source/GameLogic/Object/Behavior/BridgeScaffoldBehavior.cpp	excluded	M20-M25	original engine consumers are promoted by the owning source-integration milestone	ZH_LEGACY_ZH_GAME_ENGINE_SOURCES
GeneralsMD/Code/GameEngine/Source/GameLogic/Object/Behavior/BridgeTowerBehavior.cpp	excluded	M20-M25	original engine consumers are promoted by the owning source-integration milestone	ZH_LEGACY_ZH_GAME_ENGINE_SOURCES
GeneralsMD/Code/GameEngine/Source/GameLogic/Object/Behavior/BunkerBusterBehavior.cpp	excluded	M20-M25	original engine consumers are promoted by the owning source-integration milestone	ZH_LEGACY_ZH_GAME_ENGINE_SOURCES
GeneralsMD/Code/GameEngine/Source/GameLogic/Object/Behavior/CountermeasuresBehavior.cpp	excluded	M20-M25	original engine consumers are promoted by the owning source-integration milestone	ZH_LEGACY_ZH_GAME_ENGINE_SOURCES
GeneralsMD/Code/GameEngine/Source/GameLogic/Object/Behavior/DumbProjectileBehavior.cpp	excluded	M20-M25	original engine consumers are promoted by the owning source-integration milestone	ZH_LEGACY_ZH_GAME_ENGINE_SOURCES
GeneralsMD/Code/GameEngine/Source/GameLogic/Object/Behavior/FireWeaponWhenDamagedBehavior.cpp	excluded	M20-M25	original engine consumers are promoted by the owning source-integration milestone	ZH_LEGACY_ZH_GAME_ENGINE_SOURCES
GeneralsMD/Code/GameEngine/Source/GameLogic/Object/Behavior/FireWeaponWhenDeadBehavior.cpp	excluded	M20-M25	original engine consumers are promoted by the owning source-integration milestone	ZH_LEGACY_ZH_GAME_ENGINE_SOURCES
GeneralsMD/Code/GameEngine/Source/GameLogic/Object/Behavior/FlightDeckBehavior.cpp	excluded	M20-M25	original engine consumers are promoted by the owning source-integration milestone	ZH_LEGACY_ZH_GAME_ENGINE_SOURCES
GeneralsMD/Code/GameEngine/Source/GameLogic/Object/Behavior/GenerateMinefieldBehavior.cpp	excluded	M20-M25	original engine consumers are promoted by the owning source-integration milestone	ZH_LEGACY_ZH_GAME_ENGINE_SOURCES
GeneralsMD/Code/GameEngine/Source/GameLogic/Object/Behavior/GrantStealthBehavior.cpp	excluded	M20-M25	original engine consumers are promoted by the owning source-integration milestone	ZH_LEGACY_ZH_GAME_ENGINE_SOURCES
GeneralsMD/Code/GameEngine/Source/GameLogic/Object/Behavior/InstantDeathBehavior.cpp	excluded	M20-M25	original engine consumers are promoted by the owning source-integration milestone	ZH_LEGACY_ZH_GAME_ENGINE_SOURCES
GeneralsMD/Code/GameEngine/Source/GameLogic/Object/Behavior/JetSlowDeathBehavior.cpp	excluded	M20-M25	original engine consumers are promoted by the owning source-integration milestone	ZH_LEGACY_ZH_GAME_ENGINE_SOURCES
GeneralsMD/Code/GameEngine/Source/GameLogic/Object/Behavior/MinefieldBehavior.cpp	excluded	M20-M25	original engine consumers are promoted by the owning source-integration milestone	ZH_LEGACY_ZH_GAME_ENGINE_SOURCES
GeneralsMD/Code/GameEngine/Source/GameLogic/Object/Behavior/NeutonBlastBehavior.cpp	excluded	M20-M25	original engine consumers are promoted by the owning source-integration milestone	ZH_LEGACY_ZH_GAME_ENGINE_SOURCES
GeneralsMD/Code/GameEngine/Source/GameLogic/Object/Behavior/OverchargeBehavior.cpp	excluded	M20-M25	original engine consumers are promoted by the owning source-integration milestone	ZH_LEGACY_ZH_GAME_ENGINE_SOURCES
GeneralsMD/Code/GameEngine/Source/GameLogic/Object/Behavior/POWTruckBehavior.cpp	excluded	M20-M25	original engine consumers are promoted by the owning source-integration milestone	ZH_LEGACY_ZH_GAME_ENGINE_SOURCES
GeneralsMD/Code/GameEngine/Source/GameLogic/Object/Behavior/ParkingPlaceBehavior.cpp	excluded	M20-M25	original engine consumers are promoted by the owning source-integration milestone	ZH_LEGACY_ZH_GAME_ENGINE_SOURCES
GeneralsMD/Code/GameEngine/Source/GameLogic/Object/Behavior/PoisonedBehavior.cpp	excluded	M20-M25	original engine consumers are promoted by the owning source-integration milestone	ZH_LEGACY_ZH_GAME_ENGINE_SOURCES
GeneralsMD/Code/GameEngine/Source/GameLogic/Object/Behavior/PrisonBehavior.cpp	excluded	M20-M25	original engine consumers are promoted by the owning source-integration milestone	ZH_LEGACY_ZH_GAME_ENGINE_SOURCES
GeneralsMD/Code/GameEngine/Source/GameLogic/Object/Behavior/PropagandaCenterBehavior.cpp	excluded	M20-M25	original engine consumers are promoted by the owning source-integration milestone	ZH_LEGACY_ZH_GAME_ENGINE_SOURCES
GeneralsMD/Code/GameEngine/Source/GameLogic/Object/Behavior/PropagandaTowerBehavior.cpp	excluded	M20-M25	original engine consumers are promoted by the owning source-integration milestone	ZH_LEGACY_ZH_GAME_ENGINE_SOURCES
GeneralsMD/Code/GameEngine/Source/GameLogic/Object/Behavior/RebuildHoleBehavior.cpp	excluded	M20-M25	original engine consumers are promoted by the owning source-integration milestone	ZH_LEGACY_ZH_GAME_ENGINE_SOURCES
GeneralsMD/Code/GameEngine/Source/GameLogic/Object/Behavior/SlowDeathBehavior.cpp	excluded	M20-M25	original engine consumers are promoted by the owning source-integration milestone	ZH_LEGACY_ZH_GAME_ENGINE_SOURCES
GeneralsMD/Code/GameEngine/Source/GameLogic/Object/Behavior/SpawnBehavior.cpp	excluded	M20-M25	original engine consumers are promoted by the owning source-integration milestone	ZH_LEGACY_ZH_GAME_ENGINE_SOURCES
GeneralsMD/Code/GameEngine/Source/GameLogic/Object/Behavior/SupplyWarehouseCripplingBehavior.cpp	excluded	M20-M25	original engine consumers are promoted by the owning source-integration milestone	ZH_LEGACY_ZH_GAME_ENGINE_SOURCES
GeneralsMD/Code/GameEngine/Source/GameLogic/Object/Behavior/TechBuildingBehavior.cpp	excluded	M20-M25	original engine consumers are promoted by the owning source-integration milestone	ZH_LEGACY_ZH_GAME_ENGINE_SOURCES
GeneralsMD/Code/GameEngine/Source/GameLogic/Object/Body/ActiveBody.cpp	excluded	M20-M25	original engine consumers are promoted by the owning source-integration milestone	ZH_LEGACY_ZH_GAME_ENGINE_SOURCES
GeneralsMD/Code/GameEngine/Source/GameLogic/Object/Body/BodyModule.cpp	excluded	M20-M25	original engine consumers are promoted by the owning source-integration milestone	ZH_LEGACY_ZH_GAME_ENGINE_SOURCES
GeneralsMD/Code/GameEngine/Source/GameLogic/Object/Body/HighlanderBody.cpp	excluded	M20-M25	original engine consumers are promoted by the owning source-integration milestone	ZH_LEGACY_ZH_GAME_ENGINE_SOURCES
GeneralsMD/Code/GameEngine/Source/GameLogic/Object/Body/HiveStructureBody.cpp	excluded	M20-M25	original engine consumers are promoted by the owning source-integration milestone	ZH_LEGACY_ZH_GAME_ENGINE_SOURCES
GeneralsMD/Code/GameEngine/Source/GameLogic/Object/Body/ImmortalBody.cpp	excluded	M20-M25	original engine consumers are promoted by the owning source-integration milestone	ZH_LEGACY_ZH_GAME_ENGINE_SOURCES
GeneralsMD/Code/GameEngine/Source/GameLogic/Object/Body/InactiveBody.cpp	excluded	M20-M25	original engine consumers are promoted by the owning source-integration milestone	ZH_LEGACY_ZH_GAME_ENGINE_SOURCES
GeneralsMD/Code/GameEngine/Source/GameLogic/Object/Body/StructureBody.cpp	excluded	M20-M25	original engine consumers are promoted by the owning source-integration milestone	ZH_LEGACY_ZH_GAME_ENGINE_SOURCES
GeneralsMD/Code/GameEngine/Source/GameLogic/Object/Body/UndeadBody.cpp	excluded	M20-M25	original engine consumers are promoted by the owning source-integration milestone	ZH_LEGACY_ZH_GAME_ENGINE_SOURCES
GeneralsMD/Code/GameEngine/Source/GameLogic/Object/Collide/CollideModule.cpp	excluded	M20-M25	original engine consumers are promoted by the owning source-integration milestone	ZH_LEGACY_ZH_GAME_ENGINE_SOURCES
GeneralsMD/Code/GameEngine/Source/GameLogic/Object/Collide/CrateCollide/ConvertToCarBombCrateCollide.cpp	excluded	M20-M25	original engine consumers are promoted by the owning source-integration milestone	ZH_LEGACY_ZH_GAME_ENGINE_SOURCES
GeneralsMD/Code/GameEngine/Source/GameLogic/Object/Collide/CrateCollide/ConvertToHijackedVehicleCrateCollide.cpp	excluded	M20-M25	original engine consumers are promoted by the owning source-integration milestone	ZH_LEGACY_ZH_GAME_ENGINE_SOURCES
GeneralsMD/Code/GameEngine/Source/GameLogic/Object/Collide/CrateCollide/CrateCollide.cpp	excluded	M20-M25	original engine consumers are promoted by the owning source-integration milestone	ZH_LEGACY_ZH_GAME_ENGINE_SOURCES
GeneralsMD/Code/GameEngine/Source/GameLogic/Object/Collide/CrateCollide/HealCrateCollide.cpp	excluded	M20-M25	original engine consumers are promoted by the owning source-integration milestone	ZH_LEGACY_ZH_GAME_ENGINE_SOURCES
GeneralsMD/Code/GameEngine/Source/GameLogic/Object/Collide/CrateCollide/MoneyCrateCollide.cpp	excluded	M20-M25	original engine consumers are promoted by the owning source-integration milestone	ZH_LEGACY_ZH_GAME_ENGINE_SOURCES
GeneralsMD/Code/GameEngine/Source/GameLogic/Object/Collide/CrateCollide/SabotageCommandCenterCrateCollide.cpp	excluded	M20-M25	original engine consumers are promoted by the owning source-integration milestone	ZH_LEGACY_ZH_GAME_ENGINE_SOURCES
GeneralsMD/Code/GameEngine/Source/GameLogic/Object/Collide/CrateCollide/SabotageFakeBuilding.cpp	excluded	M20-M25	original engine consumers are promoted by the owning source-integration milestone	ZH_LEGACY_ZH_GAME_ENGINE_SOURCES
GeneralsMD/Code/GameEngine/Source/GameLogic/Object/Collide/CrateCollide/SabotageInternetCenterCrateCollide.cpp	excluded	M20-M25	original engine consumers are promoted by the owning source-integration milestone	ZH_LEGACY_ZH_GAME_ENGINE_SOURCES
GeneralsMD/Code/GameEngine/Source/GameLogic/Object/Collide/CrateCollide/SabotageMilitaryFactoryCrateCollide.cpp	excluded	M20-M25	original engine consumers are promoted by the owning source-integration milestone	ZH_LEGACY_ZH_GAME_ENGINE_SOURCES
GeneralsMD/Code/GameEngine/Source/GameLogic/Object/Collide/CrateCollide/SabotagePowerPlantCrateCollide.cpp	excluded	M20-M25	original engine consumers are promoted by the owning source-integration milestone	ZH_LEGACY_ZH_GAME_ENGINE_SOURCES
GeneralsMD/Code/GameEngine/Source/GameLogic/Object/Collide/CrateCollide/SabotageSuperweaponCrateCollide.cpp	excluded	M20-M25	original engine consumers are promoted by the owning source-integration milestone	ZH_LEGACY_ZH_GAME_ENGINE_SOURCES
GeneralsMD/Code/GameEngine/Source/GameLogic/Object/Collide/CrateCollide/SabotageSupplyCenterCrateCollide.cpp	excluded	M20-M25	original engine consumers are promoted by the owning source-integration milestone	ZH_LEGACY_ZH_GAME_ENGINE_SOURCES
GeneralsMD/Code/GameEngine/Source/GameLogic/Object/Collide/CrateCollide/SabotageSupplyDropzoneCrateCollide.cpp	excluded	M20-M25	original engine consumers are promoted by the owning source-integration milestone	ZH_LEGACY_ZH_GAME_ENGINE_SOURCES
GeneralsMD/Code/GameEngine/Source/GameLogic/Object/Collide/CrateCollide/SalvageCrateCollide.cpp	excluded	M20-M25	original engine consumers are promoted by the owning source-integration milestone	ZH_LEGACY_ZH_GAME_ENGINE_SOURCES
GeneralsMD/Code/GameEngine/Source/GameLogic/Object/Collide/CrateCollide/ShroudCrateCollide.cpp	excluded	M20-M25	original engine consumers are promoted by the owning source-integration milestone	ZH_LEGACY_ZH_GAME_ENGINE_SOURCES
GeneralsMD/Code/GameEngine/Source/GameLogic/Object/Collide/CrateCollide/UnitCrateCollide.cpp	excluded	M20-M25	original engine consumers are promoted by the owning source-integration milestone	ZH_LEGACY_ZH_GAME_ENGINE_SOURCES
GeneralsMD/Code/GameEngine/Source/GameLogic/Object/Collide/CrateCollide/VeterancyCrateCollide.cpp	excluded	M20-M25	original engine consumers are promoted by the owning source-integration milestone	ZH_LEGACY_ZH_GAME_ENGINE_SOURCES
GeneralsMD/Code/GameEngine/Source/GameLogic/Object/Collide/FireWeaponCollide.cpp	excluded	M20-M25	original engine consumers are promoted by the owning source-integration milestone	ZH_LEGACY_ZH_GAME_ENGINE_SOURCES
GeneralsMD/Code/GameEngine/Source/GameLogic/Object/Collide/SquishCollide.cpp	excluded	M20-M25	original engine consumers are promoted by the owning source-integration milestone	ZH_LEGACY_ZH_GAME_ENGINE_SOURCES
GeneralsMD/Code/GameEngine/Source/GameLogic/Object/Contain/CaveContain.cpp	excluded	M20-M25	original engine consumers are promoted by the owning source-integration milestone	ZH_LEGACY_ZH_GAME_ENGINE_SOURCES
GeneralsMD/Code/GameEngine/Source/GameLogic/Object/Contain/GarrisonContain.cpp	excluded	M20-M25	original engine consumers are promoted by the owning source-integration milestone	ZH_LEGACY_ZH_GAME_ENGINE_SOURCES
GeneralsMD/Code/GameEngine/Source/GameLogic/Object/Contain/HealContain.cpp	excluded	M20-M25	original engine consumers are promoted by the owning source-integration milestone	ZH_LEGACY_ZH_GAME_ENGINE_SOURCES
GeneralsMD/Code/GameEngine/Source/GameLogic/Object/Contain/HelixContain.cpp	excluded	M20-M25	original engine consumers are promoted by the owning source-integration milestone	ZH_LEGACY_ZH_GAME_ENGINE_SOURCES
GeneralsMD/Code/GameEngine/Source/GameLogic/Object/Contain/InternetHackContain.cpp	excluded	M20-M25	original engine consumers are promoted by the owning source-integration milestone	ZH_LEGACY_ZH_GAME_ENGINE_SOURCES
GeneralsMD/Code/GameEngine/Source/GameLogic/Object/Contain/MobNexusContain.cpp	excluded	M20-M25	original engine consumers are promoted by the owning source-integration milestone	ZH_LEGACY_ZH_GAME_ENGINE_SOURCES
GeneralsMD/Code/GameEngine/Source/GameLogic/Object/Contain/OpenContain.cpp	excluded	M20-M25	original engine consumers are promoted by the owning source-integration milestone	ZH_LEGACY_ZH_GAME_ENGINE_SOURCES
GeneralsMD/Code/GameEngine/Source/GameLogic/Object/Contain/OverlordContain.cpp	excluded	M20-M25	original engine consumers are promoted by the owning source-integration milestone	ZH_LEGACY_ZH_GAME_ENGINE_SOURCES
GeneralsMD/Code/GameEngine/Source/GameLogic/Object/Contain/ParachuteContain.cpp	excluded	M20-M25	original engine consumers are promoted by the owning source-integration milestone	ZH_LEGACY_ZH_GAME_ENGINE_SOURCES
GeneralsMD/Code/GameEngine/Source/GameLogic/Object/Contain/RailedTransportContain.cpp	excluded	M20-M25	original engine consumers are promoted by the owning source-integration milestone	ZH_LEGACY_ZH_GAME_ENGINE_SOURCES
GeneralsMD/Code/GameEngine/Source/GameLogic/Object/Contain/RiderChangeContain.cpp	excluded	M20-M25	original engine consumers are promoted by the owning source-integration milestone	ZH_LEGACY_ZH_GAME_ENGINE_SOURCES
GeneralsMD/Code/GameEngine/Source/GameLogic/Object/Contain/TransportContain.cpp	excluded	M20-M25	original engine consumers are promoted by the owning source-integration milestone	ZH_LEGACY_ZH_GAME_ENGINE_SOURCES
GeneralsMD/Code/GameEngine/Source/GameLogic/Object/Contain/TunnelContain.cpp	excluded	M20-M25	original engine consumers are promoted by the owning source-integration milestone	ZH_LEGACY_ZH_GAME_ENGINE_SOURCES
GeneralsMD/Code/GameEngine/Source/GameLogic/Object/Create/CreateModule.cpp	excluded	M20-M25	original engine consumers are promoted by the owning source-integration milestone	ZH_LEGACY_ZH_GAME_ENGINE_SOURCES
GeneralsMD/Code/GameEngine/Source/GameLogic/Object/Create/GrantUpgradeCreate.cpp	excluded	M20-M25	original engine consumers are promoted by the owning source-integration milestone	ZH_LEGACY_ZH_GAME_ENGINE_SOURCES
GeneralsMD/Code/GameEngine/Source/GameLogic/Object/Create/LockWeaponCreate.cpp	excluded	M20-M25	original engine consumers are promoted by the owning source-integration milestone	ZH_LEGACY_ZH_GAME_ENGINE_SOURCES
GeneralsMD/Code/GameEngine/Source/GameLogic/Object/Create/PreorderCreate.cpp	excluded	M20-M25	original engine consumers are promoted by the owning source-integration milestone	ZH_LEGACY_ZH_GAME_ENGINE_SOURCES
GeneralsMD/Code/GameEngine/Source/GameLogic/Object/Create/SpecialPowerCreate.cpp	excluded	M20-M25	original engine consumers are promoted by the owning source-integration milestone	ZH_LEGACY_ZH_GAME_ENGINE_SOURCES
GeneralsMD/Code/GameEngine/Source/GameLogic/Object/Create/SupplyCenterCreate.cpp	excluded	M20-M25	original engine consumers are promoted by the owning source-integration milestone	ZH_LEGACY_ZH_GAME_ENGINE_SOURCES
GeneralsMD/Code/GameEngine/Source/GameLogic/Object/Create/SupplyWarehouseCreate.cpp	excluded	M20-M25	original engine consumers are promoted by the owning source-integration milestone	ZH_LEGACY_ZH_GAME_ENGINE_SOURCES
GeneralsMD/Code/GameEngine/Source/GameLogic/Object/Create/VeterancyGainCreate.cpp	excluded	M20-M25	original engine consumers are promoted by the owning source-integration milestone	ZH_LEGACY_ZH_GAME_ENGINE_SOURCES
GeneralsMD/Code/GameEngine/Source/GameLogic/Object/Damage/BoneFXDamage.cpp	excluded	M20-M25	original engine consumers are promoted by the owning source-integration milestone	ZH_LEGACY_ZH_GAME_ENGINE_SOURCES
GeneralsMD/Code/GameEngine/Source/GameLogic/Object/Damage/DamageModule.cpp	excluded	M20-M25	original engine consumers are promoted by the owning source-integration milestone	ZH_LEGACY_ZH_GAME_ENGINE_SOURCES
GeneralsMD/Code/GameEngine/Source/GameLogic/Object/Damage/TransitionDamageFX.cpp	excluded	M20-M25	original engine consumers are promoted by the owning source-integration milestone	ZH_LEGACY_ZH_GAME_ENGINE_SOURCES
GeneralsMD/Code/GameEngine/Source/GameLogic/Object/Destroy/DestroyModule.cpp	excluded	M20-M25	original engine consumers are promoted by the owning source-integration milestone	ZH_LEGACY_ZH_GAME_ENGINE_SOURCES
GeneralsMD/Code/GameEngine/Source/GameLogic/Object/Die/CreateCrateDie.cpp	excluded	M20-M25	original engine consumers are promoted by the owning source-integration milestone	ZH_LEGACY_ZH_GAME_ENGINE_SOURCES
GeneralsMD/Code/GameEngine/Source/GameLogic/Object/Die/CreateObjectDie.cpp	excluded	M20-M25	original engine consumers are promoted by the owning source-integration milestone	ZH_LEGACY_ZH_GAME_ENGINE_SOURCES
GeneralsMD/Code/GameEngine/Source/GameLogic/Object/Die/CrushDie.cpp	excluded	M20-M25	original engine consumers are promoted by the owning source-integration milestone	ZH_LEGACY_ZH_GAME_ENGINE_SOURCES
GeneralsMD/Code/GameEngine/Source/GameLogic/Object/Die/DamDie.cpp	excluded	M20-M25	original engine consumers are promoted by the owning source-integration milestone	ZH_LEGACY_ZH_GAME_ENGINE_SOURCES
GeneralsMD/Code/GameEngine/Source/GameLogic/Object/Die/DestroyDie.cpp	excluded	M20-M25	original engine consumers are promoted by the owning source-integration milestone	ZH_LEGACY_ZH_GAME_ENGINE_SOURCES
GeneralsMD/Code/GameEngine/Source/GameLogic/Object/Die/DieModule.cpp	excluded	M20-M25	original engine consumers are promoted by the owning source-integration milestone	ZH_LEGACY_ZH_GAME_ENGINE_SOURCES
GeneralsMD/Code/GameEngine/Source/GameLogic/Object/Die/EjectPilotDie.cpp	excluded	M20-M25	original engine consumers are promoted by the owning source-integration milestone	ZH_LEGACY_ZH_GAME_ENGINE_SOURCES
GeneralsMD/Code/GameEngine/Source/GameLogic/Object/Die/FXListDie.cpp	excluded	M20-M25	original engine consumers are promoted by the owning source-integration milestone	ZH_LEGACY_ZH_GAME_ENGINE_SOURCES
GeneralsMD/Code/GameEngine/Source/GameLogic/Object/Die/KeepObjectDie.cpp	excluded	M20-M25	original engine consumers are promoted by the owning source-integration milestone	ZH_LEGACY_ZH_GAME_ENGINE_SOURCES
GeneralsMD/Code/GameEngine/Source/GameLogic/Object/Die/RebuildHoleExposeDie.cpp	excluded	M20-M25	original engine consumers are promoted by the owning source-integration milestone	ZH_LEGACY_ZH_GAME_ENGINE_SOURCES
GeneralsMD/Code/GameEngine/Source/GameLogic/Object/Die/SpecialPowerCompletionDie.cpp	excluded	M20-M25	original engine consumers are promoted by the owning source-integration milestone	ZH_LEGACY_ZH_GAME_ENGINE_SOURCES
GeneralsMD/Code/GameEngine/Source/GameLogic/Object/Die/UpgradeDie.cpp	excluded	M20-M25	original engine consumers are promoted by the owning source-integration milestone	ZH_LEGACY_ZH_GAME_ENGINE_SOURCES
GeneralsMD/Code/GameEngine/Source/GameLogic/Object/ExperienceTracker.cpp	excluded	M20-M25	original engine consumers are promoted by the owning source-integration milestone	ZH_LEGACY_ZH_GAME_ENGINE_SOURCES
GeneralsMD/Code/GameEngine/Source/GameLogic/Object/FiringTracker.cpp	excluded	M20-M25	original engine consumers are promoted by the owning source-integration milestone	ZH_LEGACY_ZH_GAME_ENGINE_SOURCES
GeneralsMD/Code/GameEngine/Source/GameLogic/Object/GhostObject.cpp	excluded	M20-M25	original engine consumers are promoted by the owning source-integration milestone	ZH_LEGACY_ZH_GAME_ENGINE_SOURCES
GeneralsMD/Code/GameEngine/Source/GameLogic/Object/Helper/ObjectDefectionHelper.cpp	excluded	M20-M25	original engine consumers are promoted by the owning source-integration milestone	ZH_LEGACY_ZH_GAME_ENGINE_SOURCES
GeneralsMD/Code/GameEngine/Source/GameLogic/Object/Helper/ObjectHelper.cpp	excluded	M20-M25	original engine consumers are promoted by the owning source-integration milestone	ZH_LEGACY_ZH_GAME_ENGINE_SOURCES
GeneralsMD/Code/GameEngine/Source/GameLogic/Object/Helper/ObjectRepulsorHelper.cpp	excluded	M20-M25	original engine consumers are promoted by the owning source-integration milestone	ZH_LEGACY_ZH_GAME_ENGINE_SOURCES
GeneralsMD/Code/GameEngine/Source/GameLogic/Object/Helper/ObjectSMCHelper.cpp	excluded	M20-M25	original engine consumers are promoted by the owning source-integration milestone	ZH_LEGACY_ZH_GAME_ENGINE_SOURCES
GeneralsMD/Code/GameEngine/Source/GameLogic/Object/Helper/ObjectWeaponStatusHelper.cpp	excluded	M20-M25	original engine consumers are promoted by the owning source-integration milestone	ZH_LEGACY_ZH_GAME_ENGINE_SOURCES
GeneralsMD/Code/GameEngine/Source/GameLogic/Object/Helper/StatusDamageHelper.cpp	excluded	M20-M25	original engine consumers are promoted by the owning source-integration milestone	ZH_LEGACY_ZH_GAME_ENGINE_SOURCES
GeneralsMD/Code/GameEngine/Source/GameLogic/Object/Helper/SubdualDamageHelper.cpp	excluded	M20-M25	original engine consumers are promoted by the owning source-integration milestone	ZH_LEGACY_ZH_GAME_ENGINE_SOURCES
GeneralsMD/Code/GameEngine/Source/GameLogic/Object/Helper/TempWeaponBonusHelper.cpp	excluded	M20-M25	original engine consumers are promoted by the owning source-integration milestone	ZH_LEGACY_ZH_GAME_ENGINE_SOURCES
GeneralsMD/Code/GameEngine/Source/GameLogic/Object/Locomotor.cpp	excluded	M20-M25	original engine consumers are promoted by the owning source-integration milestone	ZH_LEGACY_ZH_GAME_ENGINE_SOURCES
GeneralsMD/Code/GameEngine/Source/GameLogic/Object/Object.cpp	excluded	M20-M25	original engine consumers are promoted by the owning source-integration milestone	ZH_LEGACY_ZH_GAME_ENGINE_SOURCES
GeneralsMD/Code/GameEngine/Source/GameLogic/Object/ObjectCreationList.cpp	excluded	M20-M25	original engine consumers are promoted by the owning source-integration milestone	ZH_LEGACY_ZH_GAME_ENGINE_SOURCES
GeneralsMD/Code/GameEngine/Source/GameLogic/Object/ObjectTypes.cpp	excluded	M20-M25	original engine consumers are promoted by the owning source-integration milestone	ZH_LEGACY_ZH_GAME_ENGINE_SOURCES
GeneralsMD/Code/GameEngine/Source/GameLogic/Object/PartitionManager.cpp	excluded	M20-M25	original engine consumers are promoted by the owning source-integration milestone	ZH_LEGACY_ZH_GAME_ENGINE_SOURCES
GeneralsMD/Code/GameEngine/Source/GameLogic/Object/SimpleObjectIterator.cpp	excluded	M20-M25	original engine consumers are promoted by the owning source-integration milestone	ZH_LEGACY_ZH_GAME_ENGINE_SOURCES
GeneralsMD/Code/GameEngine/Source/GameLogic/Object/SpecialPower/BaikonurLaunchPower.cpp	excluded	M20-M25	original engine consumers are promoted by the owning source-integration milestone	ZH_LEGACY_ZH_GAME_ENGINE_SOURCES
GeneralsMD/Code/GameEngine/Source/GameLogic/Object/SpecialPower/CashBountyPower.cpp	excluded	M20-M25	original engine consumers are promoted by the owning source-integration milestone	ZH_LEGACY_ZH_GAME_ENGINE_SOURCES
GeneralsMD/Code/GameEngine/Source/GameLogic/Object/SpecialPower/CashHackSpecialPower.cpp	excluded	M20-M25	original engine consumers are promoted by the owning source-integration milestone	ZH_LEGACY_ZH_GAME_ENGINE_SOURCES
GeneralsMD/Code/GameEngine/Source/GameLogic/Object/SpecialPower/CleanupAreaPower.cpp	excluded	M20-M25	original engine consumers are promoted by the owning source-integration milestone	ZH_LEGACY_ZH_GAME_ENGINE_SOURCES
GeneralsMD/Code/GameEngine/Source/GameLogic/Object/SpecialPower/DefectorSpecialPower.cpp	excluded	M20-M25	original engine consumers are promoted by the owning source-integration milestone	ZH_LEGACY_ZH_GAME_ENGINE_SOURCES
GeneralsMD/Code/GameEngine/Source/GameLogic/Object/SpecialPower/DemoralizeSpecialPower.cpp	excluded	M20-M25	original engine consumers are promoted by the owning source-integration milestone	ZH_LEGACY_ZH_GAME_ENGINE_SOURCES
GeneralsMD/Code/GameEngine/Source/GameLogic/Object/SpecialPower/FireWeaponPower.cpp	excluded	M20-M25	original engine consumers are promoted by the owning source-integration milestone	ZH_LEGACY_ZH_GAME_ENGINE_SOURCES
GeneralsMD/Code/GameEngine/Source/GameLogic/Object/SpecialPower/OCLSpecialPower.cpp	excluded	M20-M25	original engine consumers are promoted by the owning source-integration milestone	ZH_LEGACY_ZH_GAME_ENGINE_SOURCES
GeneralsMD/Code/GameEngine/Source/GameLogic/Object/SpecialPower/SpecialAbility.cpp	excluded	M20-M25	original engine consumers are promoted by the owning source-integration milestone	ZH_LEGACY_ZH_GAME_ENGINE_SOURCES
GeneralsMD/Code/GameEngine/Source/GameLogic/Object/SpecialPower/SpecialPowerModule.cpp	excluded	M20-M25	original engine consumers are promoted by the owning source-integration milestone	ZH_LEGACY_ZH_GAME_ENGINE_SOURCES
GeneralsMD/Code/GameEngine/Source/GameLogic/Object/SpecialPower/SpyVisionSpecialPower.cpp	excluded	M20-M25	original engine consumers are promoted by the owning source-integration milestone	ZH_LEGACY_ZH_GAME_ENGINE_SOURCES
GeneralsMD/Code/GameEngine/Source/GameLogic/Object/Update/AIUpdate.cpp	excluded	M20-M25	original engine consumers are promoted by the owning source-integration milestone	ZH_LEGACY_ZH_GAME_ENGINE_SOURCES
GeneralsMD/Code/GameEngine/Source/GameLogic/Object/Update/AIUpdate/AssaultTransportAIUpdate.cpp	excluded	M20-M25	original engine consumers are promoted by the owning source-integration milestone	ZH_LEGACY_ZH_GAME_ENGINE_SOURCES
GeneralsMD/Code/GameEngine/Source/GameLogic/Object/Update/AIUpdate/ChinookAIUpdate.cpp	excluded	M20-M25	original engine consumers are promoted by the owning source-integration milestone	ZH_LEGACY_ZH_GAME_ENGINE_SOURCES
GeneralsMD/Code/GameEngine/Source/GameLogic/Object/Update/AIUpdate/DeliverPayloadAIUpdate.cpp	excluded	M20-M25	original engine consumers are promoted by the owning source-integration milestone	ZH_LEGACY_ZH_GAME_ENGINE_SOURCES
GeneralsMD/Code/GameEngine/Source/GameLogic/Object/Update/AIUpdate/DeployStyleAIUpdate.cpp	excluded	M20-M25	original engine consumers are promoted by the owning source-integration milestone	ZH_LEGACY_ZH_GAME_ENGINE_SOURCES
GeneralsMD/Code/GameEngine/Source/GameLogic/Object/Update/AIUpdate/DozerAIUpdate.cpp	excluded	M20-M25	original engine consumers are promoted by the owning source-integration milestone	ZH_LEGACY_ZH_GAME_ENGINE_SOURCES
GeneralsMD/Code/GameEngine/Source/GameLogic/Object/Update/AIUpdate/HackInternetAIUpdate.cpp	excluded	M20-M25	original engine consumers are promoted by the owning source-integration milestone	ZH_LEGACY_ZH_GAME_ENGINE_SOURCES
GeneralsMD/Code/GameEngine/Source/GameLogic/Object/Update/AIUpdate/JetAIUpdate.cpp	excluded	M20-M25	original engine consumers are promoted by the owning source-integration milestone	ZH_LEGACY_ZH_GAME_ENGINE_SOURCES
GeneralsMD/Code/GameEngine/Source/GameLogic/Object/Update/AIUpdate/MissileAIUpdate.cpp	excluded	M20-M25	original engine consumers are promoted by the owning source-integration milestone	ZH_LEGACY_ZH_GAME_ENGINE_SOURCES
GeneralsMD/Code/GameEngine/Source/GameLogic/Object/Update/AIUpdate/POWTruckAIUpdate.cpp	excluded	M20-M25	original engine consumers are promoted by the owning source-integration milestone	ZH_LEGACY_ZH_GAME_ENGINE_SOURCES
GeneralsMD/Code/GameEngine/Source/GameLogic/Object/Update/AIUpdate/RailedTransportAIUpdate.cpp	excluded	M20-M25	original engine consumers are promoted by the owning source-integration milestone	ZH_LEGACY_ZH_GAME_ENGINE_SOURCES
GeneralsMD/Code/GameEngine/Source/GameLogic/Object/Update/AIUpdate/RailroadGuideAIUpdate.cpp	excluded	M20-M25	original engine consumers are promoted by the owning source-integration milestone	ZH_LEGACY_ZH_GAME_ENGINE_SOURCES
GeneralsMD/Code/GameEngine/Source/GameLogic/Object/Update/AIUpdate/SupplyTruckAIUpdate.cpp	excluded	M20-M25	original engine consumers are promoted by the owning source-integration milestone	ZH_LEGACY_ZH_GAME_ENGINE_SOURCES
GeneralsMD/Code/GameEngine/Source/GameLogic/Object/Update/AIUpdate/TransportAIUpdate.cpp	excluded	M20-M25	original engine consumers are promoted by the owning source-integration milestone	ZH_LEGACY_ZH_GAME_ENGINE_SOURCES
GeneralsMD/Code/GameEngine/Source/GameLogic/Object/Update/AIUpdate/WanderAIUpdate.cpp	excluded	M20-M25	original engine consumers are promoted by the owning source-integration milestone	ZH_LEGACY_ZH_GAME_ENGINE_SOURCES
GeneralsMD/Code/GameEngine/Source/GameLogic/Object/Update/AIUpdate/WorkerAIUpdate.cpp	excluded	M20-M25	original engine consumers are promoted by the owning source-integration milestone	ZH_LEGACY_ZH_GAME_ENGINE_SOURCES
GeneralsMD/Code/GameEngine/Source/GameLogic/Object/Update/AnimationSteeringUpdate.cpp	excluded	M20-M25	original engine consumers are promoted by the owning source-integration milestone	ZH_LEGACY_ZH_GAME_ENGINE_SOURCES
GeneralsMD/Code/GameEngine/Source/GameLogic/Object/Update/AssistedTargetingUpdate.cpp	excluded	M20-M25	original engine consumers are promoted by the owning source-integration milestone	ZH_LEGACY_ZH_GAME_ENGINE_SOURCES
GeneralsMD/Code/GameEngine/Source/GameLogic/Object/Update/AutoDepositUpdate.cpp	excluded	M20-M25	original engine consumers are promoted by the owning source-integration milestone	ZH_LEGACY_ZH_GAME_ENGINE_SOURCES
GeneralsMD/Code/GameEngine/Source/GameLogic/Object/Update/AutoFindHealingUpdate.cpp	excluded	M20-M25	original engine consumers are promoted by the owning source-integration milestone	ZH_LEGACY_ZH_GAME_ENGINE_SOURCES
GeneralsMD/Code/GameEngine/Source/GameLogic/Object/Update/BaseRenerateUpdate.cpp	excluded	M20-M25	original engine consumers are promoted by the owning source-integration milestone	ZH_LEGACY_ZH_GAME_ENGINE_SOURCES
GeneralsMD/Code/GameEngine/Source/GameLogic/Object/Update/BattlePlanUpdate.cpp	excluded	M20-M25	original engine consumers are promoted by the owning source-integration milestone	ZH_LEGACY_ZH_GAME_ENGINE_SOURCES
GeneralsMD/Code/GameEngine/Source/GameLogic/Object/Update/BoneFXUpdate.cpp	excluded	M20-M25	original engine consumers are promoted by the owning source-integration milestone	ZH_LEGACY_ZH_GAME_ENGINE_SOURCES
GeneralsMD/Code/GameEngine/Source/GameLogic/Object/Update/CheckpointUpdate.cpp	excluded	M20-M25	original engine consumers are promoted by the owning source-integration milestone	ZH_LEGACY_ZH_GAME_ENGINE_SOURCES
GeneralsMD/Code/GameEngine/Source/GameLogic/Object/Update/CleanupHazardUpdate.cpp	excluded	M20-M25	original engine consumers are promoted by the owning source-integration milestone	ZH_LEGACY_ZH_GAME_ENGINE_SOURCES
GeneralsMD/Code/GameEngine/Source/GameLogic/Object/Update/CommandButtonHuntUpdate.cpp	excluded	M20-M25	original engine consumers are promoted by the owning source-integration milestone	ZH_LEGACY_ZH_GAME_ENGINE_SOURCES
GeneralsMD/Code/GameEngine/Source/GameLogic/Object/Update/DeletionUpdate.cpp	excluded	M20-M25	original engine consumers are promoted by the owning source-integration milestone	ZH_LEGACY_ZH_GAME_ENGINE_SOURCES
GeneralsMD/Code/GameEngine/Source/GameLogic/Object/Update/DemoTrapUpdate.cpp	excluded	M20-M25	original engine consumers are promoted by the owning source-integration milestone	ZH_LEGACY_ZH_GAME_ENGINE_SOURCES
GeneralsMD/Code/GameEngine/Source/GameLogic/Object/Update/DockUpdate/DockUpdate.cpp	excluded	M20-M25	original engine consumers are promoted by the owning source-integration milestone	ZH_LEGACY_ZH_GAME_ENGINE_SOURCES
GeneralsMD/Code/GameEngine/Source/GameLogic/Object/Update/DockUpdate/PrisonDockUpdate.cpp	excluded	M20-M25	original engine consumers are promoted by the owning source-integration milestone	ZH_LEGACY_ZH_GAME_ENGINE_SOURCES
GeneralsMD/Code/GameEngine/Source/GameLogic/Object/Update/DockUpdate/RailedTransportDockUpdate.cpp	excluded	M20-M25	original engine consumers are promoted by the owning source-integration milestone	ZH_LEGACY_ZH_GAME_ENGINE_SOURCES
GeneralsMD/Code/GameEngine/Source/GameLogic/Object/Update/DockUpdate/RepairDockUpdate.cpp	excluded	M20-M25	original engine consumers are promoted by the owning source-integration milestone	ZH_LEGACY_ZH_GAME_ENGINE_SOURCES
GeneralsMD/Code/GameEngine/Source/GameLogic/Object/Update/DockUpdate/SupplyCenterDockUpdate.cpp	excluded	M20-M25	original engine consumers are promoted by the owning source-integration milestone	ZH_LEGACY_ZH_GAME_ENGINE_SOURCES
GeneralsMD/Code/GameEngine/Source/GameLogic/Object/Update/DockUpdate/SupplyWarehouseDockUpdate.cpp	excluded	M20-M25	original engine consumers are promoted by the owning source-integration milestone	ZH_LEGACY_ZH_GAME_ENGINE_SOURCES
GeneralsMD/Code/GameEngine/Source/GameLogic/Object/Update/DynamicGeometryInfoUpdate.cpp	excluded	M20-M25	original engine consumers are promoted by the owning source-integration milestone	ZH_LEGACY_ZH_GAME_ENGINE_SOURCES
GeneralsMD/Code/GameEngine/Source/GameLogic/Object/Update/DynamicShroudClearingRangeUpdate.cpp	excluded	M20-M25	original engine consumers are promoted by the owning source-integration milestone	ZH_LEGACY_ZH_GAME_ENGINE_SOURCES
GeneralsMD/Code/GameEngine/Source/GameLogic/Object/Update/EMPUpdate.cpp	excluded	M20-M25	original engine consumers are promoted by the owning source-integration milestone	ZH_LEGACY_ZH_GAME_ENGINE_SOURCES
GeneralsMD/Code/GameEngine/Source/GameLogic/Object/Update/EnemyNearUpdate.cpp	excluded	M20-M25	original engine consumers are promoted by the owning source-integration milestone	ZH_LEGACY_ZH_GAME_ENGINE_SOURCES
GeneralsMD/Code/GameEngine/Source/GameLogic/Object/Update/FireOCLAfterWeaponCooldownUpdate.cpp	excluded	M20-M25	original engine consumers are promoted by the owning source-integration milestone	ZH_LEGACY_ZH_GAME_ENGINE_SOURCES
GeneralsMD/Code/GameEngine/Source/GameLogic/Object/Update/FireSpreadUpdate.cpp	excluded	M20-M25	original engine consumers are promoted by the owning source-integration milestone	ZH_LEGACY_ZH_GAME_ENGINE_SOURCES
GeneralsMD/Code/GameEngine/Source/GameLogic/Object/Update/FireWeaponUpdate.cpp	excluded	M20-M25	original engine consumers are promoted by the owning source-integration milestone	ZH_LEGACY_ZH_GAME_ENGINE_SOURCES
GeneralsMD/Code/GameEngine/Source/GameLogic/Object/Update/FirestormDynamicGeometryInfoUpdate.cpp	excluded	M20-M25	original engine consumers are promoted by the owning source-integration milestone	ZH_LEGACY_ZH_GAME_ENGINE_SOURCES
GeneralsMD/Code/GameEngine/Source/GameLogic/Object/Update/FlammableUpdate.cpp	excluded	M20-M25	original engine consumers are promoted by the owning source-integration milestone	ZH_LEGACY_ZH_GAME_ENGINE_SOURCES
GeneralsMD/Code/GameEngine/Source/GameLogic/Object/Update/FloatUpdate.cpp	excluded	M20-M25	original engine consumers are promoted by the owning source-integration milestone	ZH_LEGACY_ZH_GAME_ENGINE_SOURCES
GeneralsMD/Code/GameEngine/Source/GameLogic/Object/Update/HeightDieUpdate.cpp	excluded	M20-M25	original engine consumers are promoted by the owning source-integration milestone	ZH_LEGACY_ZH_GAME_ENGINE_SOURCES
GeneralsMD/Code/GameEngine/Source/GameLogic/Object/Update/HelicopterSlowDeathUpdate.cpp	excluded	M20-M25	original engine consumers are promoted by the owning source-integration milestone	ZH_LEGACY_ZH_GAME_ENGINE_SOURCES
GeneralsMD/Code/GameEngine/Source/GameLogic/Object/Update/HijackerUpdate.cpp	excluded	M20-M25	original engine consumers are promoted by the owning source-integration milestone	ZH_LEGACY_ZH_GAME_ENGINE_SOURCES
GeneralsMD/Code/GameEngine/Source/GameLogic/Object/Update/HordeUpdate.cpp	excluded	M20-M25	original engine consumers are promoted by the owning source-integration milestone	ZH_LEGACY_ZH_GAME_ENGINE_SOURCES
GeneralsMD/Code/GameEngine/Source/GameLogic/Object/Update/LaserUpdate.cpp	excluded	M20-M25	original engine consumers are promoted by the owning source-integration milestone	ZH_LEGACY_ZH_GAME_ENGINE_SOURCES
GeneralsMD/Code/GameEngine/Source/GameLogic/Object/Update/LifetimeUpdate.cpp	excluded	M20-M25	original engine consumers are promoted by the owning source-integration milestone	ZH_LEGACY_ZH_GAME_ENGINE_SOURCES
GeneralsMD/Code/GameEngine/Source/GameLogic/Object/Update/MissileLauncherBuildingUpdate.cpp	excluded	M20-M25	original engine consumers are promoted by the owning source-integration milestone	ZH_LEGACY_ZH_GAME_ENGINE_SOURCES
GeneralsMD/Code/GameEngine/Source/GameLogic/Object/Update/MobMemberSlavedUpdate.cpp	excluded	M20-M25	original engine consumers are promoted by the owning source-integration milestone	ZH_LEGACY_ZH_GAME_ENGINE_SOURCES
GeneralsMD/Code/GameEngine/Source/GameLogic/Object/Update/NeutronMissileSlowDeathUpdate.cpp	excluded	M20-M25	original engine consumers are promoted by the owning source-integration milestone	ZH_LEGACY_ZH_GAME_ENGINE_SOURCES
GeneralsMD/Code/GameEngine/Source/GameLogic/Object/Update/NeutronMissileUpdate.cpp	excluded	M20-M25	original engine consumers are promoted by the owning source-integration milestone	ZH_LEGACY_ZH_GAME_ENGINE_SOURCES
GeneralsMD/Code/GameEngine/Source/GameLogic/Object/Update/OCLUpdate.cpp	excluded	M20-M25	original engine consumers are promoted by the owning source-integration milestone	ZH_LEGACY_ZH_GAME_ENGINE_SOURCES
GeneralsMD/Code/GameEngine/Source/GameLogic/Object/Update/ParticleUplinkCannonUpdate.cpp	excluded	M20-M25	original engine consumers are promoted by the owning source-integration milestone	ZH_LEGACY_ZH_GAME_ENGINE_SOURCES
GeneralsMD/Code/GameEngine/Source/GameLogic/Object/Update/PhysicsUpdate.cpp	excluded	M20-M25	original engine consumers are promoted by the owning source-integration milestone	ZH_LEGACY_ZH_GAME_ENGINE_SOURCES
GeneralsMD/Code/GameEngine/Source/GameLogic/Object/Update/PilotFindVehicleUpdate.cpp	excluded	M20-M25	original engine consumers are promoted by the owning source-integration milestone	ZH_LEGACY_ZH_GAME_ENGINE_SOURCES
GeneralsMD/Code/GameEngine/Source/GameLogic/Object/Update/PointDefenseLaserUpdate.cpp	excluded	M20-M25	original engine consumers are promoted by the owning source-integration milestone	ZH_LEGACY_ZH_GAME_ENGINE_SOURCES
GeneralsMD/Code/GameEngine/Source/GameLogic/Object/Update/PowerPlantUpdate.cpp	excluded	M20-M25	original engine consumers are promoted by the owning source-integration milestone	ZH_LEGACY_ZH_GAME_ENGINE_SOURCES
GeneralsMD/Code/GameEngine/Source/GameLogic/Object/Update/ProductionExitUpdate/DefaultProductionExitUpdate.cpp	excluded	M20-M25	original engine consumers are promoted by the owning source-integration milestone	ZH_LEGACY_ZH_GAME_ENGINE_SOURCES
GeneralsMD/Code/GameEngine/Source/GameLogic/Object/Update/ProductionExitUpdate/QueueProductionExitUpdate.cpp	excluded	M20-M25	original engine consumers are promoted by the owning source-integration milestone	ZH_LEGACY_ZH_GAME_ENGINE_SOURCES
GeneralsMD/Code/GameEngine/Source/GameLogic/Object/Update/ProductionExitUpdate/SpawnPointProductionExitUpdate.cpp	excluded	M20-M25	original engine consumers are promoted by the owning source-integration milestone	ZH_LEGACY_ZH_GAME_ENGINE_SOURCES
GeneralsMD/Code/GameEngine/Source/GameLogic/Object/Update/ProductionExitUpdate/SupplyCenterProductionExitUpdate.cpp	excluded	M20-M25	original engine consumers are promoted by the owning source-integration milestone	ZH_LEGACY_ZH_GAME_ENGINE_SOURCES
GeneralsMD/Code/GameEngine/Source/GameLogic/Object/Update/ProductionUpdate.cpp	excluded	M20-M25	original engine consumers are promoted by the owning source-integration milestone	ZH_LEGACY_ZH_GAME_ENGINE_SOURCES
GeneralsMD/Code/GameEngine/Source/GameLogic/Object/Update/ProjectileStreamUpdate.cpp	excluded	M20-M25	original engine consumers are promoted by the owning source-integration milestone	ZH_LEGACY_ZH_GAME_ENGINE_SOURCES
GeneralsMD/Code/GameEngine/Source/GameLogic/Object/Update/ProneUpdate.cpp	excluded	M20-M25	original engine consumers are promoted by the owning source-integration milestone	ZH_LEGACY_ZH_GAME_ENGINE_SOURCES
GeneralsMD/Code/GameEngine/Source/GameLogic/Object/Update/RadarUpdate.cpp	excluded	M20-M25	original engine consumers are promoted by the owning source-integration milestone	ZH_LEGACY_ZH_GAME_ENGINE_SOURCES
GeneralsMD/Code/GameEngine/Source/GameLogic/Object/Update/RadiusDecalUpdate.cpp	excluded	M20-M25	original engine consumers are promoted by the owning source-integration milestone	ZH_LEGACY_ZH_GAME_ENGINE_SOURCES
GeneralsMD/Code/GameEngine/Source/GameLogic/Object/Update/SlavedUpdate.cpp	excluded	M20-M25	original engine consumers are promoted by the owning source-integration milestone	ZH_LEGACY_ZH_GAME_ENGINE_SOURCES
GeneralsMD/Code/GameEngine/Source/GameLogic/Object/Update/SmartBombTargetHomingUpdate.cpp	excluded	M20-M25	original engine consumers are promoted by the owning source-integration milestone	ZH_LEGACY_ZH_GAME_ENGINE_SOURCES
GeneralsMD/Code/GameEngine/Source/GameLogic/Object/Update/SpecialAbilityUpdate.cpp	excluded	M20-M25	original engine consumers are promoted by the owning source-integration milestone	ZH_LEGACY_ZH_GAME_ENGINE_SOURCES
GeneralsMD/Code/GameEngine/Source/GameLogic/Object/Update/SpecialPowerUpdateModule.cpp	excluded	M20-M25	original engine consumers are promoted by the owning source-integration milestone	ZH_LEGACY_ZH_GAME_ENGINE_SOURCES
GeneralsMD/Code/GameEngine/Source/GameLogic/Object/Update/SpectreGunshipDeploymentUpdate.cpp	excluded	M20-M25	original engine consumers are promoted by the owning source-integration milestone	ZH_LEGACY_ZH_GAME_ENGINE_SOURCES
GeneralsMD/Code/GameEngine/Source/GameLogic/Object/Update/SpectreGunshipUpdate.cpp	excluded	M20-M25	original engine consumers are promoted by the owning source-integration milestone	ZH_LEGACY_ZH_GAME_ENGINE_SOURCES
GeneralsMD/Code/GameEngine/Source/GameLogic/Object/Update/SpyVisionUpdate.cpp	excluded	M20-M25	original engine consumers are promoted by the owning source-integration milestone	ZH_LEGACY_ZH_GAME_ENGINE_SOURCES
GeneralsMD/Code/GameEngine/Source/GameLogic/Object/Update/StealthDetectorUpdate.cpp	excluded	M20-M25	original engine consumers are promoted by the owning source-integration milestone	ZH_LEGACY_ZH_GAME_ENGINE_SOURCES
GeneralsMD/Code/GameEngine/Source/GameLogic/Object/Update/StealthUpdate.cpp	excluded	M20-M25	original engine consumers are promoted by the owning source-integration milestone	ZH_LEGACY_ZH_GAME_ENGINE_SOURCES
GeneralsMD/Code/GameEngine/Source/GameLogic/Object/Update/StickyBombUpdate.cpp	excluded	M20-M25	original engine consumers are promoted by the owning source-integration milestone	ZH_LEGACY_ZH_GAME_ENGINE_SOURCES
GeneralsMD/Code/GameEngine/Source/GameLogic/Object/Update/StructureCollapseUpdate.cpp	excluded	M20-M25	original engine consumers are promoted by the owning source-integration milestone	ZH_LEGACY_ZH_GAME_ENGINE_SOURCES
GeneralsMD/Code/GameEngine/Source/GameLogic/Object/Update/StructureToppleUpdate.cpp	excluded	M20-M25	original engine consumers are promoted by the owning source-integration milestone	ZH_LEGACY_ZH_GAME_ENGINE_SOURCES
GeneralsMD/Code/GameEngine/Source/GameLogic/Object/Update/TensileFormationUpdate.cpp	excluded	M20-M25	original engine consumers are promoted by the owning source-integration milestone	ZH_LEGACY_ZH_GAME_ENGINE_SOURCES
GeneralsMD/Code/GameEngine/Source/GameLogic/Object/Update/ToppleUpdate.cpp	excluded	M20-M25	original engine consumers are promoted by the owning source-integration milestone	ZH_LEGACY_ZH_GAME_ENGINE_SOURCES
GeneralsMD/Code/GameEngine/Source/GameLogic/Object/Update/UpdateModule.cpp	excluded	M20-M25	original engine consumers are promoted by the owning source-integration milestone	ZH_LEGACY_ZH_GAME_ENGINE_SOURCES
GeneralsMD/Code/GameEngine/Source/GameLogic/Object/Update/WaveGuideUpdate.cpp	excluded	M20-M25	original engine consumers are promoted by the owning source-integration milestone	ZH_LEGACY_ZH_GAME_ENGINE_SOURCES
GeneralsMD/Code/GameEngine/Source/GameLogic/Object/Update/WeaponBonusUpdate.cpp	excluded	M20-M25	original engine consumers are promoted by the owning source-integration milestone	ZH_LEGACY_ZH_GAME_ENGINE_SOURCES
GeneralsMD/Code/GameEngine/Source/GameLogic/Object/Upgrade/ActiveShroudUpgrade.cpp	excluded	M20-M25	original engine consumers are promoted by the owning source-integration milestone	ZH_LEGACY_ZH_GAME_ENGINE_SOURCES
GeneralsMD/Code/GameEngine/Source/GameLogic/Object/Upgrade/ArmorUpgrade.cpp	excluded	M20-M25	original engine consumers are promoted by the owning source-integration milestone	ZH_LEGACY_ZH_GAME_ENGINE_SOURCES
GeneralsMD/Code/GameEngine/Source/GameLogic/Object/Upgrade/CommandSetUpgrade.cpp	excluded	M20-M25	original engine consumers are promoted by the owning source-integration milestone	ZH_LEGACY_ZH_GAME_ENGINE_SOURCES
GeneralsMD/Code/GameEngine/Source/GameLogic/Object/Upgrade/CostModifierUpgrade.cpp	excluded	M20-M25	original engine consumers are promoted by the owning source-integration milestone	ZH_LEGACY_ZH_GAME_ENGINE_SOURCES
GeneralsMD/Code/GameEngine/Source/GameLogic/Object/Upgrade/ExperienceScalarUpgrade.cpp	excluded	M20-M25	original engine consumers are promoted by the owning source-integration milestone	ZH_LEGACY_ZH_GAME_ENGINE_SOURCES
GeneralsMD/Code/GameEngine/Source/GameLogic/Object/Upgrade/GrantScienceUpgrade.cpp	excluded	M20-M25	original engine consumers are promoted by the owning source-integration milestone	ZH_LEGACY_ZH_GAME_ENGINE_SOURCES
GeneralsMD/Code/GameEngine/Source/GameLogic/Object/Upgrade/LocomotorSetUpgrade.cpp	excluded	M20-M25	original engine consumers are promoted by the owning source-integration milestone	ZH_LEGACY_ZH_GAME_ENGINE_SOURCES
GeneralsMD/Code/GameEngine/Source/GameLogic/Object/Upgrade/MaxHealthUpgrade.cpp	excluded	M20-M25	original engine consumers are promoted by the owning source-integration milestone	ZH_LEGACY_ZH_GAME_ENGINE_SOURCES
GeneralsMD/Code/GameEngine/Source/GameLogic/Object/Upgrade/ModelConditionUpgrade.cpp	excluded	M20-M25	original engine consumers are promoted by the owning source-integration milestone	ZH_LEGACY_ZH_GAME_ENGINE_SOURCES
GeneralsMD/Code/GameEngine/Source/GameLogic/Object/Upgrade/ObjectCreationUpgrade.cpp	excluded	M20-M25	original engine consumers are promoted by the owning source-integration milestone	ZH_LEGACY_ZH_GAME_ENGINE_SOURCES
GeneralsMD/Code/GameEngine/Source/GameLogic/Object/Upgrade/PassengersFireUpgrade.cpp	excluded	M20-M25	original engine consumers are promoted by the owning source-integration milestone	ZH_LEGACY_ZH_GAME_ENGINE_SOURCES
GeneralsMD/Code/GameEngine/Source/GameLogic/Object/Upgrade/PowerPlantUpgrade.cpp	excluded	M20-M25	original engine consumers are promoted by the owning source-integration milestone	ZH_LEGACY_ZH_GAME_ENGINE_SOURCES
GeneralsMD/Code/GameEngine/Source/GameLogic/Object/Upgrade/RadarUpgrade.cpp	excluded	M20-M25	original engine consumers are promoted by the owning source-integration milestone	ZH_LEGACY_ZH_GAME_ENGINE_SOURCES
GeneralsMD/Code/GameEngine/Source/GameLogic/Object/Upgrade/ReplaceObjectUpgrade.cpp	excluded	M20-M25	original engine consumers are promoted by the owning source-integration milestone	ZH_LEGACY_ZH_GAME_ENGINE_SOURCES
GeneralsMD/Code/GameEngine/Source/GameLogic/Object/Upgrade/StatusBitsUpgrade.cpp	excluded	M20-M25	original engine consumers are promoted by the owning source-integration milestone	ZH_LEGACY_ZH_GAME_ENGINE_SOURCES
GeneralsMD/Code/GameEngine/Source/GameLogic/Object/Upgrade/StealthUpgrade.cpp	excluded	M20-M25	original engine consumers are promoted by the owning source-integration milestone	ZH_LEGACY_ZH_GAME_ENGINE_SOURCES
GeneralsMD/Code/GameEngine/Source/GameLogic/Object/Upgrade/SubObjectsUpgrade.cpp	excluded	M20-M25	original engine consumers are promoted by the owning source-integration milestone	ZH_LEGACY_ZH_GAME_ENGINE_SOURCES
GeneralsMD/Code/GameEngine/Source/GameLogic/Object/Upgrade/UnpauseSpecialPowerUpgrade.cpp	excluded	M20-M25	original engine consumers are promoted by the owning source-integration milestone	ZH_LEGACY_ZH_GAME_ENGINE_SOURCES
GeneralsMD/Code/GameEngine/Source/GameLogic/Object/Upgrade/UpgradeModule.cpp	excluded	M20-M25	original engine consumers are promoted by the owning source-integration milestone	ZH_LEGACY_ZH_GAME_ENGINE_SOURCES
GeneralsMD/Code/GameEngine/Source/GameLogic/Object/Upgrade/WeaponBonusUpgrade.cpp	excluded	M20-M25	original engine consumers are promoted by the owning source-integration milestone	ZH_LEGACY_ZH_GAME_ENGINE_SOURCES
GeneralsMD/Code/GameEngine/Source/GameLogic/Object/Upgrade/WeaponSetUpgrade.cpp	excluded	M20-M25	original engine consumers are promoted by the owning source-integration milestone	ZH_LEGACY_ZH_GAME_ENGINE_SOURCES
GeneralsMD/Code/GameEngine/Source/GameLogic/Object/Weapon.cpp	excluded	M20-M25	original engine consumers are promoted by the owning source-integration milestone	ZH_LEGACY_ZH_GAME_ENGINE_SOURCES
GeneralsMD/Code/GameEngine/Source/GameLogic/Object/WeaponSet.cpp	excluded	M20-M25	original engine consumers are promoted by the owning source-integration milestone	ZH_LEGACY_ZH_GAME_ENGINE_SOURCES
GeneralsMD/Code/GameEngine/Source/GameLogic/ScriptEngine/ScriptActions.cpp	excluded	M20-M25	original engine consumers are promoted by the owning source-integration milestone	ZH_LEGACY_ZH_GAME_ENGINE_SOURCES
GeneralsMD/Code/GameEngine/Source/GameLogic/ScriptEngine/ScriptConditions.cpp	excluded	M20-M25	original engine consumers are promoted by the owning source-integration milestone	ZH_LEGACY_ZH_GAME_ENGINE_SOURCES
GeneralsMD/Code/GameEngine/Source/GameLogic/ScriptEngine/ScriptEngine.cpp	excluded	M20-M25	original engine consumers are promoted by the owning source-integration milestone	ZH_LEGACY_ZH_GAME_ENGINE_SOURCES
GeneralsMD/Code/GameEngine/Source/GameLogic/ScriptEngine/Scripts.cpp	excluded	M20-M25	original engine consumers are promoted by the owning source-integration milestone	ZH_LEGACY_ZH_GAME_ENGINE_SOURCES
GeneralsMD/Code/GameEngine/Source/GameLogic/ScriptEngine/VictoryConditions.cpp	excluded	M20-M25	original engine consumers are promoted by the owning source-integration milestone	ZH_LEGACY_ZH_GAME_ENGINE_SOURCES
GeneralsMD/Code/GameEngine/Source/GameLogic/System/CaveSystem.cpp	excluded	M20-M25	original engine consumers are promoted by the owning source-integration milestone	ZH_LEGACY_ZH_GAME_ENGINE_SOURCES
GeneralsMD/Code/GameEngine/Source/GameLogic/System/CrateSystem.cpp	excluded	M20-M25	original engine consumers are promoted by the owning source-integration milestone	ZH_LEGACY_ZH_GAME_ENGINE_SOURCES
GeneralsMD/Code/GameEngine/Source/GameLogic/System/Damage.cpp	excluded	M20-M25	original engine consumers are promoted by the owning source-integration milestone	ZH_LEGACY_ZH_GAME_ENGINE_SOURCES
GeneralsMD/Code/GameEngine/Source/GameLogic/System/GameLogic.cpp	excluded	M20-M25	original engine consumers are promoted by the owning source-integration milestone	ZH_LEGACY_ZH_GAME_ENGINE_SOURCES
GeneralsMD/Code/GameEngine/Source/GameLogic/System/GameLogicDispatch.cpp	excluded	M20-M25	original engine consumers are promoted by the owning source-integration milestone	ZH_LEGACY_ZH_GAME_ENGINE_SOURCES
GeneralsMD/Code/GameEngine/Source/GameLogic/System/RankInfo.cpp	excluded	M20-M25	original engine consumers are promoted by the owning source-integration milestone	ZH_LEGACY_ZH_GAME_ENGINE_SOURCES
GeneralsMD/Code/GameEngine/Source/GameNetwork/Connection.cpp	excluded	M20-M25	original engine consumers are promoted by the owning source-integration milestone	ZH_LEGACY_ZH_GAME_ENGINE_SOURCES
GeneralsMD/Code/GameEngine/Source/GameNetwork/ConnectionManager.cpp	excluded	M20-M25	original engine consumers are promoted by the owning source-integration milestone	ZH_LEGACY_ZH_GAME_ENGINE_SOURCES
GeneralsMD/Code/GameEngine/Source/GameNetwork/DisconnectManager.cpp	excluded	M20-M25	original engine consumers are promoted by the owning source-integration milestone	ZH_LEGACY_ZH_GAME_ENGINE_SOURCES
GeneralsMD/Code/GameEngine/Source/GameNetwork/DownloadManager.cpp	excluded	none	retired download service path	ZH_LEGACY_EXCLUDED_SOURCE_RECORDS
GeneralsMD/Code/GameEngine/Source/GameNetwork/FileTransfer.cpp	excluded	M20-M25	original engine consumers are promoted by the owning source-integration milestone	ZH_LEGACY_ZH_GAME_ENGINE_SOURCES
GeneralsMD/Code/GameEngine/Source/GameNetwork/FirewallHelper.cpp	excluded	M20-M25	original engine consumers are promoted by the owning source-integration milestone	ZH_LEGACY_ZH_GAME_ENGINE_SOURCES
GeneralsMD/Code/GameEngine/Source/GameNetwork/FrameData.cpp	excluded	M20-M25	original engine consumers are promoted by the owning source-integration milestone	ZH_LEGACY_ZH_GAME_ENGINE_SOURCES
GeneralsMD/Code/GameEngine/Source/GameNetwork/FrameDataManager.cpp	excluded	M20-M25	original engine consumers are promoted by the owning source-integration milestone	ZH_LEGACY_ZH_GAME_ENGINE_SOURCES
GeneralsMD/Code/GameEngine/Source/GameNetwork/FrameMetrics.cpp	excluded	M20-M25	original engine consumers are promoted by the owning source-integration milestone	ZH_LEGACY_ZH_GAME_ENGINE_SOURCES
GeneralsMD/Code/GameEngine/Source/GameNetwork/GUIUtil.cpp	excluded	M20-M25	original engine consumers are promoted by the owning source-integration milestone	ZH_LEGACY_ZH_GAME_ENGINE_SOURCES
GeneralsMD/Code/GameEngine/Source/GameNetwork/GameInfo.cpp	excluded	M20-M25	original engine consumers are promoted by the owning source-integration milestone	ZH_LEGACY_ZH_GAME_ENGINE_SOURCES
GeneralsMD/Code/GameEngine/Source/GameNetwork/GameMessageParser.cpp	excluded	M20-M25	original engine consumers are promoted by the owning source-integration milestone	ZH_LEGACY_ZH_GAME_ENGINE_SOURCES
GeneralsMD/Code/GameEngine/Source/GameNetwork/GameSpy.cpp	excluded	none	manifest input is absent from the repository or outside its source boundary	ZH_LEGACY_UNAVAILABLE_SOURCE_RECORDS
GeneralsMD/Code/GameEngine/Source/GameNetwork/GameSpy/Chat.cpp	excluded	none	retired GameSpy service path	ZH_LEGACY_EXCLUDED_SOURCE_RECORDS
GeneralsMD/Code/GameEngine/Source/GameNetwork/GameSpy/GSConfig.cpp	excluded	none	retired GameSpy service path	ZH_LEGACY_EXCLUDED_SOURCE_RECORDS
GeneralsMD/Code/GameEngine/Source/GameNetwork/GameSpy/LadderDefs.cpp	excluded	none	retired GameSpy service path	ZH_LEGACY_EXCLUDED_SOURCE_RECORDS
GeneralsMD/Code/GameEngine/Source/GameNetwork/GameSpy/LobbyUtils.cpp	excluded	none	retired GameSpy service path	ZH_LEGACY_EXCLUDED_SOURCE_RECORDS
GeneralsMD/Code/GameEngine/Source/GameNetwork/GameSpy/MainMenuUtils.cpp	excluded	none	retired GameSpy service path	ZH_LEGACY_EXCLUDED_SOURCE_RECORDS
GeneralsMD/Code/GameEngine/Source/GameNetwork/GameSpy/PeerDefs.cpp	excluded	none	retired GameSpy service path	ZH_LEGACY_EXCLUDED_SOURCE_RECORDS
GeneralsMD/Code/GameEngine/Source/GameNetwork/GameSpy/StagingRoomGameInfo.cpp	excluded	none	retired GameSpy service path	ZH_LEGACY_EXCLUDED_SOURCE_RECORDS
GeneralsMD/Code/GameEngine/Source/GameNetwork/GameSpy/Thread/BuddyThread.cpp	excluded	none	retired GameSpy service path	ZH_LEGACY_EXCLUDED_SOURCE_RECORDS
GeneralsMD/Code/GameEngine/Source/GameNetwork/GameSpy/Thread/GameResultsThread.cpp	excluded	none	retired GameSpy service path	ZH_LEGACY_EXCLUDED_SOURCE_RECORDS
GeneralsMD/Code/GameEngine/Source/GameNetwork/GameSpy/Thread/PeerThread.cpp	excluded	none	retired GameSpy service path	ZH_LEGACY_EXCLUDED_SOURCE_RECORDS
GeneralsMD/Code/GameEngine/Source/GameNetwork/GameSpy/Thread/PersistentStorageThread.cpp	excluded	none	retired GameSpy service path	ZH_LEGACY_EXCLUDED_SOURCE_RECORDS
GeneralsMD/Code/GameEngine/Source/GameNetwork/GameSpy/Thread/PingThread.cpp	excluded	none	retired GameSpy service path	ZH_LEGACY_EXCLUDED_SOURCE_RECORDS
GeneralsMD/Code/GameEngine/Source/GameNetwork/GameSpy/Thread/ThreadUtils.cpp	excluded	none	retired GameSpy service path	ZH_LEGACY_EXCLUDED_SOURCE_RECORDS
GeneralsMD/Code/GameEngine/Source/GameNetwork/GameSpyChat.cpp	excluded	none	retired GameSpy service path	ZH_LEGACY_EXCLUDED_SOURCE_RECORDS
GeneralsMD/Code/GameEngine/Source/GameNetwork/GameSpyGP.cpp	excluded	none	retired GameSpy service path	ZH_LEGACY_EXCLUDED_SOURCE_RECORDS
GeneralsMD/Code/GameEngine/Source/GameNetwork/GameSpyGameInfo.cpp	excluded	none	retired GameSpy service path	ZH_LEGACY_EXCLUDED_SOURCE_RECORDS
GeneralsMD/Code/GameEngine/Source/GameNetwork/GameSpyOverlay.cpp	excluded	none	retired GameSpy service path	ZH_LEGACY_EXCLUDED_SOURCE_RECORDS
GeneralsMD/Code/GameEngine/Source/GameNetwork/GameSpyPersistentStorage.cpp	excluded	none	manifest input is absent from the repository or outside its source boundary	ZH_LEGACY_UNAVAILABLE_SOURCE_RECORDS
GeneralsMD/Code/GameEngine/Source/GameNetwork/IPEnumeration.cpp	excluded	M20-M25	original engine consumers are promoted by the owning source-integration milestone	ZH_LEGACY_ZH_GAME_ENGINE_SOURCES
GeneralsMD/Code/GameEngine/Source/GameNetwork/LANAPI.cpp	excluded	M20-M25	original engine consumers are promoted by the owning source-integration milestone	ZH_LEGACY_ZH_GAME_ENGINE_SOURCES
GeneralsMD/Code/GameEngine/Source/GameNetwork/LANAPICallbacks.cpp	excluded	M20-M25	original engine consumers are promoted by the owning source-integration milestone	ZH_LEGACY_ZH_GAME_ENGINE_SOURCES
GeneralsMD/Code/GameEngine/Source/GameNetwork/LANAPIhandlers.cpp	excluded	M20-M25	original engine consumers are promoted by the owning source-integration milestone	ZH_LEGACY_ZH_GAME_ENGINE_SOURCES
GeneralsMD/Code/GameEngine/Source/GameNetwork/LANGameInfo.cpp	excluded	M20-M25	original engine consumers are promoted by the owning source-integration milestone	ZH_LEGACY_ZH_GAME_ENGINE_SOURCES
GeneralsMD/Code/GameEngine/Source/GameNetwork/NAT.cpp	excluded	M20-M25	original engine consumers are promoted by the owning source-integration milestone	ZH_LEGACY_ZH_GAME_ENGINE_SOURCES
GeneralsMD/Code/GameEngine/Source/GameNetwork/NetCommandList.cpp	excluded	M20-M25	original engine consumers are promoted by the owning source-integration milestone	ZH_LEGACY_ZH_GAME_ENGINE_SOURCES
GeneralsMD/Code/GameEngine/Source/GameNetwork/NetCommandMsg.cpp	excluded	M20-M25	original engine consumers are promoted by the owning source-integration milestone	ZH_LEGACY_ZH_GAME_ENGINE_SOURCES
GeneralsMD/Code/GameEngine/Source/GameNetwork/NetCommandRef.cpp	excluded	M20-M25	original engine consumers are promoted by the owning source-integration milestone	ZH_LEGACY_ZH_GAME_ENGINE_SOURCES
GeneralsMD/Code/GameEngine/Source/GameNetwork/NetCommandWrapperList.cpp	excluded	M20-M25	original engine consumers are promoted by the owning source-integration milestone	ZH_LEGACY_ZH_GAME_ENGINE_SOURCES
GeneralsMD/Code/GameEngine/Source/GameNetwork/NetMessageStream.cpp	excluded	M20-M25	original engine consumers are promoted by the owning source-integration milestone	ZH_LEGACY_ZH_GAME_ENGINE_SOURCES
GeneralsMD/Code/GameEngine/Source/GameNetwork/NetPacket.cpp	excluded	M20-M25	original engine consumers are promoted by the owning source-integration milestone	ZH_LEGACY_ZH_GAME_ENGINE_SOURCES
GeneralsMD/Code/GameEngine/Source/GameNetwork/Network.cpp	excluded	M20-M25	original engine consumers are promoted by the owning source-integration milestone	ZH_LEGACY_ZH_GAME_ENGINE_SOURCES
GeneralsMD/Code/GameEngine/Source/GameNetwork/NetworkUtil.cpp	excluded	M20-M25	original engine consumers are promoted by the owning source-integration milestone	ZH_LEGACY_ZH_GAME_ENGINE_SOURCES
GeneralsMD/Code/GameEngine/Source/GameNetwork/Transport.cpp	excluded	M20-M25	original engine consumers are promoted by the owning source-integration milestone	ZH_LEGACY_ZH_GAME_ENGINE_SOURCES
GeneralsMD/Code/GameEngine/Source/GameNetwork/User.cpp	excluded	M20-M25	original engine consumers are promoted by the owning source-integration milestone	ZH_LEGACY_ZH_GAME_ENGINE_SOURCES
GeneralsMD/Code/GameEngine/Source/GameNetwork/WOLBrowser/WebBrowser.cpp	excluded	none	retired online-service path	ZH_LEGACY_EXCLUDED_SOURCE_RECORDS
GeneralsMD/Code/GameEngine/Source/GameNetwork/udp.cpp	excluded	M20-M25	original engine consumers are promoted by the owning source-integration milestone	ZH_LEGACY_ZH_GAME_ENGINE_SOURCES
GeneralsMD/Code/GameEngine/Source/Precompiled/PreRTS.cpp	excluded	M20-M25	original engine consumers are promoted by the owning source-integration milestone	ZH_LEGACY_ZH_GAME_ENGINE_SOURCES
GeneralsMD/Code/GameEngineDevice/Include/MilesAudioDevice/MilesAudioManager.h	excluded	none	Miles implementation replaced by miniaudio at M12	ZH_LEGACY_EXCLUDED_SOURCE_RECORDS
GeneralsMD/Code/GameEngineDevice/Include/VideoDevice/Bink/BINK.H	excluded	none	manifest input is absent from the repository or outside its source boundary	ZH_LEGACY_UNAVAILABLE_SOURCE_RECORDS
GeneralsMD/Code/GameEngineDevice/Include/VideoDevice/Bink/BinkVideoPlayer.h	excluded	none	Bink SDK implementation replaced by FFmpeg at M13	ZH_LEGACY_EXCLUDED_SOURCE_RECORDS
GeneralsMD/Code/GameEngineDevice/Include/VideoDevice/Bink/RAD.H	excluded	none	manifest input is absent from the repository or outside its source boundary	ZH_LEGACY_UNAVAILABLE_SOURCE_RECORDS
GeneralsMD/Code/GameEngineDevice/Include/VideoDevice/Bink/radbase.h	excluded	none	manifest input is absent from the repository or outside its source boundary	ZH_LEGACY_UNAVAILABLE_SOURCE_RECORDS
GeneralsMD/Code/GameEngineDevice/Include/W3DDevice/Common/W3DConvert.h	excluded	M22-M23	original device consumers are owned by M22 and M23	ZH_LEGACY_ZH_GAME_DEVICE_SOURCES
GeneralsMD/Code/GameEngineDevice/Include/W3DDevice/Common/W3DFunctionLexicon.h	excluded	M22-M23	original device consumers are owned by M22 and M23	ZH_LEGACY_ZH_GAME_DEVICE_SOURCES
GeneralsMD/Code/GameEngineDevice/Include/W3DDevice/Common/W3DModuleFactory.h	excluded	M22-M23	original device consumers are owned by M22 and M23	ZH_LEGACY_ZH_GAME_DEVICE_SOURCES
GeneralsMD/Code/GameEngineDevice/Include/W3DDevice/Common/W3DRadar.h	excluded	M22-M23	original device consumers are owned by M22 and M23	ZH_LEGACY_ZH_GAME_DEVICE_SOURCES
GeneralsMD/Code/GameEngineDevice/Include/W3DDevice/Common/W3DThingFactory.h	excluded	M22-M23	original device consumers are owned by M22 and M23	ZH_LEGACY_ZH_GAME_DEVICE_SOURCES
GeneralsMD/Code/GameEngineDevice/Include/W3DDevice/GameClient/BaseHeightMap.h	excluded	M22-M23	original device consumers are owned by M22 and M23	ZH_LEGACY_ZH_GAME_DEVICE_SOURCES
GeneralsMD/Code/GameEngineDevice/Include/W3DDevice/GameClient/FlatHeightMap.h	excluded	M22-M23	original device consumers are owned by M22 and M23	ZH_LEGACY_ZH_GAME_DEVICE_SOURCES
GeneralsMD/Code/GameEngineDevice/Include/W3DDevice/GameClient/HeightMap.h	excluded	M22-M23	original device consumers are owned by M22 and M23	ZH_LEGACY_ZH_GAME_DEVICE_SOURCES
GeneralsMD/Code/GameEngineDevice/Include/W3DDevice/GameClient/Module/W3DDebrisDraw.h	excluded	M22-M23	original device consumers are owned by M22 and M23	ZH_LEGACY_ZH_GAME_DEVICE_SOURCES
GeneralsMD/Code/GameEngineDevice/Include/W3DDevice/GameClient/Module/W3DDefaultDraw.h	excluded	M22-M23	original device consumers are owned by M22 and M23	ZH_LEGACY_ZH_GAME_DEVICE_SOURCES
GeneralsMD/Code/GameEngineDevice/Include/W3DDevice/GameClient/Module/W3DDependencyModelDraw.h	excluded	M22-M23	original device consumers are owned by M22 and M23	ZH_LEGACY_ZH_GAME_DEVICE_SOURCES
GeneralsMD/Code/GameEngineDevice/Include/W3DDevice/GameClient/Module/W3DLaserDraw.h	excluded	M22-M23	original device consumers are owned by M22 and M23	ZH_LEGACY_ZH_GAME_DEVICE_SOURCES
GeneralsMD/Code/GameEngineDevice/Include/W3DDevice/GameClient/Module/W3DModelDraw.h	excluded	M22-M23	original device consumers are owned by M22 and M23	ZH_LEGACY_ZH_GAME_DEVICE_SOURCES
GeneralsMD/Code/GameEngineDevice/Include/W3DDevice/GameClient/Module/W3DOverlordAircraftDraw.h	excluded	M22-M23	original device consumers are owned by M22 and M23	ZH_LEGACY_ZH_GAME_DEVICE_SOURCES
GeneralsMD/Code/GameEngineDevice/Include/W3DDevice/GameClient/Module/W3DOverlordTankDraw.h	excluded	M22-M23	original device consumers are owned by M22 and M23	ZH_LEGACY_ZH_GAME_DEVICE_SOURCES
GeneralsMD/Code/GameEngineDevice/Include/W3DDevice/GameClient/Module/W3DOverlordTruckDraw.h	excluded	M22-M23	original device consumers are owned by M22 and M23	ZH_LEGACY_ZH_GAME_DEVICE_SOURCES
GeneralsMD/Code/GameEngineDevice/Include/W3DDevice/GameClient/Module/W3DPoliceCarDraw.h	excluded	M22-M23	original device consumers are owned by M22 and M23	ZH_LEGACY_ZH_GAME_DEVICE_SOURCES
GeneralsMD/Code/GameEngineDevice/Include/W3DDevice/GameClient/Module/W3DProjectileStreamDraw.h	excluded	M22-M23	original device consumers are owned by M22 and M23	ZH_LEGACY_ZH_GAME_DEVICE_SOURCES
GeneralsMD/Code/GameEngineDevice/Include/W3DDevice/GameClient/Module/W3DPropDraw.h	excluded	M22-M23	original device consumers are owned by M22 and M23	ZH_LEGACY_ZH_GAME_DEVICE_SOURCES
GeneralsMD/Code/GameEngineDevice/Include/W3DDevice/GameClient/Module/W3DRopeDraw.h	excluded	M22-M23	original device consumers are owned by M22 and M23	ZH_LEGACY_ZH_GAME_DEVICE_SOURCES
GeneralsMD/Code/GameEngineDevice/Include/W3DDevice/GameClient/Module/W3DScienceModelDraw.h	excluded	M22-M23	original device consumers are owned by M22 and M23	ZH_LEGACY_ZH_GAME_DEVICE_SOURCES
GeneralsMD/Code/GameEngineDevice/Include/W3DDevice/GameClient/Module/W3DSupplyDraw.h	excluded	M22-M23	original device consumers are owned by M22 and M23	ZH_LEGACY_ZH_GAME_DEVICE_SOURCES
GeneralsMD/Code/GameEngineDevice/Include/W3DDevice/GameClient/Module/W3DTankDraw.h	excluded	M22-M23	original device consumers are owned by M22 and M23	ZH_LEGACY_ZH_GAME_DEVICE_SOURCES
GeneralsMD/Code/GameEngineDevice/Include/W3DDevice/GameClient/Module/W3DTankTruckDraw.h	excluded	M22-M23	original device consumers are owned by M22 and M23	ZH_LEGACY_ZH_GAME_DEVICE_SOURCES
GeneralsMD/Code/GameEngineDevice/Include/W3DDevice/GameClient/Module/W3DTracerDraw.h	excluded	M22-M23	original device consumers are owned by M22 and M23	ZH_LEGACY_ZH_GAME_DEVICE_SOURCES
GeneralsMD/Code/GameEngineDevice/Include/W3DDevice/GameClient/Module/W3DTreeDraw.h	excluded	M22-M23	original device consumers are owned by M22 and M23	ZH_LEGACY_ZH_GAME_DEVICE_SOURCES
GeneralsMD/Code/GameEngineDevice/Include/W3DDevice/GameClient/Module/W3DTruckDraw.h	excluded	M22-M23	original device consumers are owned by M22 and M23	ZH_LEGACY_ZH_GAME_DEVICE_SOURCES
GeneralsMD/Code/GameEngineDevice/Include/W3DDevice/GameClient/TerrainTex.h	excluded	M22-M23	original device consumers are owned by M22 and M23	ZH_LEGACY_ZH_GAME_DEVICE_SOURCES
GeneralsMD/Code/GameEngineDevice/Include/W3DDevice/GameClient/TileData.h	excluded	M22-M23	original device consumers are owned by M22 and M23	ZH_LEGACY_ZH_GAME_DEVICE_SOURCES
GeneralsMD/Code/GameEngineDevice/Include/W3DDevice/GameClient/W3DAssetManager.h	excluded	M22-M23	original device consumers are owned by M22 and M23	ZH_LEGACY_ZH_GAME_DEVICE_SOURCES
GeneralsMD/Code/GameEngineDevice/Include/W3DDevice/GameClient/W3DAssetManagerExposed.h	excluded	M22-M23	original device consumers are owned by M22 and M23	ZH_LEGACY_ZH_GAME_DEVICE_SOURCES
GeneralsMD/Code/GameEngineDevice/Include/W3DDevice/GameClient/W3DBibBuffer.h	excluded	M22-M23	original device consumers are owned by M22 and M23	ZH_LEGACY_ZH_GAME_DEVICE_SOURCES
GeneralsMD/Code/GameEngineDevice/Include/W3DDevice/GameClient/W3DBridgeBuffer.h	excluded	M22-M23	original device consumers are owned by M22 and M23	ZH_LEGACY_ZH_GAME_DEVICE_SOURCES
GeneralsMD/Code/GameEngineDevice/Include/W3DDevice/GameClient/W3DBufferManager.h	excluded	M22-M23	original device consumers are owned by M22 and M23	ZH_LEGACY_ZH_GAME_DEVICE_SOURCES
GeneralsMD/Code/GameEngineDevice/Include/W3DDevice/GameClient/W3DCustomEdging.h	excluded	M22-M23	original device consumers are owned by M22 and M23	ZH_LEGACY_ZH_GAME_DEVICE_SOURCES
GeneralsMD/Code/GameEngineDevice/Include/W3DDevice/GameClient/W3DCustomScene.h	excluded	M22-M23	original device consumers are owned by M22 and M23	ZH_LEGACY_ZH_GAME_DEVICE_SOURCES
GeneralsMD/Code/GameEngineDevice/Include/W3DDevice/GameClient/W3DDebugDisplay.h	excluded	M22-M23	original device consumers are owned by M22 and M23	ZH_LEGACY_ZH_GAME_DEVICE_SOURCES
GeneralsMD/Code/GameEngineDevice/Include/W3DDevice/GameClient/W3DDebugIcons.h	excluded	M22-M23	original device consumers are owned by M22 and M23	ZH_LEGACY_ZH_GAME_DEVICE_SOURCES
GeneralsMD/Code/GameEngineDevice/Include/W3DDevice/GameClient/W3DDisplay.h	excluded	M22-M23	original device consumers are owned by M22 and M23	ZH_LEGACY_ZH_GAME_DEVICE_SOURCES
GeneralsMD/Code/GameEngineDevice/Include/W3DDevice/GameClient/W3DDisplayString.h	excluded	M22-M23	original device consumers are owned by M22 and M23	ZH_LEGACY_ZH_GAME_DEVICE_SOURCES
GeneralsMD/Code/GameEngineDevice/Include/W3DDevice/GameClient/W3DDisplayStringManager.h	excluded	M22-M23	original device consumers are owned by M22 and M23	ZH_LEGACY_ZH_GAME_DEVICE_SOURCES
GeneralsMD/Code/GameEngineDevice/Include/W3DDevice/GameClient/W3DDynamicLight.h	excluded	M22-M23	original device consumers are owned by M22 and M23	ZH_LEGACY_ZH_GAME_DEVICE_SOURCES
GeneralsMD/Code/GameEngineDevice/Include/W3DDevice/GameClient/W3DFileSystem.h	excluded	M22-M23	original device consumers are owned by M22 and M23	ZH_LEGACY_ZH_GAME_DEVICE_SOURCES
GeneralsMD/Code/GameEngineDevice/Include/W3DDevice/GameClient/W3DGUICallbacks.h	excluded	M22-M23	original device consumers are owned by M22 and M23	ZH_LEGACY_ZH_GAME_DEVICE_SOURCES
GeneralsMD/Code/GameEngineDevice/Include/W3DDevice/GameClient/W3DGadget.h	excluded	M22-M23	original device consumers are owned by M22 and M23	ZH_LEGACY_ZH_GAME_DEVICE_SOURCES
GeneralsMD/Code/GameEngineDevice/Include/W3DDevice/GameClient/W3DGameClient.h	excluded	M22-M23	original device consumers are owned by M22 and M23	ZH_LEGACY_ZH_GAME_DEVICE_SOURCES
GeneralsMD/Code/GameEngineDevice/Include/W3DDevice/GameClient/W3DGameFont.h	excluded	M22-M23	original device consumers are owned by M22 and M23	ZH_LEGACY_ZH_GAME_DEVICE_SOURCES
GeneralsMD/Code/GameEngineDevice/Include/W3DDevice/GameClient/W3DGameWindow.h	excluded	M22-M23	original device consumers are owned by M22 and M23	ZH_LEGACY_ZH_GAME_DEVICE_SOURCES
GeneralsMD/Code/GameEngineDevice/Include/W3DDevice/GameClient/W3DGameWindowManager.h	excluded	M22-M23	original device consumers are owned by M22 and M23	ZH_LEGACY_ZH_GAME_DEVICE_SOURCES
GeneralsMD/Code/GameEngineDevice/Include/W3DDevice/GameClient/W3DGranny.h	excluded	none	excluded proprietary animation dependency	ZH_LEGACY_EXCLUDED_SOURCE_RECORDS
GeneralsMD/Code/GameEngineDevice/Include/W3DDevice/GameClient/W3DInGameUI.h	excluded	M22-M23	original device consumers are owned by M22 and M23	ZH_LEGACY_ZH_GAME_DEVICE_SOURCES
GeneralsMD/Code/GameEngineDevice/Include/W3DDevice/GameClient/W3DMirror.h	excluded	M22-M23	original device consumers are owned by M22 and M23	ZH_LEGACY_ZH_GAME_DEVICE_SOURCES
GeneralsMD/Code/GameEngineDevice/Include/W3DDevice/GameClient/W3DMouse.h	excluded	M22-M23	original device consumers are owned by M22 and M23	ZH_LEGACY_ZH_GAME_DEVICE_SOURCES
GeneralsMD/Code/GameEngineDevice/Include/W3DDevice/GameClient/W3DParticleSys.h	excluded	M22-M23	original device consumers are owned by M22 and M23	ZH_LEGACY_ZH_GAME_DEVICE_SOURCES
GeneralsMD/Code/GameEngineDevice/Include/W3DDevice/GameClient/W3DPoly.h	excluded	M22-M23	original device consumers are owned by M22 and M23	ZH_LEGACY_ZH_GAME_DEVICE_SOURCES
GeneralsMD/Code/GameEngineDevice/Include/W3DDevice/GameClient/W3DProjectedShadow.h	excluded	M22-M23	original device consumers are owned by M22 and M23	ZH_LEGACY_ZH_GAME_DEVICE_SOURCES
GeneralsMD/Code/GameEngineDevice/Include/W3DDevice/GameClient/W3DPropBuffer.h	excluded	M22-M23	original device consumers are owned by M22 and M23	ZH_LEGACY_ZH_GAME_DEVICE_SOURCES
GeneralsMD/Code/GameEngineDevice/Include/W3DDevice/GameClient/W3DRoadBuffer.h	excluded	M22-M23	original device consumers are owned by M22 and M23	ZH_LEGACY_ZH_GAME_DEVICE_SOURCES
GeneralsMD/Code/GameEngineDevice/Include/W3DDevice/GameClient/W3DScene.h	excluded	M22-M23	original device consumers are owned by M22 and M23	ZH_LEGACY_ZH_GAME_DEVICE_SOURCES
GeneralsMD/Code/GameEngineDevice/Include/W3DDevice/GameClient/W3DShaderManager.h	excluded	M22-M23	original device consumers are owned by M22 and M23	ZH_LEGACY_ZH_GAME_DEVICE_SOURCES
GeneralsMD/Code/GameEngineDevice/Include/W3DDevice/GameClient/W3DShadow.h	excluded	M22-M23	original device consumers are owned by M22 and M23	ZH_LEGACY_ZH_GAME_DEVICE_SOURCES
GeneralsMD/Code/GameEngineDevice/Include/W3DDevice/GameClient/W3DShroud.h	excluded	M22-M23	original device consumers are owned by M22 and M23	ZH_LEGACY_ZH_GAME_DEVICE_SOURCES
GeneralsMD/Code/GameEngineDevice/Include/W3DDevice/GameClient/W3DSmudge.h	excluded	M22-M23	original device consumers are owned by M22 and M23	ZH_LEGACY_ZH_GAME_DEVICE_SOURCES
GeneralsMD/Code/GameEngineDevice/Include/W3DDevice/GameClient/W3DSnow.h	excluded	M22-M23	original device consumers are owned by M22 and M23	ZH_LEGACY_ZH_GAME_DEVICE_SOURCES
GeneralsMD/Code/GameEngineDevice/Include/W3DDevice/GameClient/W3DStatusCircle.h	excluded	M22-M23	original device consumers are owned by M22 and M23	ZH_LEGACY_ZH_GAME_DEVICE_SOURCES
GeneralsMD/Code/GameEngineDevice/Include/W3DDevice/GameClient/W3DTerrainBackground.h	excluded	M22-M23	original device consumers are owned by M22 and M23	ZH_LEGACY_ZH_GAME_DEVICE_SOURCES
GeneralsMD/Code/GameEngineDevice/Include/W3DDevice/GameClient/W3DTerrainTracks.h	excluded	M22-M23	original device consumers are owned by M22 and M23	ZH_LEGACY_ZH_GAME_DEVICE_SOURCES
GeneralsMD/Code/GameEngineDevice/Include/W3DDevice/GameClient/W3DTerrainVisual.h	excluded	M22-M23	original device consumers are owned by M22 and M23	ZH_LEGACY_ZH_GAME_DEVICE_SOURCES
GeneralsMD/Code/GameEngineDevice/Include/W3DDevice/GameClient/W3DTreeBuffer.h	excluded	M22-M23	original device consumers are owned by M22 and M23	ZH_LEGACY_ZH_GAME_DEVICE_SOURCES
GeneralsMD/Code/GameEngineDevice/Include/W3DDevice/GameClient/W3DVideobuffer.h	excluded	M22-M23	original device consumers are owned by M22 and M23	ZH_LEGACY_ZH_GAME_DEVICE_SOURCES
GeneralsMD/Code/GameEngineDevice/Include/W3DDevice/GameClient/W3DView.h	excluded	M22-M23	original device consumers are owned by M22 and M23	ZH_LEGACY_ZH_GAME_DEVICE_SOURCES
GeneralsMD/Code/GameEngineDevice/Include/W3DDevice/GameClient/W3DVolumetricShadow.h	excluded	M22-M23	original device consumers are owned by M22 and M23	ZH_LEGACY_ZH_GAME_DEVICE_SOURCES
GeneralsMD/Code/GameEngineDevice/Include/W3DDevice/GameClient/W3DWater.h	excluded	M22-M23	original device consumers are owned by M22 and M23	ZH_LEGACY_ZH_GAME_DEVICE_SOURCES
GeneralsMD/Code/GameEngineDevice/Include/W3DDevice/GameClient/W3DWaterTracks.h	excluded	M22-M23	original device consumers are owned by M22 and M23	ZH_LEGACY_ZH_GAME_DEVICE_SOURCES
GeneralsMD/Code/GameEngineDevice/Include/W3DDevice/GameClient/W3DWaypointBuffer.h	excluded	M22-M23	original device consumers are owned by M22 and M23	ZH_LEGACY_ZH_GAME_DEVICE_SOURCES
GeneralsMD/Code/GameEngineDevice/Include/W3DDevice/GameClient/W3DWebBrowser.h	platform-replaced	native-adapter	obsolete embedded browser path	ZH_LEGACY_EXCLUDED_SOURCE_RECORDS
GeneralsMD/Code/GameEngineDevice/Include/W3DDevice/GameClient/WorldHeightMap.h	excluded	M22-M23	original device consumers are owned by M22 and M23	ZH_LEGACY_ZH_GAME_DEVICE_SOURCES
GeneralsMD/Code/GameEngineDevice/Include/W3DDevice/GameClient/camerashakesystem.h	excluded	M22-M23	original device consumers are owned by M22 and M23	ZH_LEGACY_ZH_GAME_DEVICE_SOURCES
GeneralsMD/Code/GameEngineDevice/Include/W3DDevice/GameLogic/W3DGameLogic.h	excluded	M22-M23	original device consumers are owned by M22 and M23	ZH_LEGACY_ZH_GAME_DEVICE_SOURCES
GeneralsMD/Code/GameEngineDevice/Include/W3DDevice/GameLogic/W3DGhostObject.h	excluded	M22-M23	original device consumers are owned by M22 and M23	ZH_LEGACY_ZH_GAME_DEVICE_SOURCES
GeneralsMD/Code/GameEngineDevice/Include/W3DDevice/GameLogic/W3DTerrainLogic.h	excluded	M22-M23	original device consumers are owned by M22 and M23	ZH_LEGACY_ZH_GAME_DEVICE_SOURCES
GeneralsMD/Code/GameEngineDevice/Include/Win32Device/Common/Win32BIGFile.h	platform-replaced	native-adapter	Win32 platform implementation replaced by SDL/POSIX	ZH_LEGACY_EXCLUDED_SOURCE_RECORDS
GeneralsMD/Code/GameEngineDevice/Include/Win32Device/Common/Win32BIGFileSystem.h	platform-replaced	native-adapter	Win32 platform implementation replaced by SDL/POSIX	ZH_LEGACY_EXCLUDED_SOURCE_RECORDS
GeneralsMD/Code/GameEngineDevice/Include/Win32Device/Common/Win32CDManager.h	platform-replaced	native-adapter	Win32 platform implementation replaced by SDL/POSIX	ZH_LEGACY_EXCLUDED_SOURCE_RECORDS
GeneralsMD/Code/GameEngineDevice/Include/Win32Device/Common/Win32GameEngine.h	platform-replaced	native-adapter	Win32 platform implementation replaced by SDL/POSIX	ZH_LEGACY_EXCLUDED_SOURCE_RECORDS
GeneralsMD/Code/GameEngineDevice/Include/Win32Device/Common/Win32LocalFile.h	platform-replaced	native-adapter	Win32 platform implementation replaced by SDL/POSIX	ZH_LEGACY_EXCLUDED_SOURCE_RECORDS
GeneralsMD/Code/GameEngineDevice/Include/Win32Device/Common/Win32LocalFileSystem.h	platform-replaced	native-adapter	Win32 platform implementation replaced by SDL/POSIX	ZH_LEGACY_EXCLUDED_SOURCE_RECORDS
GeneralsMD/Code/GameEngineDevice/Include/Win32Device/GameClient/Win32DIKeyboard.h	platform-replaced	native-adapter	Win32 platform implementation replaced by SDL/POSIX	ZH_LEGACY_EXCLUDED_SOURCE_RECORDS
GeneralsMD/Code/GameEngineDevice/Include/Win32Device/GameClient/Win32Mouse.h	platform-replaced	native-adapter	Win32 platform implementation replaced by SDL/POSIX	ZH_LEGACY_EXCLUDED_SOURCE_RECORDS
GeneralsMD/Code/GameEngineDevice/Source/MilesAudioDevice/MilesAudioManager.cpp	excluded	none	Miles implementation replaced by miniaudio at M12	ZH_LEGACY_EXCLUDED_SOURCE_RECORDS
GeneralsMD/Code/GameEngineDevice/Source/VideoDevice/Bink/BinkVideoPlayer.cpp	excluded	none	Bink SDK implementation replaced by FFmpeg at M13	ZH_LEGACY_EXCLUDED_SOURCE_RECORDS
GeneralsMD/Code/GameEngineDevice/Source/W3DDevice/Common/System/W3DFunctionLexicon.cpp	excluded	M22-M23	original device consumers are owned by M22 and M23	ZH_LEGACY_ZH_GAME_DEVICE_SOURCES
GeneralsMD/Code/GameEngineDevice/Source/W3DDevice/Common/System/W3DRadar.cpp	excluded	M22-M23	original device consumers are owned by M22 and M23	ZH_LEGACY_ZH_GAME_DEVICE_SOURCES
GeneralsMD/Code/GameEngineDevice/Source/W3DDevice/Common/Thing/W3DModuleFactory.cpp	excluded	M22-M23	original device consumers are owned by M22 and M23	ZH_LEGACY_ZH_GAME_DEVICE_SOURCES
GeneralsMD/Code/GameEngineDevice/Source/W3DDevice/Common/Thing/W3DThingFactory.cpp	excluded	M22-M23	original device consumers are owned by M22 and M23	ZH_LEGACY_ZH_GAME_DEVICE_SOURCES
GeneralsMD/Code/GameEngineDevice/Source/W3DDevice/Common/W3DConvert.cpp	excluded	M22-M23	original device consumers are owned by M22 and M23	ZH_LEGACY_ZH_GAME_DEVICE_SOURCES
GeneralsMD/Code/GameEngineDevice/Source/W3DDevice/GameClient/BaseHeightMap.cpp	excluded	M22-M23	original device consumers are owned by M22 and M23	ZH_LEGACY_ZH_GAME_DEVICE_SOURCES
GeneralsMD/Code/GameEngineDevice/Source/W3DDevice/GameClient/Drawable/Draw/W3DDebrisDraw.cpp	excluded	M22-M23	original device consumers are owned by M22 and M23	ZH_LEGACY_ZH_GAME_DEVICE_SOURCES
GeneralsMD/Code/GameEngineDevice/Source/W3DDevice/GameClient/Drawable/Draw/W3DDefaultDraw.cpp	excluded	M22-M23	original device consumers are owned by M22 and M23	ZH_LEGACY_ZH_GAME_DEVICE_SOURCES
GeneralsMD/Code/GameEngineDevice/Source/W3DDevice/GameClient/Drawable/Draw/W3DDependencyModelDraw.cpp	excluded	M22-M23	original device consumers are owned by M22 and M23	ZH_LEGACY_ZH_GAME_DEVICE_SOURCES
GeneralsMD/Code/GameEngineDevice/Source/W3DDevice/GameClient/Drawable/Draw/W3DLaserDraw.cpp	excluded	M22-M23	original device consumers are owned by M22 and M23	ZH_LEGACY_ZH_GAME_DEVICE_SOURCES
GeneralsMD/Code/GameEngineDevice/Source/W3DDevice/GameClient/Drawable/Draw/W3DModelDraw.cpp	excluded	M22-M23	original device consumers are owned by M22 and M23	ZH_LEGACY_ZH_GAME_DEVICE_SOURCES
GeneralsMD/Code/GameEngineDevice/Source/W3DDevice/GameClient/Drawable/Draw/W3DOverlordAircraftDraw.cpp	excluded	M22-M23	original device consumers are owned by M22 and M23	ZH_LEGACY_ZH_GAME_DEVICE_SOURCES
GeneralsMD/Code/GameEngineDevice/Source/W3DDevice/GameClient/Drawable/Draw/W3DOverlordTankDraw.cpp	excluded	M22-M23	original device consumers are owned by M22 and M23	ZH_LEGACY_ZH_GAME_DEVICE_SOURCES
GeneralsMD/Code/GameEngineDevice/Source/W3DDevice/GameClient/Drawable/Draw/W3DOverlordTruckDraw.cpp	excluded	M22-M23	original device consumers are owned by M22 and M23	ZH_LEGACY_ZH_GAME_DEVICE_SOURCES
GeneralsMD/Code/GameEngineDevice/Source/W3DDevice/GameClient/Drawable/Draw/W3DPoliceCarDraw.cpp	excluded	M22-M23	original device consumers are owned by M22 and M23	ZH_LEGACY_ZH_GAME_DEVICE_SOURCES
GeneralsMD/Code/GameEngineDevice/Source/W3DDevice/GameClient/Drawable/Draw/W3DProjectileStreamDraw.cpp	excluded	M22-M23	original device consumers are owned by M22 and M23	ZH_LEGACY_ZH_GAME_DEVICE_SOURCES
GeneralsMD/Code/GameEngineDevice/Source/W3DDevice/GameClient/Drawable/Draw/W3DPropDraw.cpp	excluded	M22-M23	original device consumers are owned by M22 and M23	ZH_LEGACY_ZH_GAME_DEVICE_SOURCES
GeneralsMD/Code/GameEngineDevice/Source/W3DDevice/GameClient/Drawable/Draw/W3DRopeDraw.cpp	excluded	M22-M23	original device consumers are owned by M22 and M23	ZH_LEGACY_ZH_GAME_DEVICE_SOURCES
GeneralsMD/Code/GameEngineDevice/Source/W3DDevice/GameClient/Drawable/Draw/W3DScienceModelDraw.cpp	excluded	M22-M23	original device consumers are owned by M22 and M23	ZH_LEGACY_ZH_GAME_DEVICE_SOURCES
GeneralsMD/Code/GameEngineDevice/Source/W3DDevice/GameClient/Drawable/Draw/W3DSupplyDraw.cpp	excluded	M22-M23	original device consumers are owned by M22 and M23	ZH_LEGACY_ZH_GAME_DEVICE_SOURCES
GeneralsMD/Code/GameEngineDevice/Source/W3DDevice/GameClient/Drawable/Draw/W3DTankDraw.cpp	excluded	M22-M23	original device consumers are owned by M22 and M23	ZH_LEGACY_ZH_GAME_DEVICE_SOURCES
GeneralsMD/Code/GameEngineDevice/Source/W3DDevice/GameClient/Drawable/Draw/W3DTankTruckDraw.cpp	excluded	M22-M23	original device consumers are owned by M22 and M23	ZH_LEGACY_ZH_GAME_DEVICE_SOURCES
GeneralsMD/Code/GameEngineDevice/Source/W3DDevice/GameClient/Drawable/Draw/W3DTracerDraw.cpp	excluded	M22-M23	original device consumers are owned by M22 and M23	ZH_LEGACY_ZH_GAME_DEVICE_SOURCES
GeneralsMD/Code/GameEngineDevice/Source/W3DDevice/GameClient/Drawable/Draw/W3DTreeDraw.cpp	excluded	M22-M23	original device consumers are owned by M22 and M23	ZH_LEGACY_ZH_GAME_DEVICE_SOURCES
GeneralsMD/Code/GameEngineDevice/Source/W3DDevice/GameClient/Drawable/Draw/W3DTruckDraw.cpp	excluded	M22-M23	original device consumers are owned by M22 and M23	ZH_LEGACY_ZH_GAME_DEVICE_SOURCES
GeneralsMD/Code/GameEngineDevice/Source/W3DDevice/GameClient/FlatHeightMap.cpp	excluded	M22-M23	original device consumers are owned by M22 and M23	ZH_LEGACY_ZH_GAME_DEVICE_SOURCES
GeneralsMD/Code/GameEngineDevice/Source/W3DDevice/GameClient/GUI/GUICallbacks/W3DControlBar.cpp	excluded	M22-M23	original device consumers are owned by M22 and M23	ZH_LEGACY_ZH_GAME_DEVICE_SOURCES
GeneralsMD/Code/GameEngineDevice/Source/W3DDevice/GameClient/GUI/GUICallbacks/W3DMOTD.cpp	excluded	M22-M23	original device consumers are owned by M22 and M23	ZH_LEGACY_ZH_GAME_DEVICE_SOURCES
GeneralsMD/Code/GameEngineDevice/Source/W3DDevice/GameClient/GUI/GUICallbacks/W3DMainMenu.cpp	excluded	M22-M23	original device consumers are owned by M22 and M23	ZH_LEGACY_ZH_GAME_DEVICE_SOURCES
GeneralsMD/Code/GameEngineDevice/Source/W3DDevice/GameClient/GUI/Gadget/W3DCheckBox.cpp	excluded	M22-M23	original device consumers are owned by M22 and M23	ZH_LEGACY_ZH_GAME_DEVICE_SOURCES
GeneralsMD/Code/GameEngineDevice/Source/W3DDevice/GameClient/GUI/Gadget/W3DComboBox.cpp	excluded	M22-M23	original device consumers are owned by M22 and M23	ZH_LEGACY_ZH_GAME_DEVICE_SOURCES
GeneralsMD/Code/GameEngineDevice/Source/W3DDevice/GameClient/GUI/Gadget/W3DHorizontalSlider.cpp	excluded	M22-M23	original device consumers are owned by M22 and M23	ZH_LEGACY_ZH_GAME_DEVICE_SOURCES
GeneralsMD/Code/GameEngineDevice/Source/W3DDevice/GameClient/GUI/Gadget/W3DListBox.cpp	excluded	M22-M23	original device consumers are owned by M22 and M23	ZH_LEGACY_ZH_GAME_DEVICE_SOURCES
GeneralsMD/Code/GameEngineDevice/Source/W3DDevice/GameClient/GUI/Gadget/W3DProgressBar.cpp	excluded	M22-M23	original device consumers are owned by M22 and M23	ZH_LEGACY_ZH_GAME_DEVICE_SOURCES
GeneralsMD/Code/GameEngineDevice/Source/W3DDevice/GameClient/GUI/Gadget/W3DPushButton.cpp	excluded	M22-M23	original device consumers are owned by M22 and M23	ZH_LEGACY_ZH_GAME_DEVICE_SOURCES
GeneralsMD/Code/GameEngineDevice/Source/W3DDevice/GameClient/GUI/Gadget/W3DRadioButton.cpp	excluded	M22-M23	original device consumers are owned by M22 and M23	ZH_LEGACY_ZH_GAME_DEVICE_SOURCES
GeneralsMD/Code/GameEngineDevice/Source/W3DDevice/GameClient/GUI/Gadget/W3DStaticText.cpp	excluded	M22-M23	original device consumers are owned by M22 and M23	ZH_LEGACY_ZH_GAME_DEVICE_SOURCES
GeneralsMD/Code/GameEngineDevice/Source/W3DDevice/GameClient/GUI/Gadget/W3DTabControl.cpp	excluded	M22-M23	original device consumers are owned by M22 and M23	ZH_LEGACY_ZH_GAME_DEVICE_SOURCES
GeneralsMD/Code/GameEngineDevice/Source/W3DDevice/GameClient/GUI/Gadget/W3DTextEntry.cpp	excluded	M22-M23	original device consumers are owned by M22 and M23	ZH_LEGACY_ZH_GAME_DEVICE_SOURCES
GeneralsMD/Code/GameEngineDevice/Source/W3DDevice/GameClient/GUI/Gadget/W3DVerticalSlider.cpp	excluded	M22-M23	original device consumers are owned by M22 and M23	ZH_LEGACY_ZH_GAME_DEVICE_SOURCES
GeneralsMD/Code/GameEngineDevice/Source/W3DDevice/GameClient/GUI/W3DGameFont.cpp	excluded	M22-M23	original device consumers are owned by M22 and M23	ZH_LEGACY_ZH_GAME_DEVICE_SOURCES
GeneralsMD/Code/GameEngineDevice/Source/W3DDevice/GameClient/GUI/W3DGameWindow.cpp	excluded	M22-M23	original device consumers are owned by M22 and M23	ZH_LEGACY_ZH_GAME_DEVICE_SOURCES
GeneralsMD/Code/GameEngineDevice/Source/W3DDevice/GameClient/GUI/W3DGameWindowManager.cpp	excluded	M22-M23	original device consumers are owned by M22 and M23	ZH_LEGACY_ZH_GAME_DEVICE_SOURCES
GeneralsMD/Code/GameEngineDevice/Source/W3DDevice/GameClient/HeightMap.cpp	excluded	M22-M23	original device consumers are owned by M22 and M23	ZH_LEGACY_ZH_GAME_DEVICE_SOURCES
GeneralsMD/Code/GameEngineDevice/Source/W3DDevice/GameClient/Shaders/MotionBlur.nvv	excluded	none	legacy assembly/shader input replaced by portable source	ZH_LEGACY_EXCLUDED_SOURCE_RECORDS
GeneralsMD/Code/GameEngineDevice/Source/W3DDevice/GameClient/Shaders/Trees.nvp	excluded	none	legacy assembly/shader input replaced by portable source	ZH_LEGACY_EXCLUDED_SOURCE_RECORDS
GeneralsMD/Code/GameEngineDevice/Source/W3DDevice/GameClient/Shaders/Trees.nvv	excluded	none	legacy assembly/shader input replaced by portable source	ZH_LEGACY_EXCLUDED_SOURCE_RECORDS
GeneralsMD/Code/GameEngineDevice/Source/W3DDevice/GameClient/Shaders/fterrain.nvp	excluded	none	legacy assembly/shader input replaced by portable source	ZH_LEGACY_EXCLUDED_SOURCE_RECORDS
GeneralsMD/Code/GameEngineDevice/Source/W3DDevice/GameClient/Shaders/fterrain0.nvp	excluded	none	legacy assembly/shader input replaced by portable source	ZH_LEGACY_EXCLUDED_SOURCE_RECORDS
GeneralsMD/Code/GameEngineDevice/Source/W3DDevice/GameClient/Shaders/fterrainnoise.nvp	excluded	none	legacy assembly/shader input replaced by portable source	ZH_LEGACY_EXCLUDED_SOURCE_RECORDS
GeneralsMD/Code/GameEngineDevice/Source/W3DDevice/GameClient/Shaders/fterrainnoise2.nvp	excluded	none	legacy assembly/shader input replaced by portable source	ZH_LEGACY_EXCLUDED_SOURCE_RECORDS
GeneralsMD/Code/GameEngineDevice/Source/W3DDevice/GameClient/Shaders/invmonochrome.nvp	excluded	none	legacy assembly/shader input replaced by portable source	ZH_LEGACY_EXCLUDED_SOURCE_RECORDS
GeneralsMD/Code/GameEngineDevice/Source/W3DDevice/GameClient/Shaders/monochrome.nvp	excluded	none	legacy assembly/shader input replaced by portable source	ZH_LEGACY_EXCLUDED_SOURCE_RECORDS
GeneralsMD/Code/GameEngineDevice/Source/W3DDevice/GameClient/Shaders/motionblur.nvp	excluded	none	legacy assembly/shader input replaced by portable source	ZH_LEGACY_EXCLUDED_SOURCE_RECORDS
GeneralsMD/Code/GameEngineDevice/Source/W3DDevice/GameClient/Shaders/roadnoise2.nvp	excluded	none	legacy assembly/shader input replaced by portable source	ZH_LEGACY_EXCLUDED_SOURCE_RECORDS
GeneralsMD/Code/GameEngineDevice/Source/W3DDevice/GameClient/Shaders/terrain.nvp	excluded	none	legacy assembly/shader input replaced by portable source	ZH_LEGACY_EXCLUDED_SOURCE_RECORDS
GeneralsMD/Code/GameEngineDevice/Source/W3DDevice/GameClient/Shaders/terrainnoise.nvp	excluded	none	legacy assembly/shader input replaced by portable source	ZH_LEGACY_EXCLUDED_SOURCE_RECORDS
GeneralsMD/Code/GameEngineDevice/Source/W3DDevice/GameClient/Shaders/terrainnoise2.nvp	excluded	none	legacy assembly/shader input replaced by portable source	ZH_LEGACY_EXCLUDED_SOURCE_RECORDS
GeneralsMD/Code/GameEngineDevice/Source/W3DDevice/GameClient/Shadow/W3DBufferManager.cpp	excluded	M22-M23	original device consumers are owned by M22 and M23	ZH_LEGACY_ZH_GAME_DEVICE_SOURCES
GeneralsMD/Code/GameEngineDevice/Source/W3DDevice/GameClient/Shadow/W3DProjectedShadow.cpp	excluded	M22-M23	original device consumers are owned by M22 and M23	ZH_LEGACY_ZH_GAME_DEVICE_SOURCES
GeneralsMD/Code/GameEngineDevice/Source/W3DDevice/GameClient/Shadow/W3DShadow.cpp	excluded	M22-M23	original device consumers are owned by M22 and M23	ZH_LEGACY_ZH_GAME_DEVICE_SOURCES
GeneralsMD/Code/GameEngineDevice/Source/W3DDevice/GameClient/Shadow/W3DVolumetricShadow.cpp	excluded	M22-M23	original device consumers are owned by M22 and M23	ZH_LEGACY_ZH_GAME_DEVICE_SOURCES
GeneralsMD/Code/GameEngineDevice/Source/W3DDevice/GameClient/TerrainTex.cpp	excluded	M22-M23	original device consumers are owned by M22 and M23	ZH_LEGACY_ZH_GAME_DEVICE_SOURCES
GeneralsMD/Code/GameEngineDevice/Source/W3DDevice/GameClient/TileData.cpp	excluded	M22-M23	original device consumers are owned by M22 and M23	ZH_LEGACY_ZH_GAME_DEVICE_SOURCES
GeneralsMD/Code/GameEngineDevice/Source/W3DDevice/GameClient/W3DAssetManager.cpp	excluded	M22-M23	original device consumers are owned by M22 and M23	ZH_LEGACY_ZH_GAME_DEVICE_SOURCES
GeneralsMD/Code/GameEngineDevice/Source/W3DDevice/GameClient/W3DAssetManagerExposed.cpp	excluded	M22-M23	original device consumers are owned by M22 and M23	ZH_LEGACY_ZH_GAME_DEVICE_SOURCES
GeneralsMD/Code/GameEngineDevice/Source/W3DDevice/GameClient/W3DBibBuffer.cpp	excluded	M22-M23	original device consumers are owned by M22 and M23	ZH_LEGACY_ZH_GAME_DEVICE_SOURCES
GeneralsMD/Code/GameEngineDevice/Source/W3DDevice/GameClient/W3DBridgeBuffer.cpp	excluded	M22-M23	original device consumers are owned by M22 and M23	ZH_LEGACY_ZH_GAME_DEVICE_SOURCES
GeneralsMD/Code/GameEngineDevice/Source/W3DDevice/GameClient/W3DCustomEdging.cpp	excluded	M22-M23	original device consumers are owned by M22 and M23	ZH_LEGACY_ZH_GAME_DEVICE_SOURCES
GeneralsMD/Code/GameEngineDevice/Source/W3DDevice/GameClient/W3DDebugDisplay.cpp	excluded	M22-M23	original device consumers are owned by M22 and M23	ZH_LEGACY_ZH_GAME_DEVICE_SOURCES
GeneralsMD/Code/GameEngineDevice/Source/W3DDevice/GameClient/W3DDebugIcons.cpp	excluded	M22-M23	original device consumers are owned by M22 and M23	ZH_LEGACY_ZH_GAME_DEVICE_SOURCES
GeneralsMD/Code/GameEngineDevice/Source/W3DDevice/GameClient/W3DDisplay.cpp	excluded	M22-M23	original device consumers are owned by M22 and M23	ZH_LEGACY_ZH_GAME_DEVICE_SOURCES
GeneralsMD/Code/GameEngineDevice/Source/W3DDevice/GameClient/W3DDisplayString.cpp	excluded	M22-M23	original device consumers are owned by M22 and M23	ZH_LEGACY_ZH_GAME_DEVICE_SOURCES
GeneralsMD/Code/GameEngineDevice/Source/W3DDevice/GameClient/W3DDisplayStringManager.cpp	excluded	M22-M23	original device consumers are owned by M22 and M23	ZH_LEGACY_ZH_GAME_DEVICE_SOURCES
GeneralsMD/Code/GameEngineDevice/Source/W3DDevice/GameClient/W3DDynamicLight.cpp	excluded	M22-M23	original device consumers are owned by M22 and M23	ZH_LEGACY_ZH_GAME_DEVICE_SOURCES
GeneralsMD/Code/GameEngineDevice/Source/W3DDevice/GameClient/W3DFileSystem.cpp	excluded	M22-M23	original device consumers are owned by M22 and M23	ZH_LEGACY_ZH_GAME_DEVICE_SOURCES
GeneralsMD/Code/GameEngineDevice/Source/W3DDevice/GameClient/W3DGameClient.cpp	excluded	M22-M23	original device consumers are owned by M22 and M23	ZH_LEGACY_ZH_GAME_DEVICE_SOURCES
GeneralsMD/Code/GameEngineDevice/Source/W3DDevice/GameClient/W3DGranny.cpp	excluded	none	excluded proprietary animation dependency	ZH_LEGACY_EXCLUDED_SOURCE_RECORDS
GeneralsMD/Code/GameEngineDevice/Source/W3DDevice/GameClient/W3DInGameUI.cpp	excluded	M22-M23	original device consumers are owned by M22 and M23	ZH_LEGACY_ZH_GAME_DEVICE_SOURCES
GeneralsMD/Code/GameEngineDevice/Source/W3DDevice/GameClient/W3DMouse.cpp	excluded	M22-M23	original device consumers are owned by M22 and M23	ZH_LEGACY_ZH_GAME_DEVICE_SOURCES
GeneralsMD/Code/GameEngineDevice/Source/W3DDevice/GameClient/W3DParticleSys.cpp	excluded	M22-M23	original device consumers are owned by M22 and M23	ZH_LEGACY_ZH_GAME_DEVICE_SOURCES
GeneralsMD/Code/GameEngineDevice/Source/W3DDevice/GameClient/W3DPoly.cpp	excluded	M22-M23	original device consumers are owned by M22 and M23	ZH_LEGACY_ZH_GAME_DEVICE_SOURCES
GeneralsMD/Code/GameEngineDevice/Source/W3DDevice/GameClient/W3DPropBuffer.cpp	excluded	M22-M23	original device consumers are owned by M22 and M23	ZH_LEGACY_ZH_GAME_DEVICE_SOURCES
GeneralsMD/Code/GameEngineDevice/Source/W3DDevice/GameClient/W3DRoadBuffer.cpp	excluded	M22-M23	original device consumers are owned by M22 and M23	ZH_LEGACY_ZH_GAME_DEVICE_SOURCES
GeneralsMD/Code/GameEngineDevice/Source/W3DDevice/GameClient/W3DScene.cpp	excluded	M22-M23	original device consumers are owned by M22 and M23	ZH_LEGACY_ZH_GAME_DEVICE_SOURCES
GeneralsMD/Code/GameEngineDevice/Source/W3DDevice/GameClient/W3DShaderManager.cpp	excluded	M22-M23	original device consumers are owned by M22 and M23	ZH_LEGACY_ZH_GAME_DEVICE_SOURCES
GeneralsMD/Code/GameEngineDevice/Source/W3DDevice/GameClient/W3DShroud.cpp	excluded	M22-M23	original device consumers are owned by M22 and M23	ZH_LEGACY_ZH_GAME_DEVICE_SOURCES
GeneralsMD/Code/GameEngineDevice/Source/W3DDevice/GameClient/W3DSmudge.cpp	excluded	M22-M23	original device consumers are owned by M22 and M23	ZH_LEGACY_ZH_GAME_DEVICE_SOURCES
GeneralsMD/Code/GameEngineDevice/Source/W3DDevice/GameClient/W3DSnow.cpp	excluded	M22-M23	original device consumers are owned by M22 and M23	ZH_LEGACY_ZH_GAME_DEVICE_SOURCES
GeneralsMD/Code/GameEngineDevice/Source/W3DDevice/GameClient/W3DStatusCircle.cpp	excluded	M22-M23	original device consumers are owned by M22 and M23	ZH_LEGACY_ZH_GAME_DEVICE_SOURCES
GeneralsMD/Code/GameEngineDevice/Source/W3DDevice/GameClient/W3DTerrainBackground.cpp	excluded	M22-M23	original device consumers are owned by M22 and M23	ZH_LEGACY_ZH_GAME_DEVICE_SOURCES
GeneralsMD/Code/GameEngineDevice/Source/W3DDevice/GameClient/W3DTerrainTracks.cpp	excluded	M22-M23	original device consumers are owned by M22 and M23	ZH_LEGACY_ZH_GAME_DEVICE_SOURCES
GeneralsMD/Code/GameEngineDevice/Source/W3DDevice/GameClient/W3DTerrainVisual.cpp	excluded	M22-M23	original device consumers are owned by M22 and M23	ZH_LEGACY_ZH_GAME_DEVICE_SOURCES
GeneralsMD/Code/GameEngineDevice/Source/W3DDevice/GameClient/W3DTreeBuffer.cpp	excluded	M22-M23	original device consumers are owned by M22 and M23	ZH_LEGACY_ZH_GAME_DEVICE_SOURCES
GeneralsMD/Code/GameEngineDevice/Source/W3DDevice/GameClient/W3DVideoBuffer.cpp	excluded	M22-M23	original device consumers are owned by M22 and M23	ZH_LEGACY_ZH_GAME_DEVICE_SOURCES
GeneralsMD/Code/GameEngineDevice/Source/W3DDevice/GameClient/W3DView.cpp	excluded	M22-M23	original device consumers are owned by M22 and M23	ZH_LEGACY_ZH_GAME_DEVICE_SOURCES
GeneralsMD/Code/GameEngineDevice/Source/W3DDevice/GameClient/W3DWebBrowser.cpp	platform-replaced	native-adapter	obsolete embedded browser path	ZH_LEGACY_EXCLUDED_SOURCE_RECORDS
GeneralsMD/Code/GameEngineDevice/Source/W3DDevice/GameClient/W3dWaypointBuffer.cpp	excluded	M22-M23	original device consumers are owned by M22 and M23	ZH_LEGACY_ZH_GAME_DEVICE_SOURCES
GeneralsMD/Code/GameEngineDevice/Source/W3DDevice/GameClient/Water/W3DWater.cpp	excluded	M22-M23	original device consumers are owned by M22 and M23	ZH_LEGACY_ZH_GAME_DEVICE_SOURCES
GeneralsMD/Code/GameEngineDevice/Source/W3DDevice/GameClient/Water/W3DWaterTracks.cpp	excluded	M22-M23	original device consumers are owned by M22 and M23	ZH_LEGACY_ZH_GAME_DEVICE_SOURCES
GeneralsMD/Code/GameEngineDevice/Source/W3DDevice/GameClient/Water/wave.nvp	excluded	none	legacy assembly/shader input replaced by portable source	ZH_LEGACY_EXCLUDED_SOURCE_RECORDS
GeneralsMD/Code/GameEngineDevice/Source/W3DDevice/GameClient/Water/wave.nvv	excluded	none	legacy assembly/shader input replaced by portable source	ZH_LEGACY_EXCLUDED_SOURCE_RECORDS
GeneralsMD/Code/GameEngineDevice/Source/W3DDevice/GameClient/WorldHeightMap.cpp	excluded	M22-M23	original device consumers are owned by M22 and M23	ZH_LEGACY_ZH_GAME_DEVICE_SOURCES
GeneralsMD/Code/GameEngineDevice/Source/W3DDevice/GameClient/camerashakesystem.cpp	excluded	M22-M23	original device consumers are owned by M22 and M23	ZH_LEGACY_ZH_GAME_DEVICE_SOURCES
GeneralsMD/Code/GameEngineDevice/Source/W3DDevice/GameLogic/W3DGameLogic.cpp	excluded	M22-M23	original device consumers are owned by M22 and M23	ZH_LEGACY_ZH_GAME_DEVICE_SOURCES
GeneralsMD/Code/GameEngineDevice/Source/W3DDevice/GameLogic/W3DGhostObject.cpp	excluded	M22-M23	original device consumers are owned by M22 and M23	ZH_LEGACY_ZH_GAME_DEVICE_SOURCES
GeneralsMD/Code/GameEngineDevice/Source/W3DDevice/GameLogic/W3DTerrainLogic.cpp	excluded	M22-M23	original device consumers are owned by M22 and M23	ZH_LEGACY_ZH_GAME_DEVICE_SOURCES
GeneralsMD/Code/GameEngineDevice/Source/Win32Device/Common/Win32BIGFile.cpp	platform-replaced	native-adapter	Win32 platform implementation replaced by SDL/POSIX	ZH_LEGACY_EXCLUDED_SOURCE_RECORDS
GeneralsMD/Code/GameEngineDevice/Source/Win32Device/Common/Win32BIGFileSystem.cpp	platform-replaced	native-adapter	Win32 platform implementation replaced by SDL/POSIX	ZH_LEGACY_EXCLUDED_SOURCE_RECORDS
GeneralsMD/Code/GameEngineDevice/Source/Win32Device/Common/Win32CDManager.cpp	platform-replaced	native-adapter	Win32 platform implementation replaced by SDL/POSIX	ZH_LEGACY_EXCLUDED_SOURCE_RECORDS
GeneralsMD/Code/GameEngineDevice/Source/Win32Device/Common/Win32GameEngine.cpp	platform-replaced	native-adapter	Win32 platform implementation replaced by SDL/POSIX	ZH_LEGACY_EXCLUDED_SOURCE_RECORDS
GeneralsMD/Code/GameEngineDevice/Source/Win32Device/Common/Win32LocalFile.cpp	platform-replaced	native-adapter	Win32 platform implementation replaced by SDL/POSIX	ZH_LEGACY_EXCLUDED_SOURCE_RECORDS
GeneralsMD/Code/GameEngineDevice/Source/Win32Device/Common/Win32LocalFileSystem.cpp	platform-replaced	native-adapter	Win32 platform implementation replaced by SDL/POSIX	ZH_LEGACY_EXCLUDED_SOURCE_RECORDS
GeneralsMD/Code/GameEngineDevice/Source/Win32Device/Common/Win32OSDisplay.cpp	platform-replaced	native-adapter	Win32 platform implementation replaced by SDL/POSIX	ZH_LEGACY_EXCLUDED_SOURCE_RECORDS
GeneralsMD/Code/GameEngineDevice/Source/Win32Device/GameClient/Win32DIKeyboard.cpp	platform-replaced	native-adapter	Win32 platform implementation replaced by SDL/POSIX	ZH_LEGACY_EXCLUDED_SOURCE_RECORDS
GeneralsMD/Code/GameEngineDevice/Source/Win32Device/GameClient/Win32Mouse.cpp	platform-replaced	native-adapter	Win32 platform implementation replaced by SDL/POSIX	ZH_LEGACY_EXCLUDED_SOURCE_RECORDS
GeneralsMD/Code/Libraries/Include/EABrowserDispatch/BrowserDispatch.h	excluded	none	manifest input is absent from the repository or outside its source boundary	ZH_LEGACY_UNAVAILABLE_SOURCE_RECORDS
GeneralsMD/Code/Libraries/Include/EABrowserDispatch/BrowserDispatch_i.c	excluded	none	manifest input is absent from the repository or outside its source boundary	ZH_LEGACY_UNAVAILABLE_SOURCE_RECORDS
GeneralsMD/Code/Libraries/Include/WPAudio/Altypes.h	excluded	none	manifest input is absent from the repository or outside its source boundary	ZH_LEGACY_UNAVAILABLE_SOURCE_RECORDS
GeneralsMD/Code/Libraries/Include/WPAudio/Attributes.h	excluded	none	manifest input is absent from the repository or outside its source boundary	ZH_LEGACY_UNAVAILABLE_SOURCE_RECORDS
GeneralsMD/Code/Libraries/Include/WPAudio/Cache.h	excluded	none	manifest input is absent from the repository or outside its source boundary	ZH_LEGACY_UNAVAILABLE_SOURCE_RECORDS
GeneralsMD/Code/Libraries/Include/WPAudio/Channel.h	excluded	none	manifest input is absent from the repository or outside its source boundary	ZH_LEGACY_UNAVAILABLE_SOURCE_RECORDS
GeneralsMD/Code/Libraries/Include/WPAudio/Debug.h	excluded	none	manifest input is absent from the repository or outside its source boundary	ZH_LEGACY_UNAVAILABLE_SOURCE_RECORDS
GeneralsMD/Code/Libraries/Include/WPAudio/Defs.h	excluded	none	manifest input is absent from the repository or outside its source boundary	ZH_LEGACY_UNAVAILABLE_SOURCE_RECORDS
GeneralsMD/Code/Libraries/Include/WPAudio/Device.h	excluded	none	manifest input is absent from the repository or outside its source boundary	ZH_LEGACY_UNAVAILABLE_SOURCE_RECORDS
GeneralsMD/Code/Libraries/Include/WPAudio/Driver.h	excluded	none	manifest input is absent from the repository or outside its source boundary	ZH_LEGACY_UNAVAILABLE_SOURCE_RECORDS
GeneralsMD/Code/Libraries/Include/WPAudio/Errors.h	excluded	none	manifest input is absent from the repository or outside its source boundary	ZH_LEGACY_UNAVAILABLE_SOURCE_RECORDS
GeneralsMD/Code/Libraries/Include/WPAudio/Events.h	excluded	none	manifest input is absent from the repository or outside its source boundary	ZH_LEGACY_UNAVAILABLE_SOURCE_RECORDS
GeneralsMD/Code/Libraries/Include/WPAudio/Handle.h	excluded	none	manifest input is absent from the repository or outside its source boundary	ZH_LEGACY_UNAVAILABLE_SOURCE_RECORDS
GeneralsMD/Code/Libraries/Include/WPAudio/Level.h	excluded	none	manifest input is absent from the repository or outside its source boundary	ZH_LEGACY_UNAVAILABLE_SOURCE_RECORDS
GeneralsMD/Code/Libraries/Include/WPAudio/List.h	excluded	none	manifest input is absent from the repository or outside its source boundary	ZH_LEGACY_UNAVAILABLE_SOURCE_RECORDS
GeneralsMD/Code/Libraries/Include/WPAudio/Lock.h	excluded	none	manifest input is absent from the repository or outside its source boundary	ZH_LEGACY_UNAVAILABLE_SOURCE_RECORDS
GeneralsMD/Code/Libraries/Include/WPAudio/Memory.h	excluded	none	manifest input is absent from the repository or outside its source boundary	ZH_LEGACY_UNAVAILABLE_SOURCE_RECORDS
GeneralsMD/Code/Libraries/Include/WPAudio/Profiler.h	excluded	none	manifest input is absent from the repository or outside its source boundary	ZH_LEGACY_UNAVAILABLE_SOURCE_RECORDS
GeneralsMD/Code/Libraries/Include/WPAudio/Search.h	excluded	none	manifest input is absent from the repository or outside its source boundary	ZH_LEGACY_UNAVAILABLE_SOURCE_RECORDS
GeneralsMD/Code/Libraries/Include/WPAudio/Source.h	excluded	none	manifest input is absent from the repository or outside its source boundary	ZH_LEGACY_UNAVAILABLE_SOURCE_RECORDS
GeneralsMD/Code/Libraries/Include/WPAudio/StreamBuffering.h	excluded	none	manifest input is absent from the repository or outside its source boundary	ZH_LEGACY_UNAVAILABLE_SOURCE_RECORDS
GeneralsMD/Code/Libraries/Include/WPAudio/Streamer.h	excluded	none	manifest input is absent from the repository or outside its source boundary	ZH_LEGACY_UNAVAILABLE_SOURCE_RECORDS
GeneralsMD/Code/Libraries/Include/WPAudio/Thread.h	excluded	none	manifest input is absent from the repository or outside its source boundary	ZH_LEGACY_UNAVAILABLE_SOURCE_RECORDS
GeneralsMD/Code/Libraries/Include/WPAudio/Time.h	excluded	none	manifest input is absent from the repository or outside its source boundary	ZH_LEGACY_UNAVAILABLE_SOURCE_RECORDS
GeneralsMD/Code/Libraries/Include/WPAudio/Win32.h	excluded	none	manifest input is absent from the repository or outside its source boundary	ZH_LEGACY_UNAVAILABLE_SOURCE_RECORDS
GeneralsMD/Code/Libraries/Include/rts/debug.h	tool-only	none	legacy developer-only diagnostic harness	ZH_LEGACY_EXCLUDED_SOURCE_RECORDS
GeneralsMD/Code/Libraries/Source/Benchmark/benchmark.h	excluded	none	unused legacy benchmark target	ZH_LEGACY_EXCLUDED_SOURCE_RECORDS
GeneralsMD/Code/Libraries/Source/Benchmark/emfloat.c	excluded	none	manifest input is absent from the repository or outside its source boundary	ZH_LEGACY_UNAVAILABLE_SOURCE_RECORDS
GeneralsMD/Code/Libraries/Source/Benchmark/emfloat.h	excluded	none	manifest input is absent from the repository or outside its source boundary	ZH_LEGACY_UNAVAILABLE_SOURCE_RECORDS
GeneralsMD/Code/Libraries/Source/Benchmark/misc.c	excluded	none	manifest input is absent from the repository or outside its source boundary	ZH_LEGACY_UNAVAILABLE_SOURCE_RECORDS
GeneralsMD/Code/Libraries/Source/Benchmark/misc.h	excluded	none	manifest input is absent from the repository or outside its source boundary	ZH_LEGACY_UNAVAILABLE_SOURCE_RECORDS
GeneralsMD/Code/Libraries/Source/Benchmark/nbench0.c	excluded	none	manifest input is absent from the repository or outside its source boundary	ZH_LEGACY_UNAVAILABLE_SOURCE_RECORDS
GeneralsMD/Code/Libraries/Source/Benchmark/nbench0.h	excluded	none	manifest input is absent from the repository or outside its source boundary	ZH_LEGACY_UNAVAILABLE_SOURCE_RECORDS
GeneralsMD/Code/Libraries/Source/Benchmark/nbench1.c	excluded	none	manifest input is absent from the repository or outside its source boundary	ZH_LEGACY_UNAVAILABLE_SOURCE_RECORDS
GeneralsMD/Code/Libraries/Source/Benchmark/nbench1.h	excluded	none	manifest input is absent from the repository or outside its source boundary	ZH_LEGACY_UNAVAILABLE_SOURCE_RECORDS
GeneralsMD/Code/Libraries/Source/Benchmark/nmglobal.h	excluded	none	manifest input is absent from the repository or outside its source boundary	ZH_LEGACY_UNAVAILABLE_SOURCE_RECORDS
GeneralsMD/Code/Libraries/Source/Benchmark/sysspec.c	excluded	none	manifest input is absent from the repository or outside its source boundary	ZH_LEGACY_UNAVAILABLE_SOURCE_RECORDS
GeneralsMD/Code/Libraries/Source/Benchmark/sysspec.h	excluded	none	manifest input is absent from the repository or outside its source boundary	ZH_LEGACY_UNAVAILABLE_SOURCE_RECORDS
GeneralsMD/Code/Libraries/Source/Benchmark/wordcat.h	excluded	none	manifest input is absent from the repository or outside its source boundary	ZH_LEGACY_UNAVAILABLE_SOURCE_RECORDS
GeneralsMD/Code/Libraries/Source/Compression/Compression.h	excluded	M19	deferred until the M19 original compression provider is linked	ZH_LEGACY_ZH_COMPRESSION_SOURCES
GeneralsMD/Code/Libraries/Source/Compression/CompressionManager.cpp	excluded	M19	deferred until the M19 original compression provider is linked	ZH_LEGACY_ZH_COMPRESSION_SOURCES
GeneralsMD/Code/Libraries/Source/Compression/EAC/btreeabout.cpp	excluded	M19	deferred until the M19 original compression provider is linked	ZH_LEGACY_ZH_COMPRESSION_SOURCES
GeneralsMD/Code/Libraries/Source/Compression/EAC/btreecodex.h	excluded	M19	deferred until the M19 original compression provider is linked	ZH_LEGACY_ZH_COMPRESSION_SOURCES
GeneralsMD/Code/Libraries/Source/Compression/EAC/btreedecode.cpp	excluded	M19	deferred until the M19 original compression provider is linked	ZH_LEGACY_ZH_COMPRESSION_SOURCES
GeneralsMD/Code/Libraries/Source/Compression/EAC/btreeencode.cpp	excluded	M19	deferred until the M19 original compression provider is linked	ZH_LEGACY_ZH_COMPRESSION_SOURCES
GeneralsMD/Code/Libraries/Source/Compression/EAC/codex.h	excluded	M19	deferred until the M19 original compression provider is linked	ZH_LEGACY_ZH_COMPRESSION_SOURCES
GeneralsMD/Code/Libraries/Source/Compression/EAC/gimex.h	excluded	M19	deferred until the M19 original compression provider is linked	ZH_LEGACY_ZH_COMPRESSION_SOURCES
GeneralsMD/Code/Libraries/Source/Compression/EAC/huffabout.cpp	excluded	M19	deferred until the M19 original compression provider is linked	ZH_LEGACY_ZH_COMPRESSION_SOURCES
GeneralsMD/Code/Libraries/Source/Compression/EAC/huffcodex.h	excluded	M19	deferred until the M19 original compression provider is linked	ZH_LEGACY_ZH_COMPRESSION_SOURCES
GeneralsMD/Code/Libraries/Source/Compression/EAC/huffdecode.cpp	excluded	M19	deferred until the M19 original compression provider is linked	ZH_LEGACY_ZH_COMPRESSION_SOURCES
GeneralsMD/Code/Libraries/Source/Compression/EAC/huffencode.cpp	excluded	M19	deferred until the M19 original compression provider is linked	ZH_LEGACY_ZH_COMPRESSION_SOURCES
GeneralsMD/Code/Libraries/Source/Compression/EAC/refabout.cpp	production-compiled	GeneralsMD/Code/Libraries/Source/Compression/EAC/refabout.cpp	compiled and runtime-witnessed by the M19 original-support harness	ZH_LEGACY_ZH_COMPRESSION_SOURCES
GeneralsMD/Code/Libraries/Source/Compression/EAC/refcodex.h	excluded	M19	deferred until the M19 original compression provider is linked	ZH_LEGACY_ZH_COMPRESSION_SOURCES
GeneralsMD/Code/Libraries/Source/Compression/EAC/refdecode.cpp	production-compiled	GeneralsMD/Code/Libraries/Source/Compression/EAC/refdecode.cpp	compiled and runtime-witnessed by the M19 original-support harness	ZH_LEGACY_ZH_COMPRESSION_SOURCES
GeneralsMD/Code/Libraries/Source/Compression/EAC/refencode.cpp	production-compiled	GeneralsMD/Code/Libraries/Source/Compression/EAC/refencode.cpp	compiled and runtime-witnessed by the M19 original-support harness	ZH_LEGACY_ZH_COMPRESSION_SOURCES
GeneralsMD/Code/Libraries/Source/Compression/LZHCompress/CompLibHeader/Lzhl.h	excluded	none	manifest input is absent from the repository or outside its source boundary	ZH_LEGACY_UNAVAILABLE_SOURCE_RECORDS
GeneralsMD/Code/Libraries/Source/Compression/LZHCompress/CompLibHeader/Lzhl_tcp.h	excluded	none	manifest input is absent from the repository or outside its source boundary	ZH_LEGACY_UNAVAILABLE_SOURCE_RECORDS
GeneralsMD/Code/Libraries/Source/Compression/LZHCompress/CompLibHeader/_huff.h	excluded	none	manifest input is absent from the repository or outside its source boundary	ZH_LEGACY_UNAVAILABLE_SOURCE_RECORDS
GeneralsMD/Code/Libraries/Source/Compression/LZHCompress/CompLibHeader/_lz.h	excluded	none	manifest input is absent from the repository or outside its source boundary	ZH_LEGACY_UNAVAILABLE_SOURCE_RECORDS
GeneralsMD/Code/Libraries/Source/Compression/LZHCompress/CompLibHeader/_lzhl.h	excluded	none	manifest input is absent from the repository or outside its source boundary	ZH_LEGACY_UNAVAILABLE_SOURCE_RECORDS
GeneralsMD/Code/Libraries/Source/Compression/LZHCompress/CompLibSource/Hdec_g.tbl	excluded	none	manifest input is absent from the repository or outside its source boundary	ZH_LEGACY_UNAVAILABLE_SOURCE_RECORDS
GeneralsMD/Code/Libraries/Source/Compression/LZHCompress/CompLibSource/Hdec_s.tbl	excluded	none	manifest input is absent from the repository or outside its source boundary	ZH_LEGACY_UNAVAILABLE_SOURCE_RECORDS
GeneralsMD/Code/Libraries/Source/Compression/LZHCompress/CompLibSource/Hdisp.tbl	excluded	none	manifest input is absent from the repository or outside its source boundary	ZH_LEGACY_UNAVAILABLE_SOURCE_RECORDS
GeneralsMD/Code/Libraries/Source/Compression/LZHCompress/CompLibSource/Henc.tbl	excluded	none	manifest input is absent from the repository or outside its source boundary	ZH_LEGACY_UNAVAILABLE_SOURCE_RECORDS
GeneralsMD/Code/Libraries/Source/Compression/LZHCompress/CompLibSource/Huff.cpp	excluded	none	manifest input is absent from the repository or outside its source boundary	ZH_LEGACY_UNAVAILABLE_SOURCE_RECORDS
GeneralsMD/Code/Libraries/Source/Compression/LZHCompress/CompLibSource/Lz.cpp	excluded	none	manifest input is absent from the repository or outside its source boundary	ZH_LEGACY_UNAVAILABLE_SOURCE_RECORDS
GeneralsMD/Code/Libraries/Source/Compression/LZHCompress/CompLibSource/Lzhl.cpp	excluded	none	manifest input is absent from the repository or outside its source boundary	ZH_LEGACY_UNAVAILABLE_SOURCE_RECORDS
GeneralsMD/Code/Libraries/Source/Compression/LZHCompress/CompLibSource/Lzhl_tcp.cpp	excluded	none	manifest input is absent from the repository or outside its source boundary	ZH_LEGACY_UNAVAILABLE_SOURCE_RECORDS
GeneralsMD/Code/Libraries/Source/Compression/LZHCompress/NoxCompress.cpp	excluded	M19	deferred until the M19 original compression provider is linked	ZH_LEGACY_ZH_COMPRESSION_SOURCES
GeneralsMD/Code/Libraries/Source/Compression/LZHCompress/NoxCompress.h	excluded	M19	deferred until the M19 original compression provider is linked	ZH_LEGACY_ZH_COMPRESSION_SOURCES
GeneralsMD/Code/Libraries/Source/Compression/ZLib/adler32.c	excluded	none	manifest input is absent from the repository or outside its source boundary	ZH_LEGACY_UNAVAILABLE_SOURCE_RECORDS
GeneralsMD/Code/Libraries/Source/Compression/ZLib/compress.c	excluded	none	manifest input is absent from the repository or outside its source boundary	ZH_LEGACY_UNAVAILABLE_SOURCE_RECORDS
GeneralsMD/Code/Libraries/Source/Compression/ZLib/crc32.c	excluded	none	manifest input is absent from the repository or outside its source boundary	ZH_LEGACY_UNAVAILABLE_SOURCE_RECORDS
GeneralsMD/Code/Libraries/Source/Compression/ZLib/deflate.c	excluded	none	manifest input is absent from the repository or outside its source boundary	ZH_LEGACY_UNAVAILABLE_SOURCE_RECORDS
GeneralsMD/Code/Libraries/Source/Compression/ZLib/deflate.h	excluded	none	manifest input is absent from the repository or outside its source boundary	ZH_LEGACY_UNAVAILABLE_SOURCE_RECORDS
GeneralsMD/Code/Libraries/Source/Compression/ZLib/gzio.c	excluded	none	manifest input is absent from the repository or outside its source boundary	ZH_LEGACY_UNAVAILABLE_SOURCE_RECORDS
GeneralsMD/Code/Libraries/Source/Compression/ZLib/infblock.c	excluded	none	manifest input is absent from the repository or outside its source boundary	ZH_LEGACY_UNAVAILABLE_SOURCE_RECORDS
GeneralsMD/Code/Libraries/Source/Compression/ZLib/infblock.h	excluded	none	manifest input is absent from the repository or outside its source boundary	ZH_LEGACY_UNAVAILABLE_SOURCE_RECORDS
GeneralsMD/Code/Libraries/Source/Compression/ZLib/infcodes.c	excluded	none	manifest input is absent from the repository or outside its source boundary	ZH_LEGACY_UNAVAILABLE_SOURCE_RECORDS
GeneralsMD/Code/Libraries/Source/Compression/ZLib/infcodes.h	excluded	none	manifest input is absent from the repository or outside its source boundary	ZH_LEGACY_UNAVAILABLE_SOURCE_RECORDS
GeneralsMD/Code/Libraries/Source/Compression/ZLib/inffast.c	excluded	none	manifest input is absent from the repository or outside its source boundary	ZH_LEGACY_UNAVAILABLE_SOURCE_RECORDS
GeneralsMD/Code/Libraries/Source/Compression/ZLib/inffast.h	excluded	none	manifest input is absent from the repository or outside its source boundary	ZH_LEGACY_UNAVAILABLE_SOURCE_RECORDS
GeneralsMD/Code/Libraries/Source/Compression/ZLib/inffixed.h	excluded	none	manifest input is absent from the repository or outside its source boundary	ZH_LEGACY_UNAVAILABLE_SOURCE_RECORDS
GeneralsMD/Code/Libraries/Source/Compression/ZLib/inflate.c	excluded	none	manifest input is absent from the repository or outside its source boundary	ZH_LEGACY_UNAVAILABLE_SOURCE_RECORDS
GeneralsMD/Code/Libraries/Source/Compression/ZLib/inftrees.c	excluded	none	manifest input is absent from the repository or outside its source boundary	ZH_LEGACY_UNAVAILABLE_SOURCE_RECORDS
GeneralsMD/Code/Libraries/Source/Compression/ZLib/inftrees.h	excluded	none	manifest input is absent from the repository or outside its source boundary	ZH_LEGACY_UNAVAILABLE_SOURCE_RECORDS
GeneralsMD/Code/Libraries/Source/Compression/ZLib/infutil.c	excluded	none	manifest input is absent from the repository or outside its source boundary	ZH_LEGACY_UNAVAILABLE_SOURCE_RECORDS
GeneralsMD/Code/Libraries/Source/Compression/ZLib/infutil.h	excluded	none	manifest input is absent from the repository or outside its source boundary	ZH_LEGACY_UNAVAILABLE_SOURCE_RECORDS
GeneralsMD/Code/Libraries/Source/Compression/ZLib/maketree.c	excluded	none	manifest input is absent from the repository or outside its source boundary	ZH_LEGACY_UNAVAILABLE_SOURCE_RECORDS
GeneralsMD/Code/Libraries/Source/Compression/ZLib/trees.c	excluded	none	manifest input is absent from the repository or outside its source boundary	ZH_LEGACY_UNAVAILABLE_SOURCE_RECORDS
GeneralsMD/Code/Libraries/Source/Compression/ZLib/trees.h	excluded	none	manifest input is absent from the repository or outside its source boundary	ZH_LEGACY_UNAVAILABLE_SOURCE_RECORDS
GeneralsMD/Code/Libraries/Source/Compression/ZLib/uncompr.c	excluded	none	manifest input is absent from the repository or outside its source boundary	ZH_LEGACY_UNAVAILABLE_SOURCE_RECORDS
GeneralsMD/Code/Libraries/Source/Compression/ZLib/zconf.h	excluded	none	manifest input is absent from the repository or outside its source boundary	ZH_LEGACY_UNAVAILABLE_SOURCE_RECORDS
GeneralsMD/Code/Libraries/Source/Compression/ZLib/zlib.h	excluded	none	manifest input is absent from the repository or outside its source boundary	ZH_LEGACY_UNAVAILABLE_SOURCE_RECORDS
GeneralsMD/Code/Libraries/Source/Compression/ZLib/zutil.c	excluded	none	manifest input is absent from the repository or outside its source boundary	ZH_LEGACY_UNAVAILABLE_SOURCE_RECORDS
GeneralsMD/Code/Libraries/Source/Compression/ZLib/zutil.h	excluded	none	manifest input is absent from the repository or outside its source boundary	ZH_LEGACY_UNAVAILABLE_SOURCE_RECORDS
GeneralsMD/Code/Libraries/Source/EABrowserDispatch/BrowserDispatch.idl	platform-replaced	native-adapter	obsolete embedded browser dependency	ZH_LEGACY_EXCLUDED_SOURCE_RECORDS
GeneralsMD/Code/Libraries/Source/GameSpy/GameSpy/CEngine/goaceng.h	excluded	none	manifest input is absent from the repository or outside its source boundary	ZH_LEGACY_UNAVAILABLE_SOURCE_RECORDS
GeneralsMD/Code/Libraries/Source/GameSpy/GameSpy/CEngine/gserver.h	excluded	none	manifest input is absent from the repository or outside its source boundary	ZH_LEGACY_UNAVAILABLE_SOURCE_RECORDS
GeneralsMD/Code/Libraries/Source/GameSpy/GameSpy/Chat/chatCrypt.h	excluded	none	manifest input is absent from the repository or outside its source boundary	ZH_LEGACY_UNAVAILABLE_SOURCE_RECORDS
GeneralsMD/Code/Libraries/Source/GameSpy/GameSpy/chat/chat.h	excluded	none	manifest input is absent from the repository or outside its source boundary	ZH_LEGACY_UNAVAILABLE_SOURCE_RECORDS
GeneralsMD/Code/Libraries/Source/GameSpy/GameSpy/chat/chatCallbacks.h	excluded	none	manifest input is absent from the repository or outside its source boundary	ZH_LEGACY_UNAVAILABLE_SOURCE_RECORDS
GeneralsMD/Code/Libraries/Source/GameSpy/GameSpy/chat/chatChannel.h	excluded	none	manifest input is absent from the repository or outside its source boundary	ZH_LEGACY_UNAVAILABLE_SOURCE_RECORDS
GeneralsMD/Code/Libraries/Source/GameSpy/GameSpy/chat/chatHandlers.h	excluded	none	manifest input is absent from the repository or outside its source boundary	ZH_LEGACY_UNAVAILABLE_SOURCE_RECORDS
GeneralsMD/Code/Libraries/Source/GameSpy/GameSpy/chat/chatMain.h	excluded	none	manifest input is absent from the repository or outside its source boundary	ZH_LEGACY_UNAVAILABLE_SOURCE_RECORDS
GeneralsMD/Code/Libraries/Source/GameSpy/GameSpy/chat/chatSocket.h	excluded	none	manifest input is absent from the repository or outside its source boundary	ZH_LEGACY_UNAVAILABLE_SOURCE_RECORDS
GeneralsMD/Code/Libraries/Source/GameSpy/GameSpy/darray.h	excluded	none	manifest input is absent from the repository or outside its source boundary	ZH_LEGACY_UNAVAILABLE_SOURCE_RECORDS
GeneralsMD/Code/Libraries/Source/GameSpy/GameSpy/hashtable.h	excluded	none	manifest input is absent from the repository or outside its source boundary	ZH_LEGACY_UNAVAILABLE_SOURCE_RECORDS
GeneralsMD/Code/Libraries/Source/GameSpy/GameSpy/md5.h	excluded	none	manifest input is absent from the repository or outside its source boundary	ZH_LEGACY_UNAVAILABLE_SOURCE_RECORDS
GeneralsMD/Code/Libraries/Source/GameSpy/GameSpy/nonport.h	excluded	none	manifest input is absent from the repository or outside its source boundary	ZH_LEGACY_UNAVAILABLE_SOURCE_RECORDS
GeneralsMD/Code/Libraries/Source/GameSpy/GameSpy/peer/peer.h	excluded	none	manifest input is absent from the repository or outside its source boundary	ZH_LEGACY_UNAVAILABLE_SOURCE_RECORDS
GeneralsMD/Code/Libraries/Source/GameSpy/GameSpy/peer/peerCEngine.h	excluded	none	manifest input is absent from the repository or outside its source boundary	ZH_LEGACY_UNAVAILABLE_SOURCE_RECORDS
GeneralsMD/Code/Libraries/Source/GameSpy/GameSpy/peer/peerCallbacks.h	excluded	none	manifest input is absent from the repository or outside its source boundary	ZH_LEGACY_UNAVAILABLE_SOURCE_RECORDS
GeneralsMD/Code/Libraries/Source/GameSpy/GameSpy/peer/peerGlobalCallbacks.h	excluded	none	manifest input is absent from the repository or outside its source boundary	ZH_LEGACY_UNAVAILABLE_SOURCE_RECORDS
GeneralsMD/Code/Libraries/Source/GameSpy/GameSpy/peer/peerKeys.h	excluded	none	manifest input is absent from the repository or outside its source boundary	ZH_LEGACY_UNAVAILABLE_SOURCE_RECORDS
GeneralsMD/Code/Libraries/Source/GameSpy/GameSpy/peer/peerMain.h	excluded	none	manifest input is absent from the repository or outside its source boundary	ZH_LEGACY_UNAVAILABLE_SOURCE_RECORDS
GeneralsMD/Code/Libraries/Source/GameSpy/GameSpy/peer/peerMangle.h	excluded	none	manifest input is absent from the repository or outside its source boundary	ZH_LEGACY_UNAVAILABLE_SOURCE_RECORDS
GeneralsMD/Code/Libraries/Source/GameSpy/GameSpy/peer/peerOperations.h	excluded	none	manifest input is absent from the repository or outside its source boundary	ZH_LEGACY_UNAVAILABLE_SOURCE_RECORDS
GeneralsMD/Code/Libraries/Source/GameSpy/GameSpy/peer/peerPing.h	excluded	none	manifest input is absent from the repository or outside its source boundary	ZH_LEGACY_UNAVAILABLE_SOURCE_RECORDS
GeneralsMD/Code/Libraries/Source/GameSpy/GameSpy/peer/peerPlayers.h	excluded	none	manifest input is absent from the repository or outside its source boundary	ZH_LEGACY_UNAVAILABLE_SOURCE_RECORDS
GeneralsMD/Code/Libraries/Source/GameSpy/GameSpy/peer/peerRooms.h	excluded	none	manifest input is absent from the repository or outside its source boundary	ZH_LEGACY_UNAVAILABLE_SOURCE_RECORDS
GeneralsMD/Code/Libraries/Source/GameSpy/GameSpy/pinger/pinger.h	excluded	none	manifest input is absent from the repository or outside its source boundary	ZH_LEGACY_UNAVAILABLE_SOURCE_RECORDS
GeneralsMD/Code/Libraries/Source/GameSpy/GameSpy/queryreporting/gqueryreporting.h	excluded	none	manifest input is absent from the repository or outside its source boundary	ZH_LEGACY_UNAVAILABLE_SOURCE_RECORDS
GeneralsMD/Code/Libraries/Source/WPAudio/AUD_Assert.cpp	platform-replaced	native-adapter	obsolete Windows audio implementation replaced at M12	ZH_LEGACY_EXCLUDED_SOURCE_RECORDS
GeneralsMD/Code/Libraries/Source/WPAudio/AUD_Attributes.cpp	platform-replaced	native-adapter	obsolete Windows audio implementation replaced at M12	ZH_LEGACY_EXCLUDED_SOURCE_RECORDS
GeneralsMD/Code/Libraries/Source/WPAudio/AUD_Cache.cpp	platform-replaced	native-adapter	obsolete Windows audio implementation replaced at M12	ZH_LEGACY_EXCLUDED_SOURCE_RECORDS
GeneralsMD/Code/Libraries/Source/WPAudio/AUD_Channel.cpp	platform-replaced	native-adapter	obsolete Windows audio implementation replaced at M12	ZH_LEGACY_EXCLUDED_SOURCE_RECORDS
GeneralsMD/Code/Libraries/Source/WPAudio/AUD_DSoundDriver.cpp	platform-replaced	native-adapter	obsolete Windows audio implementation replaced at M12	ZH_LEGACY_EXCLUDED_SOURCE_RECORDS
GeneralsMD/Code/Libraries/Source/WPAudio/AUD_Device.cpp	platform-replaced	native-adapter	obsolete Windows audio implementation replaced at M12	ZH_LEGACY_EXCLUDED_SOURCE_RECORDS
GeneralsMD/Code/Libraries/Source/WPAudio/AUD_Events.cpp	platform-replaced	native-adapter	obsolete Windows audio implementation replaced at M12	ZH_LEGACY_EXCLUDED_SOURCE_RECORDS
GeneralsMD/Code/Libraries/Source/WPAudio/AUD_Level.cpp	platform-replaced	native-adapter	obsolete Windows audio implementation replaced at M12	ZH_LEGACY_EXCLUDED_SOURCE_RECORDS
GeneralsMD/Code/Libraries/Source/WPAudio/AUD_List.cpp	platform-replaced	native-adapter	obsolete Windows audio implementation replaced at M12	ZH_LEGACY_EXCLUDED_SOURCE_RECORDS
GeneralsMD/Code/Libraries/Source/WPAudio/AUD_Lock.cpp	platform-replaced	native-adapter	obsolete Windows audio implementation replaced at M12	ZH_LEGACY_EXCLUDED_SOURCE_RECORDS
GeneralsMD/Code/Libraries/Source/WPAudio/AUD_Memory.cpp	platform-replaced	native-adapter	obsolete Windows audio implementation replaced at M12	ZH_LEGACY_EXCLUDED_SOURCE_RECORDS
GeneralsMD/Code/Libraries/Source/WPAudio/AUD_Profiler.cpp	platform-replaced	native-adapter	obsolete Windows audio implementation replaced at M12	ZH_LEGACY_EXCLUDED_SOURCE_RECORDS
GeneralsMD/Code/Libraries/Source/WPAudio/AUD_Source.cpp	platform-replaced	native-adapter	obsolete Windows audio implementation replaced at M12	ZH_LEGACY_EXCLUDED_SOURCE_RECORDS
GeneralsMD/Code/Libraries/Source/WPAudio/AUD_StreamBuffering.cpp	platform-replaced	native-adapter	obsolete Windows audio implementation replaced at M12	ZH_LEGACY_EXCLUDED_SOURCE_RECORDS
GeneralsMD/Code/Libraries/Source/WPAudio/AUD_Streamer.cpp	platform-replaced	native-adapter	obsolete Windows audio implementation replaced at M12	ZH_LEGACY_EXCLUDED_SOURCE_RECORDS
GeneralsMD/Code/Libraries/Source/WPAudio/AUD_Time.cpp	platform-replaced	native-adapter	obsolete Windows audio implementation replaced at M12	ZH_LEGACY_EXCLUDED_SOURCE_RECORDS
GeneralsMD/Code/Libraries/Source/WPAudio/AUD_Windows.cpp	platform-replaced	native-adapter	obsolete Windows audio implementation replaced at M12	ZH_LEGACY_EXCLUDED_SOURCE_RECORDS
GeneralsMD/Code/Libraries/Source/WPAudio/Asimp3/Asimp3asm.asm	excluded	none	manifest input is absent from the repository or outside its source boundary	ZH_LEGACY_UNAVAILABLE_SOURCE_RECORDS
GeneralsMD/Code/Libraries/Source/WPAudio/Asimp3/Datatbl.h	excluded	none	manifest input is absent from the repository or outside its source boundary	ZH_LEGACY_UNAVAILABLE_SOURCE_RECORDS
GeneralsMD/Code/Libraries/Source/WPAudio/Asimp3/Imssapi.h	excluded	none	manifest input is absent from the repository or outside its source boundary	ZH_LEGACY_UNAVAILABLE_SOURCE_RECORDS
GeneralsMD/Code/Libraries/Source/WPAudio/Asimp3/Mp3api.cpp	excluded	none	manifest input is absent from the repository or outside its source boundary	ZH_LEGACY_UNAVAILABLE_SOURCE_RECORDS
GeneralsMD/Code/Libraries/Source/WPAudio/Asimp3/Mp3dec.cpp	excluded	none	manifest input is absent from the repository or outside its source boundary	ZH_LEGACY_UNAVAILABLE_SOURCE_RECORDS
GeneralsMD/Code/Libraries/Source/WPAudio/Asimp3/Mp3dec.h	excluded	none	manifest input is absent from the repository or outside its source boundary	ZH_LEGACY_UNAVAILABLE_SOURCE_RECORDS
GeneralsMD/Code/Libraries/Source/WPAudio/Asimp3/Mss.h	excluded	none	manifest input is absent from the repository or outside its source boundary	ZH_LEGACY_UNAVAILABLE_SOURCE_RECORDS
GeneralsMD/Code/Libraries/Source/WPAudio/Asimp3/Mssasi.h	excluded	none	manifest input is absent from the repository or outside its source boundary	ZH_LEGACY_UNAVAILABLE_SOURCE_RECORDS
GeneralsMD/Code/Libraries/Source/WPAudio/Asimp3/Rib.h	excluded	none	manifest input is absent from the repository or outside its source boundary	ZH_LEGACY_UNAVAILABLE_SOURCE_RECORDS
GeneralsMD/Code/Libraries/Source/WWVegas/WW3D2/DX8 Rationalizations.txt	excluded	M22	original W3D producers are owned by M22	ZH_LEGACY_ZH_W3D_SOURCES
GeneralsMD/Code/Libraries/Source/WWVegas/WW3D2/DX8 Status.txt	excluded	M22	original W3D producers are owned by M22	ZH_LEGACY_ZH_W3D_SOURCES
GeneralsMD/Code/Libraries/Source/WWVegas/WW3D2/DX8ToolModifications.txt	excluded	M22	original W3D producers are owned by M22	ZH_LEGACY_ZH_W3D_SOURCES
GeneralsMD/Code/Libraries/Source/WWVegas/WW3D2/FramGrab.cpp	excluded	M22	original W3D producers are owned by M22	ZH_LEGACY_ZH_W3D_SOURCES
GeneralsMD/Code/Libraries/Source/WWVegas/WW3D2/MAPPERS.TXT	excluded	M22	original W3D producers are owned by M22	ZH_LEGACY_ZH_W3D_SOURCES
GeneralsMD/Code/Libraries/Source/WWVegas/WW3D2/RenderObjectGuide.txt	excluded	M22	original W3D producers are owned by M22	ZH_LEGACY_ZH_W3D_SOURCES
GeneralsMD/Code/Libraries/Source/WWVegas/WW3D2/RequiredAssets/AddProjectorGradient.tga	excluded	M22	original W3D producers are owned by M22	ZH_LEGACY_ZH_W3D_SOURCES
GeneralsMD/Code/Libraries/Source/WWVegas/WW3D2/RequiredAssets/Dazzle.INI	excluded	M22	original W3D producers are owned by M22	ZH_LEGACY_ZH_W3D_SOURCES
GeneralsMD/Code/Libraries/Source/WWVegas/WW3D2/RequiredAssets/MultProjectorGradient.tga	excluded	M22	original W3D producers are owned by M22	ZH_LEGACY_ZH_W3D_SOURCES
GeneralsMD/Code/Libraries/Source/WWVegas/WW3D2/RequiredAssets/ShatterAVel.tbl	excluded	M22	original W3D producers are owned by M22	ZH_LEGACY_ZH_W3D_SOURCES
GeneralsMD/Code/Libraries/Source/WWVegas/WW3D2/RequiredAssets/ShatterPlanes0.w3d	excluded	M22	original W3D producers are owned by M22	ZH_LEGACY_ZH_W3D_SOURCES
GeneralsMD/Code/Libraries/Source/WWVegas/WW3D2/RequiredAssets/ShatterVel.tbl	excluded	M22	original W3D producers are owned by M22	ZH_LEGACY_ZH_W3D_SOURCES
GeneralsMD/Code/Libraries/Source/WWVegas/WW3D2/RequiredAssets/w3d_missing_texture.tga	excluded	M22	original W3D producers are owned by M22	ZH_LEGACY_ZH_W3D_SOURCES
GeneralsMD/Code/Libraries/Source/WWVegas/WW3D2/State Management.txt	excluded	M22	original W3D producers are owned by M22	ZH_LEGACY_ZH_W3D_SOURCES
GeneralsMD/Code/Libraries/Source/WWVegas/WW3D2/aabtree.cpp	excluded	M22	original W3D producers are owned by M22	ZH_LEGACY_ZH_W3D_SOURCES
GeneralsMD/Code/Libraries/Source/WWVegas/WW3D2/aabtree.h	excluded	M22	original W3D producers are owned by M22	ZH_LEGACY_ZH_W3D_SOURCES
GeneralsMD/Code/Libraries/Source/WWVegas/WW3D2/aabtreebuilder.cpp	excluded	M22	original W3D producers are owned by M22	ZH_LEGACY_ZH_W3D_SOURCES
GeneralsMD/Code/Libraries/Source/WWVegas/WW3D2/aabtreebuilder.h	excluded	M22	original W3D producers are owned by M22	ZH_LEGACY_ZH_W3D_SOURCES
GeneralsMD/Code/Libraries/Source/WWVegas/WW3D2/agg_def.cpp	excluded	M22	original W3D producers are owned by M22	ZH_LEGACY_ZH_W3D_SOURCES
GeneralsMD/Code/Libraries/Source/WWVegas/WW3D2/agg_def.h	excluded	M22	original W3D producers are owned by M22	ZH_LEGACY_ZH_W3D_SOURCES
GeneralsMD/Code/Libraries/Source/WWVegas/WW3D2/animatedsoundmgr.cpp	excluded	M22	original W3D producers are owned by M22	ZH_LEGACY_ZH_W3D_SOURCES
GeneralsMD/Code/Libraries/Source/WWVegas/WW3D2/animatedsoundmgr.h	excluded	M22	original W3D producers are owned by M22	ZH_LEGACY_ZH_W3D_SOURCES
GeneralsMD/Code/Libraries/Source/WWVegas/WW3D2/animobj.cpp	excluded	M22	original W3D producers are owned by M22	ZH_LEGACY_ZH_W3D_SOURCES
GeneralsMD/Code/Libraries/Source/WWVegas/WW3D2/animobj.h	excluded	M22	original W3D producers are owned by M22	ZH_LEGACY_ZH_W3D_SOURCES
GeneralsMD/Code/Libraries/Source/WWVegas/WW3D2/assetmgr.cpp	excluded	M22	original W3D producers are owned by M22	ZH_LEGACY_ZH_W3D_SOURCES
GeneralsMD/Code/Libraries/Source/WWVegas/WW3D2/assetmgr.h	excluded	M22	original W3D producers are owned by M22	ZH_LEGACY_ZH_W3D_SOURCES
GeneralsMD/Code/Libraries/Source/WWVegas/WW3D2/assetstatus.cpp	excluded	M22	original W3D producers are owned by M22	ZH_LEGACY_ZH_W3D_SOURCES
GeneralsMD/Code/Libraries/Source/WWVegas/WW3D2/assetstatus.h	excluded	M22	original W3D producers are owned by M22	ZH_LEGACY_ZH_W3D_SOURCES
GeneralsMD/Code/Libraries/Source/WWVegas/WW3D2/bitmaphandler.cpp	excluded	M22	original W3D producers are owned by M22	ZH_LEGACY_ZH_W3D_SOURCES
GeneralsMD/Code/Libraries/Source/WWVegas/WW3D2/bitmaphandler.h	excluded	M22	original W3D producers are owned by M22	ZH_LEGACY_ZH_W3D_SOURCES
GeneralsMD/Code/Libraries/Source/WWVegas/WW3D2/bmp2d.cpp	excluded	M22	original W3D producers are owned by M22	ZH_LEGACY_ZH_W3D_SOURCES
GeneralsMD/Code/Libraries/Source/WWVegas/WW3D2/bmp2d.h	excluded	M22	original W3D producers are owned by M22	ZH_LEGACY_ZH_W3D_SOURCES
GeneralsMD/Code/Libraries/Source/WWVegas/WW3D2/boxrobj.cpp	excluded	M22	original W3D producers are owned by M22	ZH_LEGACY_ZH_W3D_SOURCES
GeneralsMD/Code/Libraries/Source/WWVegas/WW3D2/boxrobj.h	excluded	M22	original W3D producers are owned by M22	ZH_LEGACY_ZH_W3D_SOURCES
GeneralsMD/Code/Libraries/Source/WWVegas/WW3D2/bwrender.cpp	excluded	M22	original W3D producers are owned by M22	ZH_LEGACY_ZH_W3D_SOURCES
GeneralsMD/Code/Libraries/Source/WWVegas/WW3D2/bwrender.h	excluded	M22	original W3D producers are owned by M22	ZH_LEGACY_ZH_W3D_SOURCES
GeneralsMD/Code/Libraries/Source/WWVegas/WW3D2/camera.cpp	excluded	M22	original W3D producers are owned by M22	ZH_LEGACY_ZH_W3D_SOURCES
GeneralsMD/Code/Libraries/Source/WWVegas/WW3D2/camera.h	excluded	M22	original W3D producers are owned by M22	ZH_LEGACY_ZH_W3D_SOURCES
GeneralsMD/Code/Libraries/Source/WWVegas/WW3D2/collect.cpp	excluded	M22	original W3D producers are owned by M22	ZH_LEGACY_ZH_W3D_SOURCES
GeneralsMD/Code/Libraries/Source/WWVegas/WW3D2/collect.h	excluded	M22	original W3D producers are owned by M22	ZH_LEGACY_ZH_W3D_SOURCES
GeneralsMD/Code/Libraries/Source/WWVegas/WW3D2/colorspace.h	excluded	M22	original W3D producers are owned by M22	ZH_LEGACY_ZH_W3D_SOURCES
GeneralsMD/Code/Libraries/Source/WWVegas/WW3D2/coltest.cpp	excluded	M22	original W3D producers are owned by M22	ZH_LEGACY_ZH_W3D_SOURCES
GeneralsMD/Code/Libraries/Source/WWVegas/WW3D2/coltest.h	excluded	M22	original W3D producers are owned by M22	ZH_LEGACY_ZH_W3D_SOURCES
GeneralsMD/Code/Libraries/Source/WWVegas/WW3D2/coltype.h	excluded	M22	original W3D producers are owned by M22	ZH_LEGACY_ZH_W3D_SOURCES
GeneralsMD/Code/Libraries/Source/WWVegas/WW3D2/composite.cpp	excluded	M22	original W3D producers are owned by M22	ZH_LEGACY_ZH_W3D_SOURCES
GeneralsMD/Code/Libraries/Source/WWVegas/WW3D2/composite.h	excluded	M22	original W3D producers are owned by M22	ZH_LEGACY_ZH_W3D_SOURCES
GeneralsMD/Code/Libraries/Source/WWVegas/WW3D2/dazzle.cpp	excluded	M22	original W3D producers are owned by M22	ZH_LEGACY_ZH_W3D_SOURCES
GeneralsMD/Code/Libraries/Source/WWVegas/WW3D2/dazzle.h	excluded	M22	original W3D producers are owned by M22	ZH_LEGACY_ZH_W3D_SOURCES
GeneralsMD/Code/Libraries/Source/WWVegas/WW3D2/ddsfile.cpp	excluded	M22	original W3D producers are owned by M22	ZH_LEGACY_ZH_W3D_SOURCES
GeneralsMD/Code/Libraries/Source/WWVegas/WW3D2/ddsfile.h	excluded	M22	original W3D producers are owned by M22	ZH_LEGACY_ZH_W3D_SOURCES
GeneralsMD/Code/Libraries/Source/WWVegas/WW3D2/decalmsh.cpp	excluded	M22	original W3D producers are owned by M22	ZH_LEGACY_ZH_W3D_SOURCES
GeneralsMD/Code/Libraries/Source/WWVegas/WW3D2/decalmsh.h	excluded	M22	original W3D producers are owned by M22	ZH_LEGACY_ZH_W3D_SOURCES
GeneralsMD/Code/Libraries/Source/WWVegas/WW3D2/decalsys.cpp	excluded	M22	original W3D producers are owned by M22	ZH_LEGACY_ZH_W3D_SOURCES
GeneralsMD/Code/Libraries/Source/WWVegas/WW3D2/decalsys.h	excluded	M22	original W3D producers are owned by M22	ZH_LEGACY_ZH_W3D_SOURCES
GeneralsMD/Code/Libraries/Source/WWVegas/WW3D2/distlod.cpp	excluded	M22	original W3D producers are owned by M22	ZH_LEGACY_ZH_W3D_SOURCES
GeneralsMD/Code/Libraries/Source/WWVegas/WW3D2/distlod.h	excluded	M22	original W3D producers are owned by M22	ZH_LEGACY_ZH_W3D_SOURCES
GeneralsMD/Code/Libraries/Source/WWVegas/WW3D2/dllist.h	excluded	M22	original W3D producers are owned by M22	ZH_LEGACY_ZH_W3D_SOURCES
GeneralsMD/Code/Libraries/Source/WWVegas/WW3D2/dx8caps.cpp	excluded	M22	original W3D producers are owned by M22	ZH_LEGACY_ZH_W3D_SOURCES
GeneralsMD/Code/Libraries/Source/WWVegas/WW3D2/dx8caps.h	excluded	M22	original W3D producers are owned by M22	ZH_LEGACY_ZH_W3D_SOURCES
GeneralsMD/Code/Libraries/Source/WWVegas/WW3D2/dx8fvf.cpp	excluded	M22	original W3D producers are owned by M22	ZH_LEGACY_ZH_W3D_SOURCES
GeneralsMD/Code/Libraries/Source/WWVegas/WW3D2/dx8fvf.h	excluded	M22	original W3D producers are owned by M22	ZH_LEGACY_ZH_W3D_SOURCES
GeneralsMD/Code/Libraries/Source/WWVegas/WW3D2/dx8indexbuffer.cpp	excluded	M22	original W3D producers are owned by M22	ZH_LEGACY_ZH_W3D_SOURCES
GeneralsMD/Code/Libraries/Source/WWVegas/WW3D2/dx8indexbuffer.h	excluded	M22	original W3D producers are owned by M22	ZH_LEGACY_ZH_W3D_SOURCES
GeneralsMD/Code/Libraries/Source/WWVegas/WW3D2/dx8list.h	excluded	M22	original W3D producers are owned by M22	ZH_LEGACY_ZH_W3D_SOURCES
GeneralsMD/Code/Libraries/Source/WWVegas/WW3D2/dx8polygonrenderer.cpp	excluded	M22	original W3D producers are owned by M22	ZH_LEGACY_ZH_W3D_SOURCES
GeneralsMD/Code/Libraries/Source/WWVegas/WW3D2/dx8polygonrenderer.h	excluded	M22	original W3D producers are owned by M22	ZH_LEGACY_ZH_W3D_SOURCES
GeneralsMD/Code/Libraries/Source/WWVegas/WW3D2/dx8renderer.cpp	excluded	M22	original W3D producers are owned by M22	ZH_LEGACY_ZH_W3D_SOURCES
GeneralsMD/Code/Libraries/Source/WWVegas/WW3D2/dx8renderer.h	excluded	M22	original W3D producers are owned by M22	ZH_LEGACY_ZH_W3D_SOURCES
GeneralsMD/Code/Libraries/Source/WWVegas/WW3D2/dx8rendererdebugger.cpp	excluded	M22	original W3D producers are owned by M22	ZH_LEGACY_ZH_W3D_SOURCES
GeneralsMD/Code/Libraries/Source/WWVegas/WW3D2/dx8rendererdebugger.h	excluded	M22	original W3D producers are owned by M22	ZH_LEGACY_ZH_W3D_SOURCES
GeneralsMD/Code/Libraries/Source/WWVegas/WW3D2/dx8texman.cpp	excluded	M22	original W3D producers are owned by M22	ZH_LEGACY_ZH_W3D_SOURCES
GeneralsMD/Code/Libraries/Source/WWVegas/WW3D2/dx8texman.h	excluded	M22	original W3D producers are owned by M22	ZH_LEGACY_ZH_W3D_SOURCES
GeneralsMD/Code/Libraries/Source/WWVegas/WW3D2/dx8vertexbuffer.cpp	excluded	M22	original W3D producers are owned by M22	ZH_LEGACY_ZH_W3D_SOURCES
GeneralsMD/Code/Libraries/Source/WWVegas/WW3D2/dx8vertexbuffer.h	excluded	M22	original W3D producers are owned by M22	ZH_LEGACY_ZH_W3D_SOURCES
GeneralsMD/Code/Libraries/Source/WWVegas/WW3D2/dx8webbrowser.cpp	platform-replaced	native-adapter	obsolete embedded browser path	ZH_LEGACY_EXCLUDED_SOURCE_RECORDS
GeneralsMD/Code/Libraries/Source/WWVegas/WW3D2/dx8webbrowser.h	platform-replaced	native-adapter	obsolete embedded browser path	ZH_LEGACY_EXCLUDED_SOURCE_RECORDS
GeneralsMD/Code/Libraries/Source/WWVegas/WW3D2/dx8wrapper.cpp	excluded	M22	original W3D producers are owned by M22	ZH_LEGACY_ZH_W3D_SOURCES
GeneralsMD/Code/Libraries/Source/WWVegas/WW3D2/dx8wrapper.h	excluded	M22	original W3D producers are owned by M22	ZH_LEGACY_ZH_W3D_SOURCES
GeneralsMD/Code/Libraries/Source/WWVegas/WW3D2/dynamesh.cpp	excluded	M22	original W3D producers are owned by M22	ZH_LEGACY_ZH_W3D_SOURCES
GeneralsMD/Code/Libraries/Source/WWVegas/WW3D2/dynamesh.h	excluded	M22	original W3D producers are owned by M22	ZH_LEGACY_ZH_W3D_SOURCES
GeneralsMD/Code/Libraries/Source/WWVegas/WW3D2/font3d.cpp	excluded	M22	original W3D producers are owned by M22	ZH_LEGACY_ZH_W3D_SOURCES
GeneralsMD/Code/Libraries/Source/WWVegas/WW3D2/font3d.h	excluded	M22	original W3D producers are owned by M22	ZH_LEGACY_ZH_W3D_SOURCES
GeneralsMD/Code/Libraries/Source/WWVegas/WW3D2/formconv.cpp	excluded	M22	original W3D producers are owned by M22	ZH_LEGACY_ZH_W3D_SOURCES
GeneralsMD/Code/Libraries/Source/WWVegas/WW3D2/formconv.h	excluded	M22	original W3D producers are owned by M22	ZH_LEGACY_ZH_W3D_SOURCES
GeneralsMD/Code/Libraries/Source/WWVegas/WW3D2/framgrab.h	excluded	M22	original W3D producers are owned by M22	ZH_LEGACY_ZH_W3D_SOURCES
GeneralsMD/Code/Libraries/Source/WWVegas/WW3D2/hanim.cpp	excluded	M22	original W3D producers are owned by M22	ZH_LEGACY_ZH_W3D_SOURCES
GeneralsMD/Code/Libraries/Source/WWVegas/WW3D2/hanim.h	excluded	M22	original W3D producers are owned by M22	ZH_LEGACY_ZH_W3D_SOURCES
GeneralsMD/Code/Libraries/Source/WWVegas/WW3D2/hanimmgr.cpp	excluded	M22	original W3D producers are owned by M22	ZH_LEGACY_ZH_W3D_SOURCES
GeneralsMD/Code/Libraries/Source/WWVegas/WW3D2/hanimmgr.h	excluded	M22	original W3D producers are owned by M22	ZH_LEGACY_ZH_W3D_SOURCES
GeneralsMD/Code/Libraries/Source/WWVegas/WW3D2/hcanim.cpp	excluded	M22	original W3D producers are owned by M22	ZH_LEGACY_ZH_W3D_SOURCES
GeneralsMD/Code/Libraries/Source/WWVegas/WW3D2/hcanim.h	excluded	M22	original W3D producers are owned by M22	ZH_LEGACY_ZH_W3D_SOURCES
GeneralsMD/Code/Libraries/Source/WWVegas/WW3D2/hlod.cpp	excluded	M22	original W3D producers are owned by M22	ZH_LEGACY_ZH_W3D_SOURCES
GeneralsMD/Code/Libraries/Source/WWVegas/WW3D2/hlod.h	excluded	M22	original W3D producers are owned by M22	ZH_LEGACY_ZH_W3D_SOURCES
GeneralsMD/Code/Libraries/Source/WWVegas/WW3D2/hmdldef.H	excluded	M22	original W3D producers are owned by M22	ZH_LEGACY_ZH_W3D_SOURCES
GeneralsMD/Code/Libraries/Source/WWVegas/WW3D2/hmdldef.cpp	excluded	M22	original W3D producers are owned by M22	ZH_LEGACY_ZH_W3D_SOURCES
GeneralsMD/Code/Libraries/Source/WWVegas/WW3D2/hmorphanim.cpp	excluded	M22	original W3D producers are owned by M22	ZH_LEGACY_ZH_W3D_SOURCES
GeneralsMD/Code/Libraries/Source/WWVegas/WW3D2/hmorphanim.h	excluded	M22	original W3D producers are owned by M22	ZH_LEGACY_ZH_W3D_SOURCES
GeneralsMD/Code/Libraries/Source/WWVegas/WW3D2/hrawanim.cpp	excluded	M22	original W3D producers are owned by M22	ZH_LEGACY_ZH_W3D_SOURCES
GeneralsMD/Code/Libraries/Source/WWVegas/WW3D2/hrawanim.h	excluded	M22	original W3D producers are owned by M22	ZH_LEGACY_ZH_W3D_SOURCES
GeneralsMD/Code/Libraries/Source/WWVegas/WW3D2/htree.cpp	excluded	M22	original W3D producers are owned by M22	ZH_LEGACY_ZH_W3D_SOURCES
GeneralsMD/Code/Libraries/Source/WWVegas/WW3D2/htree.h	excluded	M22	original W3D producers are owned by M22	ZH_LEGACY_ZH_W3D_SOURCES
GeneralsMD/Code/Libraries/Source/WWVegas/WW3D2/htreemgr.cpp	excluded	M22	original W3D producers are owned by M22	ZH_LEGACY_ZH_W3D_SOURCES
GeneralsMD/Code/Libraries/Source/WWVegas/WW3D2/htreemgr.h	excluded	M22	original W3D producers are owned by M22	ZH_LEGACY_ZH_W3D_SOURCES
GeneralsMD/Code/Libraries/Source/WWVegas/WW3D2/intersec.cpp	excluded	M22	original W3D producers are owned by M22	ZH_LEGACY_ZH_W3D_SOURCES
GeneralsMD/Code/Libraries/Source/WWVegas/WW3D2/intersec.h	excluded	M22	original W3D producers are owned by M22	ZH_LEGACY_ZH_W3D_SOURCES
GeneralsMD/Code/Libraries/Source/WWVegas/WW3D2/intersec.inl	excluded	M22	original W3D producers are owned by M22	ZH_LEGACY_ZH_W3D_SOURCES
GeneralsMD/Code/Libraries/Source/WWVegas/WW3D2/inttest.h	excluded	M22	original W3D producers are owned by M22	ZH_LEGACY_ZH_W3D_SOURCES
GeneralsMD/Code/Libraries/Source/WWVegas/WW3D2/layer.cpp	excluded	M22	original W3D producers are owned by M22	ZH_LEGACY_ZH_W3D_SOURCES
GeneralsMD/Code/Libraries/Source/WWVegas/WW3D2/layer.h	excluded	M22	original W3D producers are owned by M22	ZH_LEGACY_ZH_W3D_SOURCES
GeneralsMD/Code/Libraries/Source/WWVegas/WW3D2/light.cpp	excluded	M22	original W3D producers are owned by M22	ZH_LEGACY_ZH_W3D_SOURCES
GeneralsMD/Code/Libraries/Source/WWVegas/WW3D2/light.h	excluded	M22	original W3D producers are owned by M22	ZH_LEGACY_ZH_W3D_SOURCES
GeneralsMD/Code/Libraries/Source/WWVegas/WW3D2/lightenvironment.cpp	excluded	M22	original W3D producers are owned by M22	ZH_LEGACY_ZH_W3D_SOURCES
GeneralsMD/Code/Libraries/Source/WWVegas/WW3D2/lightenvironment.h	excluded	M22	original W3D producers are owned by M22	ZH_LEGACY_ZH_W3D_SOURCES
GeneralsMD/Code/Libraries/Source/WWVegas/WW3D2/line3d.cpp	excluded	M22	original W3D producers are owned by M22	ZH_LEGACY_ZH_W3D_SOURCES
GeneralsMD/Code/Libraries/Source/WWVegas/WW3D2/line3d.h	excluded	M22	original W3D producers are owned by M22	ZH_LEGACY_ZH_W3D_SOURCES
GeneralsMD/Code/Libraries/Source/WWVegas/WW3D2/linegrp.cpp	excluded	M22	original W3D producers are owned by M22	ZH_LEGACY_ZH_W3D_SOURCES
GeneralsMD/Code/Libraries/Source/WWVegas/WW3D2/linegrp.h	excluded	M22	original W3D producers are owned by M22	ZH_LEGACY_ZH_W3D_SOURCES
GeneralsMD/Code/Libraries/Source/WWVegas/WW3D2/mapper.cpp	excluded	M22	original W3D producers are owned by M22	ZH_LEGACY_ZH_W3D_SOURCES
GeneralsMD/Code/Libraries/Source/WWVegas/WW3D2/mapper.h	excluded	M22	original W3D producers are owned by M22	ZH_LEGACY_ZH_W3D_SOURCES
GeneralsMD/Code/Libraries/Source/WWVegas/WW3D2/matinfo.cpp	excluded	M22	original W3D producers are owned by M22	ZH_LEGACY_ZH_W3D_SOURCES
GeneralsMD/Code/Libraries/Source/WWVegas/WW3D2/matinfo.h	excluded	M22	original W3D producers are owned by M22	ZH_LEGACY_ZH_W3D_SOURCES
GeneralsMD/Code/Libraries/Source/WWVegas/WW3D2/matpass.cpp	excluded	M22	original W3D producers are owned by M22	ZH_LEGACY_ZH_W3D_SOURCES
GeneralsMD/Code/Libraries/Source/WWVegas/WW3D2/matpass.h	excluded	M22	original W3D producers are owned by M22	ZH_LEGACY_ZH_W3D_SOURCES
GeneralsMD/Code/Libraries/Source/WWVegas/WW3D2/matrixmapper.cpp	excluded	M22	original W3D producers are owned by M22	ZH_LEGACY_ZH_W3D_SOURCES
GeneralsMD/Code/Libraries/Source/WWVegas/WW3D2/matrixmapper.h	excluded	M22	original W3D producers are owned by M22	ZH_LEGACY_ZH_W3D_SOURCES
GeneralsMD/Code/Libraries/Source/WWVegas/WW3D2/mesh.cpp	excluded	M22	original W3D producers are owned by M22	ZH_LEGACY_ZH_W3D_SOURCES
GeneralsMD/Code/Libraries/Source/WWVegas/WW3D2/mesh.h	excluded	M22	original W3D producers are owned by M22	ZH_LEGACY_ZH_W3D_SOURCES
GeneralsMD/Code/Libraries/Source/WWVegas/WW3D2/meshbuild.cpp	excluded	M22	original W3D producers are owned by M22	ZH_LEGACY_ZH_W3D_SOURCES
GeneralsMD/Code/Libraries/Source/WWVegas/WW3D2/meshbuild.h	excluded	M22	original W3D producers are owned by M22	ZH_LEGACY_ZH_W3D_SOURCES
GeneralsMD/Code/Libraries/Source/WWVegas/WW3D2/meshdam.cpp	excluded	M22	original W3D producers are owned by M22	ZH_LEGACY_ZH_W3D_SOURCES
GeneralsMD/Code/Libraries/Source/WWVegas/WW3D2/meshdam.h	excluded	M22	original W3D producers are owned by M22	ZH_LEGACY_ZH_W3D_SOURCES
GeneralsMD/Code/Libraries/Source/WWVegas/WW3D2/meshgeometry.cpp	excluded	M22	original W3D producers are owned by M22	ZH_LEGACY_ZH_W3D_SOURCES
GeneralsMD/Code/Libraries/Source/WWVegas/WW3D2/meshgeometry.h	excluded	M22	original W3D producers are owned by M22	ZH_LEGACY_ZH_W3D_SOURCES
GeneralsMD/Code/Libraries/Source/WWVegas/WW3D2/meshmatdesc.cpp	excluded	M22	original W3D producers are owned by M22	ZH_LEGACY_ZH_W3D_SOURCES
GeneralsMD/Code/Libraries/Source/WWVegas/WW3D2/meshmatdesc.h	excluded	M22	original W3D producers are owned by M22	ZH_LEGACY_ZH_W3D_SOURCES
GeneralsMD/Code/Libraries/Source/WWVegas/WW3D2/meshmdl.cpp	excluded	M22	original W3D producers are owned by M22	ZH_LEGACY_ZH_W3D_SOURCES
GeneralsMD/Code/Libraries/Source/WWVegas/WW3D2/meshmdl.h	excluded	M22	original W3D producers are owned by M22	ZH_LEGACY_ZH_W3D_SOURCES
GeneralsMD/Code/Libraries/Source/WWVegas/WW3D2/meshmdlio.cpp	excluded	M22	original W3D producers are owned by M22	ZH_LEGACY_ZH_W3D_SOURCES
GeneralsMD/Code/Libraries/Source/WWVegas/WW3D2/metalmap.cpp	excluded	M22	original W3D producers are owned by M22	ZH_LEGACY_ZH_W3D_SOURCES
GeneralsMD/Code/Libraries/Source/WWVegas/WW3D2/metalmap.h	excluded	M22	original W3D producers are owned by M22	ZH_LEGACY_ZH_W3D_SOURCES
GeneralsMD/Code/Libraries/Source/WWVegas/WW3D2/missingtexture.cpp	excluded	M22	original W3D producers are owned by M22	ZH_LEGACY_ZH_W3D_SOURCES
GeneralsMD/Code/Libraries/Source/WWVegas/WW3D2/missingtexture.h	excluded	M22	original W3D producers are owned by M22	ZH_LEGACY_ZH_W3D_SOURCES
GeneralsMD/Code/Libraries/Source/WWVegas/WW3D2/motchan.cpp	excluded	M22	original W3D producers are owned by M22	ZH_LEGACY_ZH_W3D_SOURCES
GeneralsMD/Code/Libraries/Source/WWVegas/WW3D2/motchan.h	excluded	M22	original W3D producers are owned by M22	ZH_LEGACY_ZH_W3D_SOURCES
GeneralsMD/Code/Libraries/Source/WWVegas/WW3D2/nullrobj.cpp	excluded	M22	original W3D producers are owned by M22	ZH_LEGACY_ZH_W3D_SOURCES
GeneralsMD/Code/Libraries/Source/WWVegas/WW3D2/nullrobj.h	excluded	M22	original W3D producers are owned by M22	ZH_LEGACY_ZH_W3D_SOURCES
GeneralsMD/Code/Libraries/Source/WWVegas/WW3D2/part_buf.cpp	excluded	M22	original W3D producers are owned by M22	ZH_LEGACY_ZH_W3D_SOURCES
GeneralsMD/Code/Libraries/Source/WWVegas/WW3D2/part_buf.h	excluded	M22	original W3D producers are owned by M22	ZH_LEGACY_ZH_W3D_SOURCES
GeneralsMD/Code/Libraries/Source/WWVegas/WW3D2/part_emt.cpp	excluded	M22	original W3D producers are owned by M22	ZH_LEGACY_ZH_W3D_SOURCES
GeneralsMD/Code/Libraries/Source/WWVegas/WW3D2/part_emt.h	excluded	M22	original W3D producers are owned by M22	ZH_LEGACY_ZH_W3D_SOURCES
GeneralsMD/Code/Libraries/Source/WWVegas/WW3D2/part_ldr.cpp	excluded	M22	original W3D producers are owned by M22	ZH_LEGACY_ZH_W3D_SOURCES
GeneralsMD/Code/Libraries/Source/WWVegas/WW3D2/part_ldr.h	excluded	M22	original W3D producers are owned by M22	ZH_LEGACY_ZH_W3D_SOURCES
GeneralsMD/Code/Libraries/Source/WWVegas/WW3D2/pivot.cpp	excluded	M22	original W3D producers are owned by M22	ZH_LEGACY_ZH_W3D_SOURCES
GeneralsMD/Code/Libraries/Source/WWVegas/WW3D2/pivot.h	excluded	M22	original W3D producers are owned by M22	ZH_LEGACY_ZH_W3D_SOURCES
GeneralsMD/Code/Libraries/Source/WWVegas/WW3D2/pointgr.cpp	excluded	M22	original W3D producers are owned by M22	ZH_LEGACY_ZH_W3D_SOURCES
GeneralsMD/Code/Libraries/Source/WWVegas/WW3D2/pointgr.h	excluded	M22	original W3D producers are owned by M22	ZH_LEGACY_ZH_W3D_SOURCES
GeneralsMD/Code/Libraries/Source/WWVegas/WW3D2/polyinfo.cpp	excluded	M22	original W3D producers are owned by M22	ZH_LEGACY_ZH_W3D_SOURCES
GeneralsMD/Code/Libraries/Source/WWVegas/WW3D2/polyinfo.h	excluded	M22	original W3D producers are owned by M22	ZH_LEGACY_ZH_W3D_SOURCES
GeneralsMD/Code/Libraries/Source/WWVegas/WW3D2/predlod.cpp	excluded	M22	original W3D producers are owned by M22	ZH_LEGACY_ZH_W3D_SOURCES
GeneralsMD/Code/Libraries/Source/WWVegas/WW3D2/predlod.h	excluded	M22	original W3D producers are owned by M22	ZH_LEGACY_ZH_W3D_SOURCES
GeneralsMD/Code/Libraries/Source/WWVegas/WW3D2/prim_anim.cpp	excluded	M22	original W3D producers are owned by M22	ZH_LEGACY_ZH_W3D_SOURCES
GeneralsMD/Code/Libraries/Source/WWVegas/WW3D2/prim_anim.h	excluded	M22	original W3D producers are owned by M22	ZH_LEGACY_ZH_W3D_SOURCES
GeneralsMD/Code/Libraries/Source/WWVegas/WW3D2/projector.cpp	excluded	M22	original W3D producers are owned by M22	ZH_LEGACY_ZH_W3D_SOURCES
GeneralsMD/Code/Libraries/Source/WWVegas/WW3D2/projector.h	excluded	M22	original W3D producers are owned by M22	ZH_LEGACY_ZH_W3D_SOURCES
GeneralsMD/Code/Libraries/Source/WWVegas/WW3D2/proto.cpp	excluded	M22	original W3D producers are owned by M22	ZH_LEGACY_ZH_W3D_SOURCES
GeneralsMD/Code/Libraries/Source/WWVegas/WW3D2/proto.h	excluded	M22	original W3D producers are owned by M22	ZH_LEGACY_ZH_W3D_SOURCES
GeneralsMD/Code/Libraries/Source/WWVegas/WW3D2/proxy.h	excluded	M22	original W3D producers are owned by M22	ZH_LEGACY_ZH_W3D_SOURCES
GeneralsMD/Code/Libraries/Source/WWVegas/WW3D2/rddesc.h	excluded	M22	original W3D producers are owned by M22	ZH_LEGACY_ZH_W3D_SOURCES
GeneralsMD/Code/Libraries/Source/WWVegas/WW3D2/render2d.cpp	excluded	M22	original W3D producers are owned by M22	ZH_LEGACY_ZH_W3D_SOURCES
GeneralsMD/Code/Libraries/Source/WWVegas/WW3D2/render2d.h	excluded	M22	original W3D producers are owned by M22	ZH_LEGACY_ZH_W3D_SOURCES
GeneralsMD/Code/Libraries/Source/WWVegas/WW3D2/render2dsentence.cpp	excluded	M22	original W3D producers are owned by M22	ZH_LEGACY_ZH_W3D_SOURCES
GeneralsMD/Code/Libraries/Source/WWVegas/WW3D2/render2dsentence.h	excluded	M22	original W3D producers are owned by M22	ZH_LEGACY_ZH_W3D_SOURCES
GeneralsMD/Code/Libraries/Source/WWVegas/WW3D2/renderobjectrecycler.cpp	excluded	M22	original W3D producers are owned by M22	ZH_LEGACY_ZH_W3D_SOURCES
GeneralsMD/Code/Libraries/Source/WWVegas/WW3D2/renderobjectrecycler.h	excluded	M22	original W3D producers are owned by M22	ZH_LEGACY_ZH_W3D_SOURCES
GeneralsMD/Code/Libraries/Source/WWVegas/WW3D2/rendobj.cpp	excluded	M22	original W3D producers are owned by M22	ZH_LEGACY_ZH_W3D_SOURCES
GeneralsMD/Code/Libraries/Source/WWVegas/WW3D2/rendobj.h	excluded	M22	original W3D producers are owned by M22	ZH_LEGACY_ZH_W3D_SOURCES
GeneralsMD/Code/Libraries/Source/WWVegas/WW3D2/rinfo.cpp	excluded	M22	original W3D producers are owned by M22	ZH_LEGACY_ZH_W3D_SOURCES
GeneralsMD/Code/Libraries/Source/WWVegas/WW3D2/rinfo.h	excluded	M22	original W3D producers are owned by M22	ZH_LEGACY_ZH_W3D_SOURCES
GeneralsMD/Code/Libraries/Source/WWVegas/WW3D2/ringobj.cpp	excluded	M22	original W3D producers are owned by M22	ZH_LEGACY_ZH_W3D_SOURCES
GeneralsMD/Code/Libraries/Source/WWVegas/WW3D2/ringobj.h	excluded	M22	original W3D producers are owned by M22	ZH_LEGACY_ZH_W3D_SOURCES
GeneralsMD/Code/Libraries/Source/WWVegas/WW3D2/robjlist.h	excluded	M22	original W3D producers are owned by M22	ZH_LEGACY_ZH_W3D_SOURCES
GeneralsMD/Code/Libraries/Source/WWVegas/WW3D2/scene.cpp	excluded	M22	original W3D producers are owned by M22	ZH_LEGACY_ZH_W3D_SOURCES
GeneralsMD/Code/Libraries/Source/WWVegas/WW3D2/scene.h	excluded	M22	original W3D producers are owned by M22	ZH_LEGACY_ZH_W3D_SOURCES
GeneralsMD/Code/Libraries/Source/WWVegas/WW3D2/segline.cpp	excluded	M22	original W3D producers are owned by M22	ZH_LEGACY_ZH_W3D_SOURCES
GeneralsMD/Code/Libraries/Source/WWVegas/WW3D2/segline.h	excluded	M22	original W3D producers are owned by M22	ZH_LEGACY_ZH_W3D_SOURCES
GeneralsMD/Code/Libraries/Source/WWVegas/WW3D2/seglinerenderer.cpp	excluded	M22	original W3D producers are owned by M22	ZH_LEGACY_ZH_W3D_SOURCES
GeneralsMD/Code/Libraries/Source/WWVegas/WW3D2/seglinerenderer.h	excluded	M22	original W3D producers are owned by M22	ZH_LEGACY_ZH_W3D_SOURCES
GeneralsMD/Code/Libraries/Source/WWVegas/WW3D2/shader.cpp	excluded	M22	original W3D producers are owned by M22	ZH_LEGACY_ZH_W3D_SOURCES
GeneralsMD/Code/Libraries/Source/WWVegas/WW3D2/shader.h	excluded	M22	original W3D producers are owned by M22	ZH_LEGACY_ZH_W3D_SOURCES
GeneralsMD/Code/Libraries/Source/WWVegas/WW3D2/shattersystem.cpp	excluded	M22	original W3D producers are owned by M22	ZH_LEGACY_ZH_W3D_SOURCES
GeneralsMD/Code/Libraries/Source/WWVegas/WW3D2/shattersystem.h	excluded	M22	original W3D producers are owned by M22	ZH_LEGACY_ZH_W3D_SOURCES
GeneralsMD/Code/Libraries/Source/WWVegas/WW3D2/shdlib.h	excluded	M22	original W3D producers are owned by M22	ZH_LEGACY_ZH_W3D_SOURCES
GeneralsMD/Code/Libraries/Source/WWVegas/WW3D2/snapPts.h	excluded	M22	original W3D producers are owned by M22	ZH_LEGACY_ZH_W3D_SOURCES
GeneralsMD/Code/Libraries/Source/WWVegas/WW3D2/snappts.cpp	excluded	M22	original W3D producers are owned by M22	ZH_LEGACY_ZH_W3D_SOURCES
GeneralsMD/Code/Libraries/Source/WWVegas/WW3D2/sortingrenderer.cpp	excluded	M22	original W3D producers are owned by M22	ZH_LEGACY_ZH_W3D_SOURCES
GeneralsMD/Code/Libraries/Source/WWVegas/WW3D2/sortingrenderer.h	excluded	M22	original W3D producers are owned by M22	ZH_LEGACY_ZH_W3D_SOURCES
GeneralsMD/Code/Libraries/Source/WWVegas/WW3D2/soundrobj.cpp	excluded	M22	original W3D producers are owned by M22	ZH_LEGACY_ZH_W3D_SOURCES
GeneralsMD/Code/Libraries/Source/WWVegas/WW3D2/soundrobj.h	excluded	M22	original W3D producers are owned by M22	ZH_LEGACY_ZH_W3D_SOURCES
GeneralsMD/Code/Libraries/Source/WWVegas/WW3D2/sphereobj.cpp	excluded	M22	original W3D producers are owned by M22	ZH_LEGACY_ZH_W3D_SOURCES
GeneralsMD/Code/Libraries/Source/WWVegas/WW3D2/sphereobj.h	excluded	M22	original W3D producers are owned by M22	ZH_LEGACY_ZH_W3D_SOURCES
GeneralsMD/Code/Libraries/Source/WWVegas/WW3D2/static_sort_list.cpp	excluded	M22	original W3D producers are owned by M22	ZH_LEGACY_ZH_W3D_SOURCES
GeneralsMD/Code/Libraries/Source/WWVegas/WW3D2/static_sort_list.h	excluded	M22	original W3D producers are owned by M22	ZH_LEGACY_ZH_W3D_SOURCES
GeneralsMD/Code/Libraries/Source/WWVegas/WW3D2/statistics.cpp	excluded	M22	original W3D producers are owned by M22	ZH_LEGACY_ZH_W3D_SOURCES
GeneralsMD/Code/Libraries/Source/WWVegas/WW3D2/statistics.h	excluded	M22	original W3D producers are owned by M22	ZH_LEGACY_ZH_W3D_SOURCES
GeneralsMD/Code/Libraries/Source/WWVegas/WW3D2/streak.cpp	excluded	M22	original W3D producers are owned by M22	ZH_LEGACY_ZH_W3D_SOURCES
GeneralsMD/Code/Libraries/Source/WWVegas/WW3D2/streak.h	excluded	M22	original W3D producers are owned by M22	ZH_LEGACY_ZH_W3D_SOURCES
GeneralsMD/Code/Libraries/Source/WWVegas/WW3D2/streakRender.cpp	excluded	M22	original W3D producers are owned by M22	ZH_LEGACY_ZH_W3D_SOURCES
GeneralsMD/Code/Libraries/Source/WWVegas/WW3D2/streakRender.h	excluded	M22	original W3D producers are owned by M22	ZH_LEGACY_ZH_W3D_SOURCES
GeneralsMD/Code/Libraries/Source/WWVegas/WW3D2/stripoptimizer.cpp	excluded	M22	original W3D producers are owned by M22	ZH_LEGACY_ZH_W3D_SOURCES
GeneralsMD/Code/Libraries/Source/WWVegas/WW3D2/stripoptimizer.h	excluded	M22	original W3D producers are owned by M22	ZH_LEGACY_ZH_W3D_SOURCES
GeneralsMD/Code/Libraries/Source/WWVegas/WW3D2/surfaceclass.cpp	excluded	M22	original W3D producers are owned by M22	ZH_LEGACY_ZH_W3D_SOURCES
GeneralsMD/Code/Libraries/Source/WWVegas/WW3D2/surfaceclass.h	excluded	M22	original W3D producers are owned by M22	ZH_LEGACY_ZH_W3D_SOURCES
GeneralsMD/Code/Libraries/Source/WWVegas/WW3D2/texfcach.cpp	excluded	M22	original W3D producers are owned by M22	ZH_LEGACY_ZH_W3D_SOURCES
GeneralsMD/Code/Libraries/Source/WWVegas/WW3D2/texfcach.h	excluded	M22	original W3D producers are owned by M22	ZH_LEGACY_ZH_W3D_SOURCES
GeneralsMD/Code/Libraries/Source/WWVegas/WW3D2/texproject.cpp	excluded	M22	original W3D producers are owned by M22	ZH_LEGACY_ZH_W3D_SOURCES
GeneralsMD/Code/Libraries/Source/WWVegas/WW3D2/texproject.h	excluded	M22	original W3D producers are owned by M22	ZH_LEGACY_ZH_W3D_SOURCES
GeneralsMD/Code/Libraries/Source/WWVegas/WW3D2/texture.cpp	excluded	M22	original W3D producers are owned by M22	ZH_LEGACY_ZH_W3D_SOURCES
GeneralsMD/Code/Libraries/Source/WWVegas/WW3D2/texture.h	excluded	M22	original W3D producers are owned by M22	ZH_LEGACY_ZH_W3D_SOURCES
GeneralsMD/Code/Libraries/Source/WWVegas/WW3D2/texturefilter.cpp	excluded	M22	original W3D producers are owned by M22	ZH_LEGACY_ZH_W3D_SOURCES
GeneralsMD/Code/Libraries/Source/WWVegas/WW3D2/texturefilter.h	excluded	M22	original W3D producers are owned by M22	ZH_LEGACY_ZH_W3D_SOURCES
GeneralsMD/Code/Libraries/Source/WWVegas/WW3D2/textureloader.cpp	excluded	M22	original W3D producers are owned by M22	ZH_LEGACY_ZH_W3D_SOURCES
GeneralsMD/Code/Libraries/Source/WWVegas/WW3D2/textureloader.h	excluded	M22	original W3D producers are owned by M22	ZH_LEGACY_ZH_W3D_SOURCES
GeneralsMD/Code/Libraries/Source/WWVegas/WW3D2/texturethumbnail.cpp	excluded	M22	original W3D producers are owned by M22	ZH_LEGACY_ZH_W3D_SOURCES
GeneralsMD/Code/Libraries/Source/WWVegas/WW3D2/texturethumbnail.h	excluded	M22	original W3D producers are owned by M22	ZH_LEGACY_ZH_W3D_SOURCES
GeneralsMD/Code/Libraries/Source/WWVegas/WW3D2/txt.cpp	excluded	M22	original W3D producers are owned by M22	ZH_LEGACY_ZH_W3D_SOURCES
GeneralsMD/Code/Libraries/Source/WWVegas/WW3D2/txt.h	excluded	M22	original W3D producers are owned by M22	ZH_LEGACY_ZH_W3D_SOURCES
GeneralsMD/Code/Libraries/Source/WWVegas/WW3D2/vertmaterial.cpp	excluded	M22	original W3D producers are owned by M22	ZH_LEGACY_ZH_W3D_SOURCES
GeneralsMD/Code/Libraries/Source/WWVegas/WW3D2/vertmaterial.h	excluded	M22	original W3D producers are owned by M22	ZH_LEGACY_ZH_W3D_SOURCES
GeneralsMD/Code/Libraries/Source/WWVegas/WW3D2/visrasterizer.cpp	excluded	M22	original W3D producers are owned by M22	ZH_LEGACY_ZH_W3D_SOURCES
GeneralsMD/Code/Libraries/Source/WWVegas/WW3D2/visrasterizer.h	excluded	M22	original W3D producers are owned by M22	ZH_LEGACY_ZH_W3D_SOURCES
GeneralsMD/Code/Libraries/Source/WWVegas/WW3D2/w3d_dep.cpp	excluded	M22	original W3D producers are owned by M22	ZH_LEGACY_ZH_W3D_SOURCES
GeneralsMD/Code/Libraries/Source/WWVegas/WW3D2/w3d_dep.h	excluded	M22	original W3D producers are owned by M22	ZH_LEGACY_ZH_W3D_SOURCES
GeneralsMD/Code/Libraries/Source/WWVegas/WW3D2/w3d_file.h	excluded	M22	original W3D producers are owned by M22	ZH_LEGACY_ZH_W3D_SOURCES
GeneralsMD/Code/Libraries/Source/WWVegas/WW3D2/w3d_obsolete.h	excluded	M22	original W3D producers are owned by M22	ZH_LEGACY_ZH_W3D_SOURCES
GeneralsMD/Code/Libraries/Source/WWVegas/WW3D2/w3d_util.cpp	excluded	M22	original W3D producers are owned by M22	ZH_LEGACY_ZH_W3D_SOURCES
GeneralsMD/Code/Libraries/Source/WWVegas/WW3D2/w3d_util.h	excluded	M22	original W3D producers are owned by M22	ZH_LEGACY_ZH_W3D_SOURCES
GeneralsMD/Code/Libraries/Source/WWVegas/WW3D2/w3derr.h	excluded	M22	original W3D producers are owned by M22	ZH_LEGACY_ZH_W3D_SOURCES
GeneralsMD/Code/Libraries/Source/WWVegas/WW3D2/w3dexclusionlist.cpp	excluded	M22	original W3D producers are owned by M22	ZH_LEGACY_ZH_W3D_SOURCES
GeneralsMD/Code/Libraries/Source/WWVegas/WW3D2/w3dexclusionlist.h	excluded	M22	original W3D producers are owned by M22	ZH_LEGACY_ZH_W3D_SOURCES
GeneralsMD/Code/Libraries/Source/WWVegas/WW3D2/ww3d.cpp	excluded	M22	original W3D producers are owned by M22	ZH_LEGACY_ZH_W3D_SOURCES
GeneralsMD/Code/Libraries/Source/WWVegas/WW3D2/ww3d.h	excluded	M22	original W3D producers are owned by M22	ZH_LEGACY_ZH_W3D_SOURCES
GeneralsMD/Code/Libraries/Source/WWVegas/WW3D2/ww3dformat.cpp	excluded	M22	original W3D producers are owned by M22	ZH_LEGACY_ZH_W3D_SOURCES
GeneralsMD/Code/Libraries/Source/WWVegas/WW3D2/ww3dformat.h	excluded	M22	original W3D producers are owned by M22	ZH_LEGACY_ZH_W3D_SOURCES
GeneralsMD/Code/Libraries/Source/WWVegas/WW3D2/ww3dids.h	excluded	M22	original W3D producers are owned by M22	ZH_LEGACY_ZH_W3D_SOURCES
GeneralsMD/Code/Libraries/Source/WWVegas/WW3D2/ww3dtrig.h	excluded	M22	original W3D producers are owned by M22	ZH_LEGACY_ZH_W3D_SOURCES
GeneralsMD/Code/Libraries/Source/WWVegas/WWAudio/AABTreeSoundCullClass.h	platform-replaced	native-adapter	obsolete Windows audio implementation replaced at M12	ZH_LEGACY_EXCLUDED_SOURCE_RECORDS
GeneralsMD/Code/Libraries/Source/WWVegas/WWAudio/AudibleSound.cpp	platform-replaced	native-adapter	obsolete Windows audio implementation replaced at M12	ZH_LEGACY_EXCLUDED_SOURCE_RECORDS
GeneralsMD/Code/Libraries/Source/WWVegas/WWAudio/AudibleSound.h	platform-replaced	native-adapter	obsolete Windows audio implementation replaced at M12	ZH_LEGACY_EXCLUDED_SOURCE_RECORDS
GeneralsMD/Code/Libraries/Source/WWVegas/WWAudio/AudioEvents.h	platform-replaced	native-adapter	obsolete Windows audio implementation replaced at M12	ZH_LEGACY_EXCLUDED_SOURCE_RECORDS
GeneralsMD/Code/Libraries/Source/WWVegas/WWAudio/AudioSaveLoad.cpp	platform-replaced	native-adapter	obsolete Windows audio implementation replaced at M12	ZH_LEGACY_EXCLUDED_SOURCE_RECORDS
GeneralsMD/Code/Libraries/Source/WWVegas/WWAudio/AudioSaveLoad.h	platform-replaced	native-adapter	obsolete Windows audio implementation replaced at M12	ZH_LEGACY_EXCLUDED_SOURCE_RECORDS
GeneralsMD/Code/Libraries/Source/WWVegas/WWAudio/FilteredSound.cpp	platform-replaced	native-adapter	obsolete Windows audio implementation replaced at M12	ZH_LEGACY_EXCLUDED_SOURCE_RECORDS
GeneralsMD/Code/Libraries/Source/WWVegas/WWAudio/FilteredSound.h	platform-replaced	native-adapter	obsolete Windows audio implementation replaced at M12	ZH_LEGACY_EXCLUDED_SOURCE_RECORDS
GeneralsMD/Code/Libraries/Source/WWVegas/WWAudio/Listener.cpp	platform-replaced	native-adapter	obsolete Windows audio implementation replaced at M12	ZH_LEGACY_EXCLUDED_SOURCE_RECORDS
GeneralsMD/Code/Libraries/Source/WWVegas/WWAudio/Listener.h	platform-replaced	native-adapter	obsolete Windows audio implementation replaced at M12	ZH_LEGACY_EXCLUDED_SOURCE_RECORDS
GeneralsMD/Code/Libraries/Source/WWVegas/WWAudio/LogicalListener.cpp	platform-replaced	native-adapter	obsolete Windows audio implementation replaced at M12	ZH_LEGACY_EXCLUDED_SOURCE_RECORDS
GeneralsMD/Code/Libraries/Source/WWVegas/WWAudio/LogicalListener.h	platform-replaced	native-adapter	obsolete Windows audio implementation replaced at M12	ZH_LEGACY_EXCLUDED_SOURCE_RECORDS
GeneralsMD/Code/Libraries/Source/WWVegas/WWAudio/LogicalSound.cpp	platform-replaced	native-adapter	obsolete Windows audio implementation replaced at M12	ZH_LEGACY_EXCLUDED_SOURCE_RECORDS
GeneralsMD/Code/Libraries/Source/WWVegas/WWAudio/LogicalSound.h	platform-replaced	native-adapter	obsolete Windows audio implementation replaced at M12	ZH_LEGACY_EXCLUDED_SOURCE_RECORDS
GeneralsMD/Code/Libraries/Source/WWVegas/WWAudio/PriorityVector.h	platform-replaced	native-adapter	obsolete Windows audio implementation replaced at M12	ZH_LEGACY_EXCLUDED_SOURCE_RECORDS
GeneralsMD/Code/Libraries/Source/WWVegas/WWAudio/Sound3D.cpp	platform-replaced	native-adapter	obsolete Windows audio implementation replaced at M12	ZH_LEGACY_EXCLUDED_SOURCE_RECORDS
GeneralsMD/Code/Libraries/Source/WWVegas/WWAudio/Sound3D.h	platform-replaced	native-adapter	obsolete Windows audio implementation replaced at M12	ZH_LEGACY_EXCLUDED_SOURCE_RECORDS
GeneralsMD/Code/Libraries/Source/WWVegas/WWAudio/SoundBuffer.cpp	platform-replaced	native-adapter	obsolete Windows audio implementation replaced at M12	ZH_LEGACY_EXCLUDED_SOURCE_RECORDS
GeneralsMD/Code/Libraries/Source/WWVegas/WWAudio/SoundBuffer.h	platform-replaced	native-adapter	obsolete Windows audio implementation replaced at M12	ZH_LEGACY_EXCLUDED_SOURCE_RECORDS
GeneralsMD/Code/Libraries/Source/WWVegas/WWAudio/SoundCullObj.h	platform-replaced	native-adapter	obsolete Windows audio implementation replaced at M12	ZH_LEGACY_EXCLUDED_SOURCE_RECORDS
GeneralsMD/Code/Libraries/Source/WWVegas/WWAudio/SoundPseudo3D.cpp	platform-replaced	native-adapter	obsolete Windows audio implementation replaced at M12	ZH_LEGACY_EXCLUDED_SOURCE_RECORDS
GeneralsMD/Code/Libraries/Source/WWVegas/WWAudio/SoundPseudo3D.h	platform-replaced	native-adapter	obsolete Windows audio implementation replaced at M12	ZH_LEGACY_EXCLUDED_SOURCE_RECORDS
GeneralsMD/Code/Libraries/Source/WWVegas/WWAudio/SoundScene.cpp	platform-replaced	native-adapter	obsolete Windows audio implementation replaced at M12	ZH_LEGACY_EXCLUDED_SOURCE_RECORDS
GeneralsMD/Code/Libraries/Source/WWVegas/WWAudio/SoundScene.h	platform-replaced	native-adapter	obsolete Windows audio implementation replaced at M12	ZH_LEGACY_EXCLUDED_SOURCE_RECORDS
GeneralsMD/Code/Libraries/Source/WWVegas/WWAudio/SoundSceneObj.cpp	platform-replaced	native-adapter	obsolete Windows audio implementation replaced at M12	ZH_LEGACY_EXCLUDED_SOURCE_RECORDS
GeneralsMD/Code/Libraries/Source/WWVegas/WWAudio/SoundSceneObj.h	platform-replaced	native-adapter	obsolete Windows audio implementation replaced at M12	ZH_LEGACY_EXCLUDED_SOURCE_RECORDS
GeneralsMD/Code/Libraries/Source/WWVegas/WWAudio/Threads.cpp	platform-replaced	native-adapter	obsolete Windows audio implementation replaced at M12	ZH_LEGACY_EXCLUDED_SOURCE_RECORDS
GeneralsMD/Code/Libraries/Source/WWVegas/WWAudio/Threads.h	platform-replaced	native-adapter	obsolete Windows audio implementation replaced at M12	ZH_LEGACY_EXCLUDED_SOURCE_RECORDS
GeneralsMD/Code/Libraries/Source/WWVegas/WWAudio/Utils.cpp	platform-replaced	native-adapter	obsolete Windows audio implementation replaced at M12	ZH_LEGACY_EXCLUDED_SOURCE_RECORDS
GeneralsMD/Code/Libraries/Source/WWVegas/WWAudio/Utils.h	platform-replaced	native-adapter	obsolete Windows audio implementation replaced at M12	ZH_LEGACY_EXCLUDED_SOURCE_RECORDS
GeneralsMD/Code/Libraries/Source/WWVegas/WWAudio/WWAudio.cpp	platform-replaced	native-adapter	obsolete Windows audio implementation replaced at M12	ZH_LEGACY_EXCLUDED_SOURCE_RECORDS
GeneralsMD/Code/Libraries/Source/WWVegas/WWAudio/WWAudio.h	platform-replaced	native-adapter	obsolete Windows audio implementation replaced at M12	ZH_LEGACY_EXCLUDED_SOURCE_RECORDS
GeneralsMD/Code/Libraries/Source/WWVegas/WWAudio/listenerhandle.cpp	platform-replaced	native-adapter	obsolete Windows audio implementation replaced at M12	ZH_LEGACY_EXCLUDED_SOURCE_RECORDS
GeneralsMD/Code/Libraries/Source/WWVegas/WWAudio/listenerhandle.h	platform-replaced	native-adapter	obsolete Windows audio implementation replaced at M12	ZH_LEGACY_EXCLUDED_SOURCE_RECORDS
GeneralsMD/Code/Libraries/Source/WWVegas/WWAudio/sound2dhandle.cpp	platform-replaced	native-adapter	obsolete Windows audio implementation replaced at M12	ZH_LEGACY_EXCLUDED_SOURCE_RECORDS
GeneralsMD/Code/Libraries/Source/WWVegas/WWAudio/sound2dhandle.h	platform-replaced	native-adapter	obsolete Windows audio implementation replaced at M12	ZH_LEGACY_EXCLUDED_SOURCE_RECORDS
GeneralsMD/Code/Libraries/Source/WWVegas/WWAudio/sound3dhandle.cpp	platform-replaced	native-adapter	obsolete Windows audio implementation replaced at M12	ZH_LEGACY_EXCLUDED_SOURCE_RECORDS
GeneralsMD/Code/Libraries/Source/WWVegas/WWAudio/sound3dhandle.h	platform-replaced	native-adapter	obsolete Windows audio implementation replaced at M12	ZH_LEGACY_EXCLUDED_SOURCE_RECORDS
GeneralsMD/Code/Libraries/Source/WWVegas/WWAudio/soundhandle.cpp	platform-replaced	native-adapter	obsolete Windows audio implementation replaced at M12	ZH_LEGACY_EXCLUDED_SOURCE_RECORDS
GeneralsMD/Code/Libraries/Source/WWVegas/WWAudio/soundhandle.h	platform-replaced	native-adapter	obsolete Windows audio implementation replaced at M12	ZH_LEGACY_EXCLUDED_SOURCE_RECORDS
GeneralsMD/Code/Libraries/Source/WWVegas/WWAudio/soundstreamhandle.cpp	platform-replaced	native-adapter	obsolete Windows audio implementation replaced at M12	ZH_LEGACY_EXCLUDED_SOURCE_RECORDS
GeneralsMD/Code/Libraries/Source/WWVegas/WWAudio/soundstreamhandle.h	platform-replaced	native-adapter	obsolete Windows audio implementation replaced at M12	ZH_LEGACY_EXCLUDED_SOURCE_RECORDS
GeneralsMD/Code/Libraries/Source/WWVegas/WWDebug/wwdebug.cpp	excluded	M19	deferred until the M19 original WW support provider is linked	ZH_LEGACY_ZH_WWSUPPORT_SOURCES
GeneralsMD/Code/Libraries/Source/WWVegas/WWDebug/wwdebug.h	excluded	M19	deferred until the M19 original WW support provider is linked	ZH_LEGACY_ZH_WWSUPPORT_SOURCES
GeneralsMD/Code/Libraries/Source/WWVegas/WWDebug/wwhack.h	excluded	M19	deferred until the M19 original WW support provider is linked	ZH_LEGACY_ZH_WWSUPPORT_SOURCES
GeneralsMD/Code/Libraries/Source/WWVegas/WWDebug/wwmemlog.cpp	excluded	M19	deferred until the M19 original WW support provider is linked	ZH_LEGACY_ZH_WWSUPPORT_SOURCES
GeneralsMD/Code/Libraries/Source/WWVegas/WWDebug/wwmemlog.h	excluded	M19	deferred until the M19 original WW support provider is linked	ZH_LEGACY_ZH_WWSUPPORT_SOURCES
GeneralsMD/Code/Libraries/Source/WWVegas/WWDebug/wwprofile.cpp	excluded	M19	deferred until the M19 original WW support provider is linked	ZH_LEGACY_ZH_WWSUPPORT_SOURCES
GeneralsMD/Code/Libraries/Source/WWVegas/WWDebug/wwprofile.h	excluded	M19	deferred until the M19 original WW support provider is linked	ZH_LEGACY_ZH_WWSUPPORT_SOURCES
GeneralsMD/Code/Libraries/Source/WWVegas/WWDownload/Download.cpp	excluded	none	retired download service	ZH_LEGACY_EXCLUDED_SOURCE_RECORDS
GeneralsMD/Code/Libraries/Source/WWVegas/WWDownload/Download.h	excluded	none	retired download service	ZH_LEGACY_EXCLUDED_SOURCE_RECORDS
GeneralsMD/Code/Libraries/Source/WWVegas/WWDownload/DownloadDebug.h	excluded	none	retired download service	ZH_LEGACY_EXCLUDED_SOURCE_RECORDS
GeneralsMD/Code/Libraries/Source/WWVegas/WWDownload/FTP.CPP	excluded	none	retired download service	ZH_LEGACY_EXCLUDED_SOURCE_RECORDS
GeneralsMD/Code/Libraries/Source/WWVegas/WWDownload/Registry.h	excluded	none	retired download service	ZH_LEGACY_EXCLUDED_SOURCE_RECORDS
GeneralsMD/Code/Libraries/Source/WWVegas/WWDownload/downloaddefs.h	excluded	none	retired download service	ZH_LEGACY_EXCLUDED_SOURCE_RECORDS
GeneralsMD/Code/Libraries/Source/WWVegas/WWDownload/ftp.h	excluded	none	retired download service	ZH_LEGACY_EXCLUDED_SOURCE_RECORDS
GeneralsMD/Code/Libraries/Source/WWVegas/WWDownload/ftpdefs.h	excluded	none	retired download service	ZH_LEGACY_EXCLUDED_SOURCE_RECORDS
GeneralsMD/Code/Libraries/Source/WWVegas/WWDownload/registry.cpp	excluded	none	retired download service	ZH_LEGACY_EXCLUDED_SOURCE_RECORDS
GeneralsMD/Code/Libraries/Source/WWVegas/WWDownload/urlBuilder.cpp	excluded	none	retired download service	ZH_LEGACY_EXCLUDED_SOURCE_RECORDS
GeneralsMD/Code/Libraries/Source/WWVegas/WWDownload/urlBuilder.h	excluded	none	retired download service	ZH_LEGACY_EXCLUDED_SOURCE_RECORDS
GeneralsMD/Code/Libraries/Source/WWVegas/WWLib/BSEARCH.H	excluded	M19	deferred until the M19 original WW support provider is linked	ZH_LEGACY_ZH_WWSUPPORT_SOURCES
GeneralsMD/Code/Libraries/Source/WWVegas/WWLib/BUFF.H	excluded	M19	deferred until the M19 original WW support provider is linked	ZH_LEGACY_ZH_WWSUPPORT_SOURCES
GeneralsMD/Code/Libraries/Source/WWVegas/WWLib/CRC.H	excluded	M19	deferred until the M19 original WW support provider is linked	ZH_LEGACY_ZH_WWSUPPORT_SOURCES
GeneralsMD/Code/Libraries/Source/WWVegas/WWLib/CallbackHook.h	excluded	M19	deferred until the M19 original WW support provider is linked	ZH_LEGACY_ZH_WWSUPPORT_SOURCES
GeneralsMD/Code/Libraries/Source/WWVegas/WWLib/Convert.h	excluded	M19	deferred until the M19 original WW support provider is linked	ZH_LEGACY_ZH_WWSUPPORT_SOURCES
GeneralsMD/Code/Libraries/Source/WWVegas/WWLib/Except.cpp	excluded	M19	deferred until the M19 original WW support provider is linked	ZH_LEGACY_ZH_WWSUPPORT_SOURCES
GeneralsMD/Code/Libraries/Source/WWVegas/WWLib/FONT.H	excluded	M19	deferred until the M19 original WW support provider is linked	ZH_LEGACY_ZH_WWSUPPORT_SOURCES
GeneralsMD/Code/Libraries/Source/WWVegas/WWLib/FastAllocator.cpp	production-compiled	GeneralsMD/Code/Libraries/Source/WWVegas/WWLib/FastAllocator.cpp	compiled and runtime-witnessed by the M19 original-support harness	ZH_LEGACY_ZH_WWSUPPORT_SOURCES
GeneralsMD/Code/Libraries/Source/WWVegas/WWLib/FastAllocator.h	excluded	M19	deferred until the M19 original WW support provider is linked	ZH_LEGACY_ZH_WWSUPPORT_SOURCES
GeneralsMD/Code/Libraries/Source/WWVegas/WWLib/HASHLIST.H	excluded	M19	deferred until the M19 original WW support provider is linked	ZH_LEGACY_ZH_WWSUPPORT_SOURCES
GeneralsMD/Code/Libraries/Source/WWVegas/WWLib/IFF.H	excluded	M19	deferred until the M19 original WW support provider is linked	ZH_LEGACY_ZH_WWSUPPORT_SOURCES
GeneralsMD/Code/Libraries/Source/WWVegas/WWLib/INDEX.H	excluded	M19	deferred until the M19 original WW support provider is linked	ZH_LEGACY_ZH_WWSUPPORT_SOURCES
GeneralsMD/Code/Libraries/Source/WWVegas/WWLib/INI.H	excluded	M19	deferred until the M19 original WW support provider is linked	ZH_LEGACY_ZH_WWSUPPORT_SOURCES
GeneralsMD/Code/Libraries/Source/WWVegas/WWLib/INT.H	excluded	M19	deferred until the M19 original WW support provider is linked	ZH_LEGACY_ZH_WWSUPPORT_SOURCES
GeneralsMD/Code/Libraries/Source/WWVegas/WWLib/LCW.H	excluded	M19	deferred until the M19 original WW support provider is linked	ZH_LEGACY_ZH_WWSUPPORT_SOURCES
GeneralsMD/Code/Libraries/Source/WWVegas/WWLib/LISTNODE.H	excluded	M19	deferred until the M19 original WW support provider is linked	ZH_LEGACY_ZH_WWSUPPORT_SOURCES
GeneralsMD/Code/Libraries/Source/WWVegas/WWLib/LaunchWeb.cpp	excluded	M19	deferred until the M19 original WW support provider is linked	ZH_LEGACY_ZH_WWSUPPORT_SOURCES
GeneralsMD/Code/Libraries/Source/WWVegas/WWLib/LaunchWeb.h	excluded	M19	deferred until the M19 original WW support provider is linked	ZH_LEGACY_ZH_WWSUPPORT_SOURCES
GeneralsMD/Code/Libraries/Source/WWVegas/WWLib/MONO.H	excluded	M19	deferred until the M19 original WW support provider is linked	ZH_LEGACY_ZH_WWSUPPORT_SOURCES
GeneralsMD/Code/Libraries/Source/WWVegas/WWLib/MONODRVR.H	excluded	M19	deferred until the M19 original WW support provider is linked	ZH_LEGACY_ZH_WWSUPPORT_SOURCES
GeneralsMD/Code/Libraries/Source/WWVegas/WWLib/MPMATH.H	excluded	M19	deferred until the M19 original WW support provider is linked	ZH_LEGACY_ZH_WWSUPPORT_SOURCES
GeneralsMD/Code/Libraries/Source/WWVegas/WWLib/MPU.H	excluded	M19	deferred until the M19 original WW support provider is linked	ZH_LEGACY_ZH_WWSUPPORT_SOURCES
GeneralsMD/Code/Libraries/Source/WWVegas/WWLib/PALETTE.H	excluded	M19	deferred until the M19 original WW support provider is linked	ZH_LEGACY_ZH_WWSUPPORT_SOURCES
GeneralsMD/Code/Libraries/Source/WWVegas/WWLib/PIPE.H	excluded	M19	deferred until the M19 original WW support provider is linked	ZH_LEGACY_ZH_WWSUPPORT_SOURCES
GeneralsMD/Code/Libraries/Source/WWVegas/WWLib/PK.H	excluded	M19	deferred until the M19 original WW support provider is linked	ZH_LEGACY_ZH_WWSUPPORT_SOURCES
GeneralsMD/Code/Libraries/Source/WWVegas/WWLib/Point.h	excluded	M19	deferred until the M19 original WW support provider is linked	ZH_LEGACY_ZH_WWSUPPORT_SOURCES
GeneralsMD/Code/Libraries/Source/WWVegas/WWLib/RAMFILE.H	excluded	M19	deferred until the M19 original WW support provider is linked	ZH_LEGACY_ZH_WWSUPPORT_SOURCES
GeneralsMD/Code/Libraries/Source/WWVegas/WWLib/RANDOM.H	excluded	M19	deferred until the M19 original WW support provider is linked	ZH_LEGACY_ZH_WWSUPPORT_SOURCES
GeneralsMD/Code/Libraries/Source/WWVegas/WWLib/RAWFILE.H	excluded	M19	deferred until the M19 original WW support provider is linked	ZH_LEGACY_ZH_WWSUPPORT_SOURCES
GeneralsMD/Code/Libraries/Source/WWVegas/WWLib/RGB.H	excluded	M19	deferred until the M19 original WW support provider is linked	ZH_LEGACY_ZH_WWSUPPORT_SOURCES
GeneralsMD/Code/Libraries/Source/WWVegas/WWLib/RLE.H	excluded	M19	deferred until the M19 original WW support provider is linked	ZH_LEGACY_ZH_WWSUPPORT_SOURCES
GeneralsMD/Code/Libraries/Source/WWVegas/WWLib/RNDSTRAW.H	excluded	M19	deferred until the M19 original WW support provider is linked	ZH_LEGACY_ZH_WWSUPPORT_SOURCES
GeneralsMD/Code/Libraries/Source/WWVegas/WWLib/SLIST.H	excluded	M19	deferred until the M19 original WW support provider is linked	ZH_LEGACY_ZH_WWSUPPORT_SOURCES
GeneralsMD/Code/Libraries/Source/WWVegas/WWLib/SLNODE.H	excluded	M19	deferred until the M19 original WW support provider is linked	ZH_LEGACY_ZH_WWSUPPORT_SOURCES
GeneralsMD/Code/Libraries/Source/WWVegas/WWLib/STRAW.H	excluded	M19	deferred until the M19 original WW support provider is linked	ZH_LEGACY_ZH_WWSUPPORT_SOURCES
GeneralsMD/Code/Libraries/Source/WWVegas/WWLib/Signaler.h	excluded	M19	deferred until the M19 original WW support provider is linked	ZH_LEGACY_ZH_WWSUPPORT_SOURCES
GeneralsMD/Code/Libraries/Source/WWVegas/WWLib/Surface.h	excluded	M19	deferred until the M19 original WW support provider is linked	ZH_LEGACY_ZH_WWSUPPORT_SOURCES
GeneralsMD/Code/Libraries/Source/WWVegas/WWLib/TARGA.CPP	excluded	M19	deferred until the M19 original WW support provider is linked	ZH_LEGACY_ZH_WWSUPPORT_SOURCES
GeneralsMD/Code/Libraries/Source/WWVegas/WWLib/TARGA.H	excluded	M19	deferred until the M19 original WW support provider is linked	ZH_LEGACY_ZH_WWSUPPORT_SOURCES
GeneralsMD/Code/Libraries/Source/WWVegas/WWLib/TagBlock.h	excluded	M19	deferred until the M19 original WW support provider is linked	ZH_LEGACY_ZH_WWSUPPORT_SOURCES
GeneralsMD/Code/Libraries/Source/WWVegas/WWLib/Vector.H	excluded	M19	deferred until the M19 original WW support provider is linked	ZH_LEGACY_ZH_WWSUPPORT_SOURCES
GeneralsMD/Code/Libraries/Source/WWVegas/WWLib/WATCOM.H	excluded	M19	deferred until the M19 original WW support provider is linked	ZH_LEGACY_ZH_WWSUPPORT_SOURCES
GeneralsMD/Code/Libraries/Source/WWVegas/WWLib/WWCOMUtil.cpp	excluded	M19	deferred until the M19 original WW support provider is linked	ZH_LEGACY_ZH_WWSUPPORT_SOURCES
GeneralsMD/Code/Libraries/Source/WWVegas/WWLib/WWCOMUtil.h	excluded	M19	deferred until the M19 original WW support provider is linked	ZH_LEGACY_ZH_WWSUPPORT_SOURCES
GeneralsMD/Code/Libraries/Source/WWVegas/WWLib/WWFILE.H	excluded	M19	deferred until the M19 original WW support provider is linked	ZH_LEGACY_ZH_WWSUPPORT_SOURCES
GeneralsMD/Code/Libraries/Source/WWVegas/WWLib/XPIPE.H	excluded	M19	deferred until the M19 original WW support provider is linked	ZH_LEGACY_ZH_WWSUPPORT_SOURCES
GeneralsMD/Code/Libraries/Source/WWVegas/WWLib/XSTRAW.H	excluded	M19	deferred until the M19 original WW support provider is linked	ZH_LEGACY_ZH_WWSUPPORT_SOURCES
GeneralsMD/Code/Libraries/Source/WWVegas/WWLib/_convert.cpp	excluded	M19	deferred until the M19 original WW support provider is linked	ZH_LEGACY_ZH_WWSUPPORT_SOURCES
GeneralsMD/Code/Libraries/Source/WWVegas/WWLib/_mono.cpp	excluded	M19	deferred until the M19 original WW support provider is linked	ZH_LEGACY_ZH_WWSUPPORT_SOURCES
GeneralsMD/Code/Libraries/Source/WWVegas/WWLib/_mono.h	excluded	M19	deferred until the M19 original WW support provider is linked	ZH_LEGACY_ZH_WWSUPPORT_SOURCES
GeneralsMD/Code/Libraries/Source/WWVegas/WWLib/always.h	excluded	M19	deferred until the M19 original WW support provider is linked	ZH_LEGACY_ZH_WWSUPPORT_SOURCES
GeneralsMD/Code/Libraries/Source/WWVegas/WWLib/argv.cpp	excluded	M19	deferred until the M19 original WW support provider is linked	ZH_LEGACY_ZH_WWSUPPORT_SOURCES
GeneralsMD/Code/Libraries/Source/WWVegas/WWLib/argv.h	excluded	M19	deferred until the M19 original WW support provider is linked	ZH_LEGACY_ZH_WWSUPPORT_SOURCES
GeneralsMD/Code/Libraries/Source/WWVegas/WWLib/b64pipe.cpp	excluded	M19	deferred until the M19 original WW support provider is linked	ZH_LEGACY_ZH_WWSUPPORT_SOURCES
GeneralsMD/Code/Libraries/Source/WWVegas/WWLib/b64pipe.h	excluded	M19	deferred until the M19 original WW support provider is linked	ZH_LEGACY_ZH_WWSUPPORT_SOURCES
GeneralsMD/Code/Libraries/Source/WWVegas/WWLib/b64straw.cpp	excluded	M19	deferred until the M19 original WW support provider is linked	ZH_LEGACY_ZH_WWSUPPORT_SOURCES
GeneralsMD/Code/Libraries/Source/WWVegas/WWLib/b64straw.h	excluded	M19	deferred until the M19 original WW support provider is linked	ZH_LEGACY_ZH_WWSUPPORT_SOURCES
GeneralsMD/Code/Libraries/Source/WWVegas/WWLib/base64.cpp	excluded	M19	deferred until the M19 original WW support provider is linked	ZH_LEGACY_ZH_WWSUPPORT_SOURCES
GeneralsMD/Code/Libraries/Source/WWVegas/WWLib/base64.h	excluded	M19	deferred until the M19 original WW support provider is linked	ZH_LEGACY_ZH_WWSUPPORT_SOURCES
GeneralsMD/Code/Libraries/Source/WWVegas/WWLib/binheap.h	excluded	M19	deferred until the M19 original WW support provider is linked	ZH_LEGACY_ZH_WWSUPPORT_SOURCES
GeneralsMD/Code/Libraries/Source/WWVegas/WWLib/bittype.h	excluded	M19	deferred until the M19 original WW support provider is linked	ZH_LEGACY_ZH_WWSUPPORT_SOURCES
GeneralsMD/Code/Libraries/Source/WWVegas/WWLib/blit.cpp	excluded	M19	deferred until the M19 original WW support provider is linked	ZH_LEGACY_ZH_WWSUPPORT_SOURCES
GeneralsMD/Code/Libraries/Source/WWVegas/WWLib/blit.h	excluded	M19	deferred until the M19 original WW support provider is linked	ZH_LEGACY_ZH_WWSUPPORT_SOURCES
GeneralsMD/Code/Libraries/Source/WWVegas/WWLib/blitter.h	excluded	M19	deferred until the M19 original WW support provider is linked	ZH_LEGACY_ZH_WWSUPPORT_SOURCES
GeneralsMD/Code/Libraries/Source/WWVegas/WWLib/blowfish.cpp	excluded	M19	deferred until the M19 original WW support provider is linked	ZH_LEGACY_ZH_WWSUPPORT_SOURCES
GeneralsMD/Code/Libraries/Source/WWVegas/WWLib/bool.h	excluded	M19	deferred until the M19 original WW support provider is linked	ZH_LEGACY_ZH_WWSUPPORT_SOURCES
GeneralsMD/Code/Libraries/Source/WWVegas/WWLib/borlandc.h	excluded	M19	deferred until the M19 original WW support provider is linked	ZH_LEGACY_ZH_WWSUPPORT_SOURCES
GeneralsMD/Code/Libraries/Source/WWVegas/WWLib/bound.h	excluded	M19	deferred until the M19 original WW support provider is linked	ZH_LEGACY_ZH_WWSUPPORT_SOURCES
GeneralsMD/Code/Libraries/Source/WWVegas/WWLib/bsurface.h	excluded	M19	deferred until the M19 original WW support provider is linked	ZH_LEGACY_ZH_WWSUPPORT_SOURCES
GeneralsMD/Code/Libraries/Source/WWVegas/WWLib/buff.cpp	excluded	M19	deferred until the M19 original WW support provider is linked	ZH_LEGACY_ZH_WWSUPPORT_SOURCES
GeneralsMD/Code/Libraries/Source/WWVegas/WWLib/bufffile.cpp	excluded	M19	deferred until the M19 original WW support provider is linked	ZH_LEGACY_ZH_WWSUPPORT_SOURCES
GeneralsMD/Code/Libraries/Source/WWVegas/WWLib/bufffile.h	excluded	M19	deferred until the M19 original WW support provider is linked	ZH_LEGACY_ZH_WWSUPPORT_SOURCES
GeneralsMD/Code/Libraries/Source/WWVegas/WWLib/chunkio.cpp	production-compiled	GeneralsMD/Code/Libraries/Source/WWVegas/WWLib/chunkio.cpp	compiled and runtime-witnessed by the M19 original-support harness	ZH_LEGACY_ZH_WWSUPPORT_SOURCES
GeneralsMD/Code/Libraries/Source/WWVegas/WWLib/chunkio.h	excluded	M19	deferred until the M19 original WW support provider is linked	ZH_LEGACY_ZH_WWSUPPORT_SOURCES
GeneralsMD/Code/Libraries/Source/WWVegas/WWLib/convert.cpp	excluded	M19	deferred until the M19 original WW support provider is linked	ZH_LEGACY_ZH_WWSUPPORT_SOURCES
GeneralsMD/Code/Libraries/Source/WWVegas/WWLib/cpudetect.cpp	excluded	M19	deferred until the M19 original WW support provider is linked	ZH_LEGACY_ZH_WWSUPPORT_SOURCES
GeneralsMD/Code/Libraries/Source/WWVegas/WWLib/cpudetect.h	excluded	M19	deferred until the M19 original WW support provider is linked	ZH_LEGACY_ZH_WWSUPPORT_SOURCES
GeneralsMD/Code/Libraries/Source/WWVegas/WWLib/crc.cpp	excluded	M19	deferred until the M19 original WW support provider is linked	ZH_LEGACY_ZH_WWSUPPORT_SOURCES
GeneralsMD/Code/Libraries/Source/WWVegas/WWLib/cstraw.cpp	excluded	M19	deferred until the M19 original WW support provider is linked	ZH_LEGACY_ZH_WWSUPPORT_SOURCES
GeneralsMD/Code/Libraries/Source/WWVegas/WWLib/cstraw.h	excluded	M19	deferred until the M19 original WW support provider is linked	ZH_LEGACY_ZH_WWSUPPORT_SOURCES
GeneralsMD/Code/Libraries/Source/WWVegas/WWLib/data.cpp	excluded	M19	deferred until the M19 original WW support provider is linked	ZH_LEGACY_ZH_WWSUPPORT_SOURCES
GeneralsMD/Code/Libraries/Source/WWVegas/WWLib/data.h	excluded	M19	deferred until the M19 original WW support provider is linked	ZH_LEGACY_ZH_WWSUPPORT_SOURCES
GeneralsMD/Code/Libraries/Source/WWVegas/WWLib/ddraw.cpp	excluded	M19	deferred until the M19 original WW support provider is linked	ZH_LEGACY_ZH_WWSUPPORT_SOURCES
GeneralsMD/Code/Libraries/Source/WWVegas/WWLib/dsurface.cpp	excluded	M19	deferred until the M19 original WW support provider is linked	ZH_LEGACY_ZH_WWSUPPORT_SOURCES
GeneralsMD/Code/Libraries/Source/WWVegas/WWLib/dsurface.h	excluded	M19	deferred until the M19 original WW support provider is linked	ZH_LEGACY_ZH_WWSUPPORT_SOURCES
GeneralsMD/Code/Libraries/Source/WWVegas/WWLib/ffactory.cpp	excluded	M19	deferred until the M19 original WW support provider is linked	ZH_LEGACY_ZH_WWSUPPORT_SOURCES
GeneralsMD/Code/Libraries/Source/WWVegas/WWLib/ffactory.h	excluded	M19	deferred until the M19 original WW support provider is linked	ZH_LEGACY_ZH_WWSUPPORT_SOURCES
GeneralsMD/Code/Libraries/Source/WWVegas/WWLib/gcd_lcm.cpp	production-compiled	GeneralsMD/Code/Libraries/Source/WWVegas/WWLib/gcd_lcm.cpp	compiled and runtime-witnessed by the M19 original-support harness	ZH_LEGACY_ZH_WWSUPPORT_SOURCES
GeneralsMD/Code/Libraries/Source/WWVegas/WWLib/gcd_lcm.h	excluded	M19	deferred until the M19 original WW support provider is linked	ZH_LEGACY_ZH_WWSUPPORT_SOURCES
GeneralsMD/Code/Libraries/Source/WWVegas/WWLib/growmix.h	excluded	none	manifest input is absent from the repository or outside its source boundary	ZH_LEGACY_UNAVAILABLE_SOURCE_RECORDS
GeneralsMD/Code/Libraries/Source/WWVegas/WWLib/hash.cpp	excluded	M19	deferred until the M19 original WW support provider is linked	ZH_LEGACY_ZH_WWSUPPORT_SOURCES
GeneralsMD/Code/Libraries/Source/WWVegas/WWLib/hash.h	excluded	M19	deferred until the M19 original WW support provider is linked	ZH_LEGACY_ZH_WWSUPPORT_SOURCES
GeneralsMD/Code/Libraries/Source/WWVegas/WWLib/hashcalc.h	excluded	M19	deferred until the M19 original WW support provider is linked	ZH_LEGACY_ZH_WWSUPPORT_SOURCES
GeneralsMD/Code/Libraries/Source/WWVegas/WWLib/hashtemplate.h	excluded	M19	deferred until the M19 original WW support provider is linked	ZH_LEGACY_ZH_WWSUPPORT_SOURCES
GeneralsMD/Code/Libraries/Source/WWVegas/WWLib/hsv.cpp	excluded	M19	deferred until the M19 original WW support provider is linked	ZH_LEGACY_ZH_WWSUPPORT_SOURCES
GeneralsMD/Code/Libraries/Source/WWVegas/WWLib/ini.cpp	excluded	M19	deferred until the M19 original WW support provider is linked	ZH_LEGACY_ZH_WWSUPPORT_SOURCES
GeneralsMD/Code/Libraries/Source/WWVegas/WWLib/inisup.h	excluded	M19	deferred until the M19 original WW support provider is linked	ZH_LEGACY_ZH_WWSUPPORT_SOURCES
GeneralsMD/Code/Libraries/Source/WWVegas/WWLib/int.cpp	excluded	M19	deferred until the M19 original WW support provider is linked	ZH_LEGACY_ZH_WWSUPPORT_SOURCES
GeneralsMD/Code/Libraries/Source/WWVegas/WWLib/iostruct.h	excluded	M19	deferred until the M19 original WW support provider is linked	ZH_LEGACY_ZH_WWSUPPORT_SOURCES
GeneralsMD/Code/Libraries/Source/WWVegas/WWLib/jshell.cpp	excluded	M19	deferred until the M19 original WW support provider is linked	ZH_LEGACY_ZH_WWSUPPORT_SOURCES
GeneralsMD/Code/Libraries/Source/WWVegas/WWLib/keyboard.cpp	excluded	M19	deferred until the M19 original WW support provider is linked	ZH_LEGACY_ZH_WWSUPPORT_SOURCES
GeneralsMD/Code/Libraries/Source/WWVegas/WWLib/keyboard.h	excluded	M19	deferred until the M19 original WW support provider is linked	ZH_LEGACY_ZH_WWSUPPORT_SOURCES
GeneralsMD/Code/Libraries/Source/WWVegas/WWLib/lcw.cpp	excluded	M19	deferred until the M19 original WW support provider is linked	ZH_LEGACY_ZH_WWSUPPORT_SOURCES
GeneralsMD/Code/Libraries/Source/WWVegas/WWLib/load.cpp	excluded	M19	deferred until the M19 original WW support provider is linked	ZH_LEGACY_ZH_WWSUPPORT_SOURCES
GeneralsMD/Code/Libraries/Source/WWVegas/WWLib/mempool.h	excluded	M19	deferred until the M19 original WW support provider is linked	ZH_LEGACY_ZH_WWSUPPORT_SOURCES
GeneralsMD/Code/Libraries/Source/WWVegas/WWLib/mixfile.cpp	excluded	M19	deferred until the M19 original WW support provider is linked	ZH_LEGACY_ZH_WWSUPPORT_SOURCES
GeneralsMD/Code/Libraries/Source/WWVegas/WWLib/mixfile.h	excluded	M19	deferred until the M19 original WW support provider is linked	ZH_LEGACY_ZH_WWSUPPORT_SOURCES
GeneralsMD/Code/Libraries/Source/WWVegas/WWLib/mono.cpp	excluded	M19	deferred until the M19 original WW support provider is linked	ZH_LEGACY_ZH_WWSUPPORT_SOURCES
GeneralsMD/Code/Libraries/Source/WWVegas/WWLib/mpmath.cpp	excluded	M19	deferred until the M19 original WW support provider is linked	ZH_LEGACY_ZH_WWSUPPORT_SOURCES
GeneralsMD/Code/Libraries/Source/WWVegas/WWLib/mpu.cpp	excluded	M19	deferred until the M19 original WW support provider is linked	ZH_LEGACY_ZH_WWSUPPORT_SOURCES
GeneralsMD/Code/Libraries/Source/WWVegas/WWLib/msgloop.cpp	excluded	M19	deferred until the M19 original WW support provider is linked	ZH_LEGACY_ZH_WWSUPPORT_SOURCES
GeneralsMD/Code/Libraries/Source/WWVegas/WWLib/msgloop.h	excluded	M19	deferred until the M19 original WW support provider is linked	ZH_LEGACY_ZH_WWSUPPORT_SOURCES
GeneralsMD/Code/Libraries/Source/WWVegas/WWLib/multilist.cpp	excluded	M19	deferred until the M19 original WW support provider is linked	ZH_LEGACY_ZH_WWSUPPORT_SOURCES
GeneralsMD/Code/Libraries/Source/WWVegas/WWLib/multilist.h	excluded	M19	deferred until the M19 original WW support provider is linked	ZH_LEGACY_ZH_WWSUPPORT_SOURCES
GeneralsMD/Code/Libraries/Source/WWVegas/WWLib/mutex.cpp	excluded	M19	deferred until the M19 original WW support provider is linked	ZH_LEGACY_ZH_WWSUPPORT_SOURCES
GeneralsMD/Code/Libraries/Source/WWVegas/WWLib/mutex.h	excluded	M19	deferred until the M19 original WW support provider is linked	ZH_LEGACY_ZH_WWSUPPORT_SOURCES
GeneralsMD/Code/Libraries/Source/WWVegas/WWLib/notifier.h	excluded	M19	deferred until the M19 original WW support provider is linked	ZH_LEGACY_ZH_WWSUPPORT_SOURCES
GeneralsMD/Code/Libraries/Source/WWVegas/WWLib/nstrdup.cpp	production-compiled	GeneralsMD/Code/Libraries/Source/WWVegas/WWLib/nstrdup.cpp	compiled and runtime-witnessed by the M19 original-support harness	ZH_LEGACY_ZH_WWSUPPORT_SOURCES
GeneralsMD/Code/Libraries/Source/WWVegas/WWLib/nstrdup.h	excluded	M19	deferred until the M19 original WW support provider is linked	ZH_LEGACY_ZH_WWSUPPORT_SOURCES
GeneralsMD/Code/Libraries/Source/WWVegas/WWLib/ntree.h	excluded	M19	deferred until the M19 original WW support provider is linked	ZH_LEGACY_ZH_WWSUPPORT_SOURCES
GeneralsMD/Code/Libraries/Source/WWVegas/WWLib/palette.cpp	excluded	M19	deferred until the M19 original WW support provider is linked	ZH_LEGACY_ZH_WWSUPPORT_SOURCES
GeneralsMD/Code/Libraries/Source/WWVegas/WWLib/pcx.H	excluded	M19	deferred until the M19 original WW support provider is linked	ZH_LEGACY_ZH_WWSUPPORT_SOURCES
GeneralsMD/Code/Libraries/Source/WWVegas/WWLib/pcx.cpp	excluded	M19	deferred until the M19 original WW support provider is linked	ZH_LEGACY_ZH_WWSUPPORT_SOURCES
GeneralsMD/Code/Libraries/Source/WWVegas/WWLib/pipe.cpp	excluded	M19	deferred until the M19 original WW support provider is linked	ZH_LEGACY_ZH_WWSUPPORT_SOURCES
GeneralsMD/Code/Libraries/Source/WWVegas/WWLib/pk.cpp	excluded	M19	deferred until the M19 original WW support provider is linked	ZH_LEGACY_ZH_WWSUPPORT_SOURCES
GeneralsMD/Code/Libraries/Source/WWVegas/WWLib/ramfile.cpp	production-compiled	GeneralsMD/Code/Libraries/Source/WWVegas/WWLib/ramfile.cpp	compiled and runtime-witnessed by the M19 original-support harness	ZH_LEGACY_ZH_WWSUPPORT_SOURCES
GeneralsMD/Code/Libraries/Source/WWVegas/WWLib/random.cpp	excluded	M19	deferred until the M19 original WW support provider is linked	ZH_LEGACY_ZH_WWSUPPORT_SOURCES
GeneralsMD/Code/Libraries/Source/WWVegas/WWLib/rawfile.cpp	excluded	M19	deferred until the M19 original WW support provider is linked	ZH_LEGACY_ZH_WWSUPPORT_SOURCES
GeneralsMD/Code/Libraries/Source/WWVegas/WWLib/rc4.cpp	excluded	M19	deferred until the M19 original WW support provider is linked	ZH_LEGACY_ZH_WWSUPPORT_SOURCES
GeneralsMD/Code/Libraries/Source/WWVegas/WWLib/rc4.h	excluded	M19	deferred until the M19 original WW support provider is linked	ZH_LEGACY_ZH_WWSUPPORT_SOURCES
GeneralsMD/Code/Libraries/Source/WWVegas/WWLib/rcfile.cpp	excluded	M19	deferred until the M19 original WW support provider is linked	ZH_LEGACY_ZH_WWSUPPORT_SOURCES
GeneralsMD/Code/Libraries/Source/WWVegas/WWLib/rcfile.h	excluded	M19	deferred until the M19 original WW support provider is linked	ZH_LEGACY_ZH_WWSUPPORT_SOURCES
GeneralsMD/Code/Libraries/Source/WWVegas/WWLib/readline.cpp	excluded	M19	deferred until the M19 original WW support provider is linked	ZH_LEGACY_ZH_WWSUPPORT_SOURCES
GeneralsMD/Code/Libraries/Source/WWVegas/WWLib/readline.h	excluded	M19	deferred until the M19 original WW support provider is linked	ZH_LEGACY_ZH_WWSUPPORT_SOURCES
GeneralsMD/Code/Libraries/Source/WWVegas/WWLib/realcrc.cpp	excluded	M19	deferred until the M19 original WW support provider is linked	ZH_LEGACY_ZH_WWSUPPORT_SOURCES
GeneralsMD/Code/Libraries/Source/WWVegas/WWLib/realcrc.h	excluded	M19	deferred until the M19 original WW support provider is linked	ZH_LEGACY_ZH_WWSUPPORT_SOURCES
GeneralsMD/Code/Libraries/Source/WWVegas/WWLib/ref_ptr.h	excluded	M19	deferred until the M19 original WW support provider is linked	ZH_LEGACY_ZH_WWSUPPORT_SOURCES
GeneralsMD/Code/Libraries/Source/WWVegas/WWLib/refcount.cpp	excluded	M19	deferred until the M19 original WW support provider is linked	ZH_LEGACY_ZH_WWSUPPORT_SOURCES
GeneralsMD/Code/Libraries/Source/WWVegas/WWLib/refcount.h	excluded	M19	deferred until the M19 original WW support provider is linked	ZH_LEGACY_ZH_WWSUPPORT_SOURCES
GeneralsMD/Code/Libraries/Source/WWVegas/WWLib/registry.cpp	excluded	M19	deferred until the M19 original WW support provider is linked	ZH_LEGACY_ZH_WWSUPPORT_SOURCES
GeneralsMD/Code/Libraries/Source/WWVegas/WWLib/registry.h	excluded	M19	deferred until the M19 original WW support provider is linked	ZH_LEGACY_ZH_WWSUPPORT_SOURCES
GeneralsMD/Code/Libraries/Source/WWVegas/WWLib/rgb.cpp	excluded	M19	deferred until the M19 original WW support provider is linked	ZH_LEGACY_ZH_WWSUPPORT_SOURCES
GeneralsMD/Code/Libraries/Source/WWVegas/WWLib/rle.cpp	excluded	M19	deferred until the M19 original WW support provider is linked	ZH_LEGACY_ZH_WWSUPPORT_SOURCES
GeneralsMD/Code/Libraries/Source/WWVegas/WWLib/rndstrng.cpp	excluded	M19	deferred until the M19 original WW support provider is linked	ZH_LEGACY_ZH_WWSUPPORT_SOURCES
GeneralsMD/Code/Libraries/Source/WWVegas/WWLib/rndstrng.h	excluded	M19	deferred until the M19 original WW support provider is linked	ZH_LEGACY_ZH_WWSUPPORT_SOURCES
GeneralsMD/Code/Libraries/Source/WWVegas/WWLib/rng.h	excluded	M19	deferred until the M19 original WW support provider is linked	ZH_LEGACY_ZH_WWSUPPORT_SOURCES
GeneralsMD/Code/Libraries/Source/WWVegas/WWLib/rsacrypt.h	excluded	M19	deferred until the M19 original WW support provider is linked	ZH_LEGACY_ZH_WWSUPPORT_SOURCES
GeneralsMD/Code/Libraries/Source/WWVegas/WWLib/sampler.cpp	excluded	M19	deferred until the M19 original WW support provider is linked	ZH_LEGACY_ZH_WWSUPPORT_SOURCES
GeneralsMD/Code/Libraries/Source/WWVegas/WWLib/sampler.h	excluded	M19	deferred until the M19 original WW support provider is linked	ZH_LEGACY_ZH_WWSUPPORT_SOURCES
GeneralsMD/Code/Libraries/Source/WWVegas/WWLib/sha.cpp	excluded	M19	deferred until the M19 original WW support provider is linked	ZH_LEGACY_ZH_WWSUPPORT_SOURCES
GeneralsMD/Code/Libraries/Source/WWVegas/WWLib/sha.h	excluded	M19	deferred until the M19 original WW support provider is linked	ZH_LEGACY_ZH_WWSUPPORT_SOURCES
GeneralsMD/Code/Libraries/Source/WWVegas/WWLib/shapeset.h	excluded	M19	deferred until the M19 original WW support provider is linked	ZH_LEGACY_ZH_WWSUPPORT_SOURCES
GeneralsMD/Code/Libraries/Source/WWVegas/WWLib/sharebuf.h	excluded	M19	deferred until the M19 original WW support provider is linked	ZH_LEGACY_ZH_WWSUPPORT_SOURCES
GeneralsMD/Code/Libraries/Source/WWVegas/WWLib/simplevec.h	excluded	M19	deferred until the M19 original WW support provider is linked	ZH_LEGACY_ZH_WWSUPPORT_SOURCES
GeneralsMD/Code/Libraries/Source/WWVegas/WWLib/slnode.cpp	excluded	M19	deferred until the M19 original WW support provider is linked	ZH_LEGACY_ZH_WWSUPPORT_SOURCES
GeneralsMD/Code/Libraries/Source/WWVegas/WWLib/srandom.cpp	excluded	M19	deferred until the M19 original WW support provider is linked	ZH_LEGACY_ZH_WWSUPPORT_SOURCES
GeneralsMD/Code/Libraries/Source/WWVegas/WWLib/srandom.h	excluded	M19	deferred until the M19 original WW support provider is linked	ZH_LEGACY_ZH_WWSUPPORT_SOURCES
GeneralsMD/Code/Libraries/Source/WWVegas/WWLib/stimer.cpp	excluded	M19	deferred until the M19 original WW support provider is linked	ZH_LEGACY_ZH_WWSUPPORT_SOURCES
GeneralsMD/Code/Libraries/Source/WWVegas/WWLib/stl.h	excluded	M19	deferred until the M19 original WW support provider is linked	ZH_LEGACY_ZH_WWSUPPORT_SOURCES
GeneralsMD/Code/Libraries/Source/WWVegas/WWLib/straw.cpp	excluded	M19	deferred until the M19 original WW support provider is linked	ZH_LEGACY_ZH_WWSUPPORT_SOURCES
GeneralsMD/Code/Libraries/Source/WWVegas/WWLib/strtok_r.cpp	excluded	M19	deferred until the M19 original WW support provider is linked	ZH_LEGACY_ZH_WWSUPPORT_SOURCES
GeneralsMD/Code/Libraries/Source/WWVegas/WWLib/strtok_r.h	excluded	M19	deferred until the M19 original WW support provider is linked	ZH_LEGACY_ZH_WWSUPPORT_SOURCES
GeneralsMD/Code/Libraries/Source/WWVegas/WWLib/surfrect.h	excluded	M19	deferred until the M19 original WW support provider is linked	ZH_LEGACY_ZH_WWSUPPORT_SOURCES
GeneralsMD/Code/Libraries/Source/WWVegas/WWLib/systimer.cpp	excluded	M19	deferred until the M19 original WW support provider is linked	ZH_LEGACY_ZH_WWSUPPORT_SOURCES
GeneralsMD/Code/Libraries/Source/WWVegas/WWLib/systimer.h	excluded	M19	deferred until the M19 original WW support provider is linked	ZH_LEGACY_ZH_WWSUPPORT_SOURCES
GeneralsMD/Code/Libraries/Source/WWVegas/WWLib/tagblock.cpp	excluded	M19	deferred until the M19 original WW support provider is linked	ZH_LEGACY_ZH_WWSUPPORT_SOURCES
GeneralsMD/Code/Libraries/Source/WWVegas/WWLib/textfile.cpp	excluded	M19	deferred until the M19 original WW support provider is linked	ZH_LEGACY_ZH_WWSUPPORT_SOURCES
GeneralsMD/Code/Libraries/Source/WWVegas/WWLib/textfile.h	excluded	M19	deferred until the M19 original WW support provider is linked	ZH_LEGACY_ZH_WWSUPPORT_SOURCES
GeneralsMD/Code/Libraries/Source/WWVegas/WWLib/tgatodxt.cpp	excluded	M19	deferred until the M19 original WW support provider is linked	ZH_LEGACY_ZH_WWSUPPORT_SOURCES
GeneralsMD/Code/Libraries/Source/WWVegas/WWLib/tgatodxt.h	excluded	M19	deferred until the M19 original WW support provider is linked	ZH_LEGACY_ZH_WWSUPPORT_SOURCES
GeneralsMD/Code/Libraries/Source/WWVegas/WWLib/thread.cpp	excluded	M19	deferred until the M19 original WW support provider is linked	ZH_LEGACY_ZH_WWSUPPORT_SOURCES
GeneralsMD/Code/Libraries/Source/WWVegas/WWLib/thread.h	excluded	M19	deferred until the M19 original WW support provider is linked	ZH_LEGACY_ZH_WWSUPPORT_SOURCES
GeneralsMD/Code/Libraries/Source/WWVegas/WWLib/timer.h	excluded	M19	deferred until the M19 original WW support provider is linked	ZH_LEGACY_ZH_WWSUPPORT_SOURCES
GeneralsMD/Code/Libraries/Source/WWVegas/WWLib/trackwin.h	excluded	M19	deferred until the M19 original WW support provider is linked	ZH_LEGACY_ZH_WWSUPPORT_SOURCES
GeneralsMD/Code/Libraries/Source/WWVegas/WWLib/trect.h	excluded	M19	deferred until the M19 original WW support provider is linked	ZH_LEGACY_ZH_WWSUPPORT_SOURCES
GeneralsMD/Code/Libraries/Source/WWVegas/WWLib/trim.cpp	excluded	M19	deferred until the M19 original WW support provider is linked	ZH_LEGACY_ZH_WWSUPPORT_SOURCES
GeneralsMD/Code/Libraries/Source/WWVegas/WWLib/trim.h	excluded	M19	deferred until the M19 original WW support provider is linked	ZH_LEGACY_ZH_WWSUPPORT_SOURCES
GeneralsMD/Code/Libraries/Source/WWVegas/WWLib/uarray.h	excluded	M19	deferred until the M19 original WW support provider is linked	ZH_LEGACY_ZH_WWSUPPORT_SOURCES
GeneralsMD/Code/Libraries/Source/WWVegas/WWLib/vector.cpp	excluded	M19	deferred until the M19 original WW support provider is linked	ZH_LEGACY_ZH_WWSUPPORT_SOURCES
GeneralsMD/Code/Libraries/Source/WWVegas/WWLib/verchk.cpp	excluded	M19	deferred until the M19 original WW support provider is linked	ZH_LEGACY_ZH_WWSUPPORT_SOURCES
GeneralsMD/Code/Libraries/Source/WWVegas/WWLib/verchk.h	excluded	M19	deferred until the M19 original WW support provider is linked	ZH_LEGACY_ZH_WWSUPPORT_SOURCES
GeneralsMD/Code/Libraries/Source/WWVegas/WWLib/visualc.h	excluded	M19	deferred until the M19 original WW support provider is linked	ZH_LEGACY_ZH_WWSUPPORT_SOURCES
GeneralsMD/Code/Libraries/Source/WWVegas/WWLib/widestring.cpp	excluded	M19	deferred until the M19 original WW support provider is linked	ZH_LEGACY_ZH_WWSUPPORT_SOURCES
GeneralsMD/Code/Libraries/Source/WWVegas/WWLib/widestring.h	excluded	M19	deferred until the M19 original WW support provider is linked	ZH_LEGACY_ZH_WWSUPPORT_SOURCES
GeneralsMD/Code/Libraries/Source/WWVegas/WWLib/win.cpp	excluded	M19	deferred until the M19 original WW support provider is linked	ZH_LEGACY_ZH_WWSUPPORT_SOURCES
GeneralsMD/Code/Libraries/Source/WWVegas/WWLib/win.h	excluded	M19	deferred until the M19 original WW support provider is linked	ZH_LEGACY_ZH_WWSUPPORT_SOURCES
GeneralsMD/Code/Libraries/Source/WWVegas/WWLib/wwfile.cpp	excluded	M19	deferred until the M19 original WW support provider is linked	ZH_LEGACY_ZH_WWSUPPORT_SOURCES
GeneralsMD/Code/Libraries/Source/WWVegas/WWLib/wwfont.cpp	excluded	M19	deferred until the M19 original WW support provider is linked	ZH_LEGACY_ZH_WWSUPPORT_SOURCES
GeneralsMD/Code/Libraries/Source/WWVegas/WWLib/wwstring.cpp	excluded	M19	deferred until the M19 original WW support provider is linked	ZH_LEGACY_ZH_WWSUPPORT_SOURCES
GeneralsMD/Code/Libraries/Source/WWVegas/WWLib/wwstring.h	excluded	M19	deferred until the M19 original WW support provider is linked	ZH_LEGACY_ZH_WWSUPPORT_SOURCES
GeneralsMD/Code/Libraries/Source/WWVegas/WWLib/xmouse.h	excluded	M19	deferred until the M19 original WW support provider is linked	ZH_LEGACY_ZH_WWSUPPORT_SOURCES
GeneralsMD/Code/Libraries/Source/WWVegas/WWLib/xpipe.cpp	excluded	M19	deferred until the M19 original WW support provider is linked	ZH_LEGACY_ZH_WWSUPPORT_SOURCES
GeneralsMD/Code/Libraries/Source/WWVegas/WWLib/xstraw.cpp	excluded	M19	deferred until the M19 original WW support provider is linked	ZH_LEGACY_ZH_WWSUPPORT_SOURCES
GeneralsMD/Code/Libraries/Source/WWVegas/WWLib/xsurface.cpp	excluded	M19	deferred until the M19 original WW support provider is linked	ZH_LEGACY_ZH_WWSUPPORT_SOURCES
GeneralsMD/Code/Libraries/Source/WWVegas/WWLib/xsurface.h	excluded	M19	deferred until the M19 original WW support provider is linked	ZH_LEGACY_ZH_WWSUPPORT_SOURCES
GeneralsMD/Code/Libraries/Source/WWVegas/WWMath/Vector3i.h	excluded	M19	deferred until the M19 original WW support provider is linked	ZH_LEGACY_ZH_WWSUPPORT_SOURCES
GeneralsMD/Code/Libraries/Source/WWVegas/WWMath/aabox.cpp	excluded	M19	deferred until the M19 original WW support provider is linked	ZH_LEGACY_ZH_WWSUPPORT_SOURCES
GeneralsMD/Code/Libraries/Source/WWVegas/WWMath/aabox.h	excluded	M19	deferred until the M19 original WW support provider is linked	ZH_LEGACY_ZH_WWSUPPORT_SOURCES
GeneralsMD/Code/Libraries/Source/WWVegas/WWMath/aabtreecull.cpp	excluded	M19	deferred until the M19 original WW support provider is linked	ZH_LEGACY_ZH_WWSUPPORT_SOURCES
GeneralsMD/Code/Libraries/Source/WWVegas/WWMath/aabtreecull.h	excluded	M19	deferred until the M19 original WW support provider is linked	ZH_LEGACY_ZH_WWSUPPORT_SOURCES
GeneralsMD/Code/Libraries/Source/WWVegas/WWMath/aaplane.h	excluded	M19	deferred until the M19 original WW support provider is linked	ZH_LEGACY_ZH_WWSUPPORT_SOURCES
GeneralsMD/Code/Libraries/Source/WWVegas/WWMath/cardinalspline.cpp	excluded	M19	deferred until the M19 original WW support provider is linked	ZH_LEGACY_ZH_WWSUPPORT_SOURCES
GeneralsMD/Code/Libraries/Source/WWVegas/WWMath/cardinalspline.h	excluded	M19	deferred until the M19 original WW support provider is linked	ZH_LEGACY_ZH_WWSUPPORT_SOURCES
GeneralsMD/Code/Libraries/Source/WWVegas/WWMath/castres.h	excluded	M19	deferred until the M19 original WW support provider is linked	ZH_LEGACY_ZH_WWSUPPORT_SOURCES
GeneralsMD/Code/Libraries/Source/WWVegas/WWMath/catmullromspline.cpp	excluded	M19	deferred until the M19 original WW support provider is linked	ZH_LEGACY_ZH_WWSUPPORT_SOURCES
GeneralsMD/Code/Libraries/Source/WWVegas/WWMath/catmullromspline.h	excluded	M19	deferred until the M19 original WW support provider is linked	ZH_LEGACY_ZH_WWSUPPORT_SOURCES
GeneralsMD/Code/Libraries/Source/WWVegas/WWMath/colmath.cpp	excluded	M19	deferred until the M19 original WW support provider is linked	ZH_LEGACY_ZH_WWSUPPORT_SOURCES
GeneralsMD/Code/Libraries/Source/WWVegas/WWMath/colmath.h	excluded	M19	deferred until the M19 original WW support provider is linked	ZH_LEGACY_ZH_WWSUPPORT_SOURCES
GeneralsMD/Code/Libraries/Source/WWVegas/WWMath/colmathaabox.cpp	excluded	M19	deferred until the M19 original WW support provider is linked	ZH_LEGACY_ZH_WWSUPPORT_SOURCES
GeneralsMD/Code/Libraries/Source/WWVegas/WWMath/colmathaabox.h	excluded	M19	deferred until the M19 original WW support provider is linked	ZH_LEGACY_ZH_WWSUPPORT_SOURCES
GeneralsMD/Code/Libraries/Source/WWVegas/WWMath/colmathaabtri.cpp	excluded	M19	deferred until the M19 original WW support provider is linked	ZH_LEGACY_ZH_WWSUPPORT_SOURCES
GeneralsMD/Code/Libraries/Source/WWVegas/WWMath/colmathfrustum.cpp	excluded	M19	deferred until the M19 original WW support provider is linked	ZH_LEGACY_ZH_WWSUPPORT_SOURCES
GeneralsMD/Code/Libraries/Source/WWVegas/WWMath/colmathfrustum.h	excluded	M19	deferred until the M19 original WW support provider is linked	ZH_LEGACY_ZH_WWSUPPORT_SOURCES
GeneralsMD/Code/Libraries/Source/WWVegas/WWMath/colmathinlines.h	excluded	M19	deferred until the M19 original WW support provider is linked	ZH_LEGACY_ZH_WWSUPPORT_SOURCES
GeneralsMD/Code/Libraries/Source/WWVegas/WWMath/colmathline.cpp	excluded	M19	deferred until the M19 original WW support provider is linked	ZH_LEGACY_ZH_WWSUPPORT_SOURCES
GeneralsMD/Code/Libraries/Source/WWVegas/WWMath/colmathline.h	excluded	M19	deferred until the M19 original WW support provider is linked	ZH_LEGACY_ZH_WWSUPPORT_SOURCES
GeneralsMD/Code/Libraries/Source/WWVegas/WWMath/colmathobbobb.cpp	excluded	M19	deferred until the M19 original WW support provider is linked	ZH_LEGACY_ZH_WWSUPPORT_SOURCES
GeneralsMD/Code/Libraries/Source/WWVegas/WWMath/colmathobbox.cpp	excluded	M19	deferred until the M19 original WW support provider is linked	ZH_LEGACY_ZH_WWSUPPORT_SOURCES
GeneralsMD/Code/Libraries/Source/WWVegas/WWMath/colmathobbtri.cpp	excluded	M19	deferred until the M19 original WW support provider is linked	ZH_LEGACY_ZH_WWSUPPORT_SOURCES
GeneralsMD/Code/Libraries/Source/WWVegas/WWMath/colmathplane.cpp	excluded	M19	deferred until the M19 original WW support provider is linked	ZH_LEGACY_ZH_WWSUPPORT_SOURCES
GeneralsMD/Code/Libraries/Source/WWVegas/WWMath/colmathplane.h	excluded	M19	deferred until the M19 original WW support provider is linked	ZH_LEGACY_ZH_WWSUPPORT_SOURCES
GeneralsMD/Code/Libraries/Source/WWVegas/WWMath/colmathsphere.cpp	excluded	M19	deferred until the M19 original WW support provider is linked	ZH_LEGACY_ZH_WWSUPPORT_SOURCES
GeneralsMD/Code/Libraries/Source/WWVegas/WWMath/cullsys.cpp	excluded	M19	deferred until the M19 original WW support provider is linked	ZH_LEGACY_ZH_WWSUPPORT_SOURCES
GeneralsMD/Code/Libraries/Source/WWVegas/WWMath/cullsys.h	excluded	M19	deferred until the M19 original WW support provider is linked	ZH_LEGACY_ZH_WWSUPPORT_SOURCES
GeneralsMD/Code/Libraries/Source/WWVegas/WWMath/culltype.h	excluded	M19	deferred until the M19 original WW support provider is linked	ZH_LEGACY_ZH_WWSUPPORT_SOURCES
GeneralsMD/Code/Libraries/Source/WWVegas/WWMath/curve.cpp	excluded	M19	deferred until the M19 original WW support provider is linked	ZH_LEGACY_ZH_WWSUPPORT_SOURCES
GeneralsMD/Code/Libraries/Source/WWVegas/WWMath/curve.h	excluded	M19	deferred until the M19 original WW support provider is linked	ZH_LEGACY_ZH_WWSUPPORT_SOURCES
GeneralsMD/Code/Libraries/Source/WWVegas/WWMath/euler.cpp	excluded	M19	deferred until the M19 original WW support provider is linked	ZH_LEGACY_ZH_WWSUPPORT_SOURCES
GeneralsMD/Code/Libraries/Source/WWVegas/WWMath/euler.h	excluded	M19	deferred until the M19 original WW support provider is linked	ZH_LEGACY_ZH_WWSUPPORT_SOURCES
GeneralsMD/Code/Libraries/Source/WWVegas/WWMath/frustum.cpp	excluded	M19	deferred until the M19 original WW support provider is linked	ZH_LEGACY_ZH_WWSUPPORT_SOURCES
GeneralsMD/Code/Libraries/Source/WWVegas/WWMath/frustum.h	excluded	M19	deferred until the M19 original WW support provider is linked	ZH_LEGACY_ZH_WWSUPPORT_SOURCES
GeneralsMD/Code/Libraries/Source/WWVegas/WWMath/gridcull.cpp	excluded	M19	deferred until the M19 original WW support provider is linked	ZH_LEGACY_ZH_WWSUPPORT_SOURCES
GeneralsMD/Code/Libraries/Source/WWVegas/WWMath/gridcull.h	excluded	M19	deferred until the M19 original WW support provider is linked	ZH_LEGACY_ZH_WWSUPPORT_SOURCES
GeneralsMD/Code/Libraries/Source/WWVegas/WWMath/hermitespline.cpp	excluded	M19	deferred until the M19 original WW support provider is linked	ZH_LEGACY_ZH_WWSUPPORT_SOURCES
GeneralsMD/Code/Libraries/Source/WWVegas/WWMath/hermitespline.h	excluded	M19	deferred until the M19 original WW support provider is linked	ZH_LEGACY_ZH_WWSUPPORT_SOURCES
GeneralsMD/Code/Libraries/Source/WWVegas/WWMath/lineseg.cpp	excluded	M19	deferred until the M19 original WW support provider is linked	ZH_LEGACY_ZH_WWSUPPORT_SOURCES
GeneralsMD/Code/Libraries/Source/WWVegas/WWMath/lineseg.h	excluded	M19	deferred until the M19 original WW support provider is linked	ZH_LEGACY_ZH_WWSUPPORT_SOURCES
GeneralsMD/Code/Libraries/Source/WWVegas/WWMath/lookuptable.cpp	excluded	M19	deferred until the M19 original WW support provider is linked	ZH_LEGACY_ZH_WWSUPPORT_SOURCES
GeneralsMD/Code/Libraries/Source/WWVegas/WWMath/lookuptable.h	excluded	M19	deferred until the M19 original WW support provider is linked	ZH_LEGACY_ZH_WWSUPPORT_SOURCES
GeneralsMD/Code/Libraries/Source/WWVegas/WWMath/matrix3.cpp	excluded	M19	deferred until the M19 original WW support provider is linked	ZH_LEGACY_ZH_WWSUPPORT_SOURCES
GeneralsMD/Code/Libraries/Source/WWVegas/WWMath/matrix3.h	excluded	M19	deferred until the M19 original WW support provider is linked	ZH_LEGACY_ZH_WWSUPPORT_SOURCES
GeneralsMD/Code/Libraries/Source/WWVegas/WWMath/matrix3d.cpp	excluded	M19	deferred until the M19 original WW support provider is linked	ZH_LEGACY_ZH_WWSUPPORT_SOURCES
GeneralsMD/Code/Libraries/Source/WWVegas/WWMath/matrix3d.h	excluded	M19	deferred until the M19 original WW support provider is linked	ZH_LEGACY_ZH_WWSUPPORT_SOURCES
GeneralsMD/Code/Libraries/Source/WWVegas/WWMath/matrix4.cpp	excluded	M19	deferred until the M19 original WW support provider is linked	ZH_LEGACY_ZH_WWSUPPORT_SOURCES
GeneralsMD/Code/Libraries/Source/WWVegas/WWMath/matrix4.h	excluded	M19	deferred until the M19 original WW support provider is linked	ZH_LEGACY_ZH_WWSUPPORT_SOURCES
GeneralsMD/Code/Libraries/Source/WWVegas/WWMath/obbox.cpp	excluded	M19	deferred until the M19 original WW support provider is linked	ZH_LEGACY_ZH_WWSUPPORT_SOURCES
GeneralsMD/Code/Libraries/Source/WWVegas/WWMath/obbox.h	excluded	M19	deferred until the M19 original WW support provider is linked	ZH_LEGACY_ZH_WWSUPPORT_SOURCES
GeneralsMD/Code/Libraries/Source/WWVegas/WWMath/ode.cpp	excluded	M19	deferred until the M19 original WW support provider is linked	ZH_LEGACY_ZH_WWSUPPORT_SOURCES
GeneralsMD/Code/Libraries/Source/WWVegas/WWMath/ode.h	excluded	M19	deferred until the M19 original WW support provider is linked	ZH_LEGACY_ZH_WWSUPPORT_SOURCES
GeneralsMD/Code/Libraries/Source/WWVegas/WWMath/plane.h	excluded	M19	deferred until the M19 original WW support provider is linked	ZH_LEGACY_ZH_WWSUPPORT_SOURCES
GeneralsMD/Code/Libraries/Source/WWVegas/WWMath/pot.cpp	excluded	M19	deferred until the M19 original WW support provider is linked	ZH_LEGACY_ZH_WWSUPPORT_SOURCES
GeneralsMD/Code/Libraries/Source/WWVegas/WWMath/pot.h	excluded	M19	deferred until the M19 original WW support provider is linked	ZH_LEGACY_ZH_WWSUPPORT_SOURCES
GeneralsMD/Code/Libraries/Source/WWVegas/WWMath/quat.cpp	excluded	M19	deferred until the M19 original WW support provider is linked	ZH_LEGACY_ZH_WWSUPPORT_SOURCES
GeneralsMD/Code/Libraries/Source/WWVegas/WWMath/quat.h	excluded	M19	deferred until the M19 original WW support provider is linked	ZH_LEGACY_ZH_WWSUPPORT_SOURCES
GeneralsMD/Code/Libraries/Source/WWVegas/WWMath/rect.h	excluded	M19	deferred until the M19 original WW support provider is linked	ZH_LEGACY_ZH_WWSUPPORT_SOURCES
GeneralsMD/Code/Libraries/Source/WWVegas/WWMath/sphere.h	excluded	M19	deferred until the M19 original WW support provider is linked	ZH_LEGACY_ZH_WWSUPPORT_SOURCES
GeneralsMD/Code/Libraries/Source/WWVegas/WWMath/tcbspline.cpp	excluded	M19	deferred until the M19 original WW support provider is linked	ZH_LEGACY_ZH_WWSUPPORT_SOURCES
GeneralsMD/Code/Libraries/Source/WWVegas/WWMath/tcbspline.h	excluded	M19	deferred until the M19 original WW support provider is linked	ZH_LEGACY_ZH_WWSUPPORT_SOURCES
GeneralsMD/Code/Libraries/Source/WWVegas/WWMath/tri.cpp	production-compiled	GeneralsMD/Code/Libraries/Source/WWVegas/WWMath/tri.cpp	compiled and runtime-witnessed by the M19 original-support harness	ZH_LEGACY_ZH_WWSUPPORT_SOURCES
GeneralsMD/Code/Libraries/Source/WWVegas/WWMath/tri.h	excluded	M19	deferred until the M19 original WW support provider is linked	ZH_LEGACY_ZH_WWSUPPORT_SOURCES
GeneralsMD/Code/Libraries/Source/WWVegas/WWMath/v3_rnd.cpp	excluded	M19	deferred until the M19 original WW support provider is linked	ZH_LEGACY_ZH_WWSUPPORT_SOURCES
GeneralsMD/Code/Libraries/Source/WWVegas/WWMath/v3_rnd.h	excluded	M19	deferred until the M19 original WW support provider is linked	ZH_LEGACY_ZH_WWSUPPORT_SOURCES
GeneralsMD/Code/Libraries/Source/WWVegas/WWMath/vector2.h	excluded	M19	deferred until the M19 original WW support provider is linked	ZH_LEGACY_ZH_WWSUPPORT_SOURCES
GeneralsMD/Code/Libraries/Source/WWVegas/WWMath/vector2i.h	excluded	M19	deferred until the M19 original WW support provider is linked	ZH_LEGACY_ZH_WWSUPPORT_SOURCES
GeneralsMD/Code/Libraries/Source/WWVegas/WWMath/vector3.h	excluded	M19	deferred until the M19 original WW support provider is linked	ZH_LEGACY_ZH_WWSUPPORT_SOURCES
GeneralsMD/Code/Libraries/Source/WWVegas/WWMath/vector4.h	excluded	M19	deferred until the M19 original WW support provider is linked	ZH_LEGACY_ZH_WWSUPPORT_SOURCES
GeneralsMD/Code/Libraries/Source/WWVegas/WWMath/vehiclecurve.cpp	excluded	M19	deferred until the M19 original WW support provider is linked	ZH_LEGACY_ZH_WWSUPPORT_SOURCES
GeneralsMD/Code/Libraries/Source/WWVegas/WWMath/vehiclecurve.h	excluded	M19	deferred until the M19 original WW support provider is linked	ZH_LEGACY_ZH_WWSUPPORT_SOURCES
GeneralsMD/Code/Libraries/Source/WWVegas/WWMath/vp.cpp	excluded	M19	deferred until the M19 original WW support provider is linked	ZH_LEGACY_ZH_WWSUPPORT_SOURCES
GeneralsMD/Code/Libraries/Source/WWVegas/WWMath/vp.h	excluded	M19	deferred until the M19 original WW support provider is linked	ZH_LEGACY_ZH_WWSUPPORT_SOURCES
GeneralsMD/Code/Libraries/Source/WWVegas/WWMath/wwmath.cpp	excluded	M19	deferred until the M19 original WW support provider is linked	ZH_LEGACY_ZH_WWSUPPORT_SOURCES
GeneralsMD/Code/Libraries/Source/WWVegas/WWMath/wwmath.h	excluded	M19	deferred until the M19 original WW support provider is linked	ZH_LEGACY_ZH_WWSUPPORT_SOURCES
GeneralsMD/Code/Libraries/Source/WWVegas/WWMath/wwmathids.h	excluded	M19	deferred until the M19 original WW support provider is linked	ZH_LEGACY_ZH_WWSUPPORT_SOURCES
GeneralsMD/Code/Libraries/Source/WWVegas/WWSaveLoad/definition.cpp	excluded	M19	deferred until the M19 original WW support provider is linked	ZH_LEGACY_ZH_WWSUPPORT_SOURCES
GeneralsMD/Code/Libraries/Source/WWVegas/WWSaveLoad/definition.h	excluded	M19	deferred until the M19 original WW support provider is linked	ZH_LEGACY_ZH_WWSUPPORT_SOURCES
GeneralsMD/Code/Libraries/Source/WWVegas/WWSaveLoad/definitionclassids.h	excluded	M19	deferred until the M19 original WW support provider is linked	ZH_LEGACY_ZH_WWSUPPORT_SOURCES
GeneralsMD/Code/Libraries/Source/WWVegas/WWSaveLoad/definitionfactory.cpp	excluded	M19	deferred until the M19 original WW support provider is linked	ZH_LEGACY_ZH_WWSUPPORT_SOURCES
GeneralsMD/Code/Libraries/Source/WWVegas/WWSaveLoad/definitionfactory.h	excluded	M19	deferred until the M19 original WW support provider is linked	ZH_LEGACY_ZH_WWSUPPORT_SOURCES
GeneralsMD/Code/Libraries/Source/WWVegas/WWSaveLoad/definitionfactorymgr.cpp	excluded	M19	deferred until the M19 original WW support provider is linked	ZH_LEGACY_ZH_WWSUPPORT_SOURCES
GeneralsMD/Code/Libraries/Source/WWVegas/WWSaveLoad/definitionfactorymgr.h	excluded	M19	deferred until the M19 original WW support provider is linked	ZH_LEGACY_ZH_WWSUPPORT_SOURCES
GeneralsMD/Code/Libraries/Source/WWVegas/WWSaveLoad/definitionmgr.cpp	excluded	M19	deferred until the M19 original WW support provider is linked	ZH_LEGACY_ZH_WWSUPPORT_SOURCES
GeneralsMD/Code/Libraries/Source/WWVegas/WWSaveLoad/definitionmgr.h	excluded	M19	deferred until the M19 original WW support provider is linked	ZH_LEGACY_ZH_WWSUPPORT_SOURCES
GeneralsMD/Code/Libraries/Source/WWVegas/WWSaveLoad/editable.h	excluded	M19	deferred until the M19 original WW support provider is linked	ZH_LEGACY_ZH_WWSUPPORT_SOURCES
GeneralsMD/Code/Libraries/Source/WWVegas/WWSaveLoad/parameter.cpp	excluded	M19	deferred until the M19 original WW support provider is linked	ZH_LEGACY_ZH_WWSUPPORT_SOURCES
GeneralsMD/Code/Libraries/Source/WWVegas/WWSaveLoad/parameter.h	excluded	M19	deferred until the M19 original WW support provider is linked	ZH_LEGACY_ZH_WWSUPPORT_SOURCES
GeneralsMD/Code/Libraries/Source/WWVegas/WWSaveLoad/parameterlist.h	excluded	M19	deferred until the M19 original WW support provider is linked	ZH_LEGACY_ZH_WWSUPPORT_SOURCES
GeneralsMD/Code/Libraries/Source/WWVegas/WWSaveLoad/parametertypes.h	excluded	M19	deferred until the M19 original WW support provider is linked	ZH_LEGACY_ZH_WWSUPPORT_SOURCES
GeneralsMD/Code/Libraries/Source/WWVegas/WWSaveLoad/persist.h	excluded	M19	deferred until the M19 original WW support provider is linked	ZH_LEGACY_ZH_WWSUPPORT_SOURCES
GeneralsMD/Code/Libraries/Source/WWVegas/WWSaveLoad/persistfactory.cpp	excluded	M19	deferred until the M19 original WW support provider is linked	ZH_LEGACY_ZH_WWSUPPORT_SOURCES
GeneralsMD/Code/Libraries/Source/WWVegas/WWSaveLoad/persistfactory.h	excluded	M19	deferred until the M19 original WW support provider is linked	ZH_LEGACY_ZH_WWSUPPORT_SOURCES
GeneralsMD/Code/Libraries/Source/WWVegas/WWSaveLoad/pointerremap.cpp	production-compiled	GeneralsMD/Code/Libraries/Source/WWVegas/WWSaveLoad/pointerremap.cpp	compiled and runtime-witnessed by the M19 original-support harness	ZH_LEGACY_ZH_WWSUPPORT_SOURCES
GeneralsMD/Code/Libraries/Source/WWVegas/WWSaveLoad/pointerremap.h	excluded	M19	deferred until the M19 original WW support provider is linked	ZH_LEGACY_ZH_WWSUPPORT_SOURCES
GeneralsMD/Code/Libraries/Source/WWVegas/WWSaveLoad/postloadable.h	excluded	M19	deferred until the M19 original WW support provider is linked	ZH_LEGACY_ZH_WWSUPPORT_SOURCES
GeneralsMD/Code/Libraries/Source/WWVegas/WWSaveLoad/saveload.cpp	excluded	M19	deferred until the M19 original WW support provider is linked	ZH_LEGACY_ZH_WWSUPPORT_SOURCES
GeneralsMD/Code/Libraries/Source/WWVegas/WWSaveLoad/saveload.h	excluded	M19	deferred until the M19 original WW support provider is linked	ZH_LEGACY_ZH_WWSUPPORT_SOURCES
GeneralsMD/Code/Libraries/Source/WWVegas/WWSaveLoad/saveloadids.h	excluded	M19	deferred until the M19 original WW support provider is linked	ZH_LEGACY_ZH_WWSUPPORT_SOURCES
GeneralsMD/Code/Libraries/Source/WWVegas/WWSaveLoad/saveloadstatus.cpp	excluded	M19	deferred until the M19 original WW support provider is linked	ZH_LEGACY_ZH_WWSUPPORT_SOURCES
GeneralsMD/Code/Libraries/Source/WWVegas/WWSaveLoad/saveloadstatus.h	excluded	M19	deferred until the M19 original WW support provider is linked	ZH_LEGACY_ZH_WWSUPPORT_SOURCES
GeneralsMD/Code/Libraries/Source/WWVegas/WWSaveLoad/saveloadsubsystem.cpp	excluded	M19	deferred until the M19 original WW support provider is linked	ZH_LEGACY_ZH_WWSUPPORT_SOURCES
GeneralsMD/Code/Libraries/Source/WWVegas/WWSaveLoad/saveloadsubsystem.h	excluded	M19	deferred until the M19 original WW support provider is linked	ZH_LEGACY_ZH_WWSUPPORT_SOURCES
GeneralsMD/Code/Libraries/Source/WWVegas/WWSaveLoad/simpledefinitionfactory.h	excluded	M19	deferred until the M19 original WW support provider is linked	ZH_LEGACY_ZH_WWSUPPORT_SOURCES
GeneralsMD/Code/Libraries/Source/WWVegas/WWSaveLoad/simpleparameter.h	excluded	M19	deferred until the M19 original WW support provider is linked	ZH_LEGACY_ZH_WWSUPPORT_SOURCES
GeneralsMD/Code/Libraries/Source/WWVegas/WWSaveLoad/twiddler.cpp	excluded	M19	deferred until the M19 original WW support provider is linked	ZH_LEGACY_ZH_WWSUPPORT_SOURCES
GeneralsMD/Code/Libraries/Source/WWVegas/WWSaveLoad/twiddler.h	excluded	M19	deferred until the M19 original WW support provider is linked	ZH_LEGACY_ZH_WWSUPPORT_SOURCES
GeneralsMD/Code/Libraries/Source/WWVegas/WWSaveLoad/wwsaveload.cpp	excluded	M19	deferred until the M19 original WW support provider is linked	ZH_LEGACY_ZH_WWSUPPORT_SOURCES
GeneralsMD/Code/Libraries/Source/WWVegas/WWSaveLoad/wwsaveload.h	excluded	M19	deferred until the M19 original WW support provider is linked	ZH_LEGACY_ZH_WWSUPPORT_SOURCES
GeneralsMD/Code/Libraries/Source/WWVegas/Wwutil/mathutil.cpp	excluded	M19	deferred until the M19 original WW support provider is linked	ZH_LEGACY_ZH_WWSUPPORT_SOURCES
GeneralsMD/Code/Libraries/Source/WWVegas/Wwutil/mathutil.h	excluded	M19	deferred until the M19 original WW support provider is linked	ZH_LEGACY_ZH_WWSUPPORT_SOURCES
GeneralsMD/Code/Libraries/Source/WWVegas/Wwutil/miscutil.cpp	excluded	M19	deferred until the M19 original WW support provider is linked	ZH_LEGACY_ZH_WWSUPPORT_SOURCES
GeneralsMD/Code/Libraries/Source/WWVegas/Wwutil/miscutil.h	excluded	M19	deferred until the M19 original WW support provider is linked	ZH_LEGACY_ZH_WWSUPPORT_SOURCES
GeneralsMD/Code/Libraries/Source/WWVegas/wwshade/shd6bumpdiff.cpp	excluded	M22	original WWShade producers are owned by M22	ZH_LEGACY_ZH_WWSHADE_SOURCES
GeneralsMD/Code/Libraries/Source/WWVegas/wwshade/shd6bumpdiff.h	excluded	M22	original WWShade producers are owned by M22	ZH_LEGACY_ZH_WWSHADE_SOURCES
GeneralsMD/Code/Libraries/Source/WWVegas/wwshade/shd6bumpdiff.vsh	excluded	M22	original WWShade producers are owned by M22	ZH_LEGACY_ZH_WWSHADE_SOURCES
GeneralsMD/Code/Libraries/Source/WWVegas/wwshade/shd6bumpdiff_constants.h	excluded	M22	original WWShade producers are owned by M22	ZH_LEGACY_ZH_WWSHADE_SOURCES
GeneralsMD/Code/Libraries/Source/WWVegas/wwshade/shd6bumpspec.cpp	excluded	M22	original WWShade producers are owned by M22	ZH_LEGACY_ZH_WWSHADE_SOURCES
GeneralsMD/Code/Libraries/Source/WWVegas/wwshade/shd6bumpspec.h	excluded	M22	original WWShade producers are owned by M22	ZH_LEGACY_ZH_WWSHADE_SOURCES
GeneralsMD/Code/Libraries/Source/WWVegas/wwshade/shd6bumpspec.vsh	excluded	M22	original WWShade producers are owned by M22	ZH_LEGACY_ZH_WWSHADE_SOURCES
GeneralsMD/Code/Libraries/Source/WWVegas/wwshade/shd6bumpspec_constants.h	excluded	M22	original WWShade producers are owned by M22	ZH_LEGACY_ZH_WWSHADE_SOURCES
GeneralsMD/Code/Libraries/Source/WWVegas/wwshade/shd7bumpdiff.cpp	excluded	M22	original WWShade producers are owned by M22	ZH_LEGACY_ZH_WWSHADE_SOURCES
GeneralsMD/Code/Libraries/Source/WWVegas/wwshade/shd7bumpdiff.h	excluded	M22	original WWShade producers are owned by M22	ZH_LEGACY_ZH_WWSHADE_SOURCES
GeneralsMD/Code/Libraries/Source/WWVegas/wwshade/shd7bumpdiff_constants.h	excluded	M22	original WWShade producers are owned by M22	ZH_LEGACY_ZH_WWSHADE_SOURCES
GeneralsMD/Code/Libraries/Source/WWVegas/wwshade/shd7bumpdiffpass0.vsh	excluded	M22	original WWShade producers are owned by M22	ZH_LEGACY_ZH_WWSHADE_SOURCES
GeneralsMD/Code/Libraries/Source/WWVegas/wwshade/shd7bumpdiffpass1.vsh	excluded	M22	original WWShade producers are owned by M22	ZH_LEGACY_ZH_WWSHADE_SOURCES
GeneralsMD/Code/Libraries/Source/WWVegas/wwshade/shd7bumpspec.cpp	excluded	M22	original WWShade producers are owned by M22	ZH_LEGACY_ZH_WWSHADE_SOURCES
GeneralsMD/Code/Libraries/Source/WWVegas/wwshade/shd7bumpspec.h	excluded	M22	original WWShade producers are owned by M22	ZH_LEGACY_ZH_WWSHADE_SOURCES
GeneralsMD/Code/Libraries/Source/WWVegas/wwshade/shd7bumpspec_constants.h	excluded	M22	original WWShade producers are owned by M22	ZH_LEGACY_ZH_WWSHADE_SOURCES
GeneralsMD/Code/Libraries/Source/WWVegas/wwshade/shd7bumpspecpass0.vsh	excluded	M22	original WWShade producers are owned by M22	ZH_LEGACY_ZH_WWSHADE_SOURCES
GeneralsMD/Code/Libraries/Source/WWVegas/wwshade/shd7bumpspecpass1.vsh	excluded	M22	original WWShade producers are owned by M22	ZH_LEGACY_ZH_WWSHADE_SOURCES
GeneralsMD/Code/Libraries/Source/WWVegas/wwshade/shd8bumpdiff.cpp	excluded	M22	original WWShade producers are owned by M22	ZH_LEGACY_ZH_WWSHADE_SOURCES
GeneralsMD/Code/Libraries/Source/WWVegas/wwshade/shd8bumpdiff.h	excluded	M22	original WWShade producers are owned by M22	ZH_LEGACY_ZH_WWSHADE_SOURCES
GeneralsMD/Code/Libraries/Source/WWVegas/wwshade/shd8bumpdiff.psh	excluded	M22	original WWShade producers are owned by M22	ZH_LEGACY_ZH_WWSHADE_SOURCES
GeneralsMD/Code/Libraries/Source/WWVegas/wwshade/shd8bumpdiff.vsh	excluded	M22	original WWShade producers are owned by M22	ZH_LEGACY_ZH_WWSHADE_SOURCES
GeneralsMD/Code/Libraries/Source/WWVegas/wwshade/shd8bumpdiff_constants.h	excluded	M22	original WWShade producers are owned by M22	ZH_LEGACY_ZH_WWSHADE_SOURCES
GeneralsMD/Code/Libraries/Source/WWVegas/wwshade/shd8bumpspec.cpp	excluded	M22	original WWShade producers are owned by M22	ZH_LEGACY_ZH_WWSHADE_SOURCES
GeneralsMD/Code/Libraries/Source/WWVegas/wwshade/shd8bumpspec.h	excluded	M22	original WWShade producers are owned by M22	ZH_LEGACY_ZH_WWSHADE_SOURCES
GeneralsMD/Code/Libraries/Source/WWVegas/wwshade/shd8bumpspec.psh	excluded	M22	original WWShade producers are owned by M22	ZH_LEGACY_ZH_WWSHADE_SOURCES
GeneralsMD/Code/Libraries/Source/WWVegas/wwshade/shd8bumpspec.vsh	excluded	M22	original WWShade producers are owned by M22	ZH_LEGACY_ZH_WWSHADE_SOURCES
GeneralsMD/Code/Libraries/Source/WWVegas/wwshade/shd8bumpspec_constants.h	excluded	M22	original WWShade producers are owned by M22	ZH_LEGACY_ZH_WWSHADE_SOURCES
GeneralsMD/Code/Libraries/Source/WWVegas/wwshade/shd8ssbumpdiff.psh	excluded	M22	original WWShade producers are owned by M22	ZH_LEGACY_ZH_WWSHADE_SOURCES
GeneralsMD/Code/Libraries/Source/WWVegas/wwshade/shd8ssbumpdiff.vsh	excluded	M22	original WWShade producers are owned by M22	ZH_LEGACY_ZH_WWSHADE_SOURCES
GeneralsMD/Code/Libraries/Source/WWVegas/wwshade/shd8ssbumpspec.psh	excluded	M22	original WWShade producers are owned by M22	ZH_LEGACY_ZH_WWSHADE_SOURCES
GeneralsMD/Code/Libraries/Source/WWVegas/wwshade/shd8ssbumpspec.vsh	excluded	M22	original WWShade producers are owned by M22	ZH_LEGACY_ZH_WWSHADE_SOURCES
GeneralsMD/Code/Libraries/Source/WWVegas/wwshade/shdbumpdiff.cpp	excluded	M22	original WWShade producers are owned by M22	ZH_LEGACY_ZH_WWSHADE_SOURCES
GeneralsMD/Code/Libraries/Source/WWVegas/wwshade/shdbumpdiff.h	excluded	M22	original WWShade producers are owned by M22	ZH_LEGACY_ZH_WWSHADE_SOURCES
GeneralsMD/Code/Libraries/Source/WWVegas/wwshade/shdbumpspec.cpp	excluded	M22	original WWShade producers are owned by M22	ZH_LEGACY_ZH_WWSHADE_SOURCES
GeneralsMD/Code/Libraries/Source/WWVegas/wwshade/shdbumpspec.h	excluded	M22	original WWShade producers are owned by M22	ZH_LEGACY_ZH_WWSHADE_SOURCES
GeneralsMD/Code/Libraries/Source/WWVegas/wwshade/shdclassids.h	excluded	M22	original WWShade producers are owned by M22	ZH_LEGACY_ZH_WWSHADE_SOURCES
GeneralsMD/Code/Libraries/Source/WWVegas/wwshade/shdcubemap.cpp	excluded	M22	original WWShade producers are owned by M22	ZH_LEGACY_ZH_WWSHADE_SOURCES
GeneralsMD/Code/Libraries/Source/WWVegas/wwshade/shdcubemap.h	excluded	M22	original WWShade producers are owned by M22	ZH_LEGACY_ZH_WWSHADE_SOURCES
GeneralsMD/Code/Libraries/Source/WWVegas/wwshade/shddef.cpp	excluded	M22	original WWShade producers are owned by M22	ZH_LEGACY_ZH_WWSHADE_SOURCES
GeneralsMD/Code/Libraries/Source/WWVegas/wwshade/shddef.h	excluded	M22	original WWShade producers are owned by M22	ZH_LEGACY_ZH_WWSHADE_SOURCES
GeneralsMD/Code/Libraries/Source/WWVegas/wwshade/shddeffactory.cpp	excluded	M22	original WWShade producers are owned by M22	ZH_LEGACY_ZH_WWSHADE_SOURCES
GeneralsMD/Code/Libraries/Source/WWVegas/wwshade/shddeffactory.h	excluded	M22	original WWShade producers are owned by M22	ZH_LEGACY_ZH_WWSHADE_SOURCES
GeneralsMD/Code/Libraries/Source/WWVegas/wwshade/shddefmanager.cpp	excluded	M22	original WWShade producers are owned by M22	ZH_LEGACY_ZH_WWSHADE_SOURCES
GeneralsMD/Code/Libraries/Source/WWVegas/wwshade/shddefmanager.h	excluded	M22	original WWShade producers are owned by M22	ZH_LEGACY_ZH_WWSHADE_SOURCES
GeneralsMD/Code/Libraries/Source/WWVegas/wwshade/shdforcelinks.cpp	excluded	M22	original WWShade producers are owned by M22	ZH_LEGACY_ZH_WWSHADE_SOURCES
GeneralsMD/Code/Libraries/Source/WWVegas/wwshade/shdforcelinks.h	excluded	M22	original WWShade producers are owned by M22	ZH_LEGACY_ZH_WWSHADE_SOURCES
GeneralsMD/Code/Libraries/Source/WWVegas/wwshade/shdglossmask.cpp	excluded	M22	original WWShade producers are owned by M22	ZH_LEGACY_ZH_WWSHADE_SOURCES
GeneralsMD/Code/Libraries/Source/WWVegas/wwshade/shdglossmask.h	excluded	M22	original WWShade producers are owned by M22	ZH_LEGACY_ZH_WWSHADE_SOURCES
GeneralsMD/Code/Libraries/Source/WWVegas/wwshade/shdhw_constants.h	excluded	M22	original WWShade producers are owned by M22	ZH_LEGACY_ZH_WWSHADE_SOURCES
GeneralsMD/Code/Libraries/Source/WWVegas/wwshade/shdhwshader.cpp	excluded	M22	original WWShade producers are owned by M22	ZH_LEGACY_ZH_WWSHADE_SOURCES
GeneralsMD/Code/Libraries/Source/WWVegas/wwshade/shdhwshader.h	excluded	M22	original WWShade producers are owned by M22	ZH_LEGACY_ZH_WWSHADE_SOURCES
GeneralsMD/Code/Libraries/Source/WWVegas/wwshade/shdinterface.cpp	excluded	M22	original WWShade producers are owned by M22	ZH_LEGACY_ZH_WWSHADE_SOURCES
GeneralsMD/Code/Libraries/Source/WWVegas/wwshade/shdinterface.h	excluded	M22	original WWShade producers are owned by M22	ZH_LEGACY_ZH_WWSHADE_SOURCES
GeneralsMD/Code/Libraries/Source/WWVegas/wwshade/shdlegacyw3d.cpp	excluded	M22	original WWShade producers are owned by M22	ZH_LEGACY_ZH_WWSHADE_SOURCES
GeneralsMD/Code/Libraries/Source/WWVegas/wwshade/shdlegacyw3d.h	excluded	M22	original WWShade producers are owned by M22	ZH_LEGACY_ZH_WWSHADE_SOURCES
GeneralsMD/Code/Libraries/Source/WWVegas/wwshade/shdlib.cpp	excluded	M22	original WWShade producers are owned by M22	ZH_LEGACY_ZH_WWSHADE_SOURCES
GeneralsMD/Code/Libraries/Source/WWVegas/wwshade/shdloader.cpp	excluded	M22	original WWShade producers are owned by M22	ZH_LEGACY_ZH_WWSHADE_SOURCES
GeneralsMD/Code/Libraries/Source/WWVegas/wwshade/shdloader.h	excluded	M22	original WWShade producers are owned by M22	ZH_LEGACY_ZH_WWSHADE_SOURCES
GeneralsMD/Code/Libraries/Source/WWVegas/wwshade/shdmesh.cpp	excluded	M22	original WWShade producers are owned by M22	ZH_LEGACY_ZH_WWSHADE_SOURCES
GeneralsMD/Code/Libraries/Source/WWVegas/wwshade/shdmesh.h	excluded	M22	original WWShade producers are owned by M22	ZH_LEGACY_ZH_WWSHADE_SOURCES
GeneralsMD/Code/Libraries/Source/WWVegas/wwshade/shdrenderer.cpp	excluded	M22	original WWShade producers are owned by M22	ZH_LEGACY_ZH_WWSHADE_SOURCES
GeneralsMD/Code/Libraries/Source/WWVegas/wwshade/shdrenderer.h	excluded	M22	original WWShade producers are owned by M22	ZH_LEGACY_ZH_WWSHADE_SOURCES
GeneralsMD/Code/Libraries/Source/WWVegas/wwshade/shdsimple.cpp	excluded	M22	original WWShade producers are owned by M22	ZH_LEGACY_ZH_WWSHADE_SOURCES
GeneralsMD/Code/Libraries/Source/WWVegas/wwshade/shdsimple.h	excluded	M22	original WWShade producers are owned by M22	ZH_LEGACY_ZH_WWSHADE_SOURCES
GeneralsMD/Code/Libraries/Source/WWVegas/wwshade/shdsubmesh.cpp	excluded	M22	original WWShade producers are owned by M22	ZH_LEGACY_ZH_WWSHADE_SOURCES
GeneralsMD/Code/Libraries/Source/WWVegas/wwshade/shdsubmesh.h	excluded	M22	original WWShade producers are owned by M22	ZH_LEGACY_ZH_WWSHADE_SOURCES
GeneralsMD/Code/Libraries/Source/debug/_pch.cpp	tool-only	none	legacy developer-only diagnostic harness	ZH_LEGACY_EXCLUDED_SOURCE_RECORDS
GeneralsMD/Code/Libraries/Source/debug/_pch.h	tool-only	none	legacy developer-only diagnostic harness	ZH_LEGACY_EXCLUDED_SOURCE_RECORDS
GeneralsMD/Code/Libraries/Source/debug/compile_doxygen.bat	tool-only	none	legacy developer-only diagnostic harness	ZH_LEGACY_EXCLUDED_SOURCE_RECORDS
GeneralsMD/Code/Libraries/Source/debug/debug.cpp	tool-only	none	legacy developer-only diagnostic harness	ZH_LEGACY_EXCLUDED_SOURCE_RECORDS
GeneralsMD/Code/Libraries/Source/debug/debug.dox	tool-only	none	legacy developer-only diagnostic harness	ZH_LEGACY_EXCLUDED_SOURCE_RECORDS
GeneralsMD/Code/Libraries/Source/debug/debug.h	tool-only	none	legacy developer-only diagnostic harness	ZH_LEGACY_EXCLUDED_SOURCE_RECORDS
GeneralsMD/Code/Libraries/Source/debug/debug_cmd.cpp	tool-only	none	legacy developer-only diagnostic harness	ZH_LEGACY_EXCLUDED_SOURCE_RECORDS
GeneralsMD/Code/Libraries/Source/debug/debug_cmd.h	tool-only	none	legacy developer-only diagnostic harness	ZH_LEGACY_EXCLUDED_SOURCE_RECORDS
GeneralsMD/Code/Libraries/Source/debug/debug_debug.cpp	tool-only	none	legacy developer-only diagnostic harness	ZH_LEGACY_EXCLUDED_SOURCE_RECORDS
GeneralsMD/Code/Libraries/Source/debug/debug_debug.h	tool-only	none	legacy developer-only diagnostic harness	ZH_LEGACY_EXCLUDED_SOURCE_RECORDS
GeneralsMD/Code/Libraries/Source/debug/debug_dlg/debug_dlg.cpp	tool-only	none	legacy developer-only diagnostic harness	ZH_LEGACY_EXCLUDED_SOURCE_RECORDS
GeneralsMD/Code/Libraries/Source/debug/debug_dlg/debug_dlg.rc	tool-only	none	legacy developer-only diagnostic harness	ZH_LEGACY_EXCLUDED_SOURCE_RECORDS
GeneralsMD/Code/Libraries/Source/debug/debug_doc.h	tool-only	none	legacy developer-only diagnostic harness	ZH_LEGACY_EXCLUDED_SOURCE_RECORDS
GeneralsMD/Code/Libraries/Source/debug/debug_except.cpp	tool-only	none	legacy developer-only diagnostic harness	ZH_LEGACY_EXCLUDED_SOURCE_RECORDS
GeneralsMD/Code/Libraries/Source/debug/debug_getdefaultcommands.cpp	tool-only	none	legacy developer-only diagnostic harness	ZH_LEGACY_EXCLUDED_SOURCE_RECORDS
GeneralsMD/Code/Libraries/Source/debug/debug_internal.cpp	tool-only	none	legacy developer-only diagnostic harness	ZH_LEGACY_EXCLUDED_SOURCE_RECORDS
GeneralsMD/Code/Libraries/Source/debug/debug_io.h	tool-only	none	legacy developer-only diagnostic harness	ZH_LEGACY_EXCLUDED_SOURCE_RECORDS
GeneralsMD/Code/Libraries/Source/debug/debug_io_con.cpp	tool-only	none	legacy developer-only diagnostic harness	ZH_LEGACY_EXCLUDED_SOURCE_RECORDS
GeneralsMD/Code/Libraries/Source/debug/debug_io_flat.cpp	tool-only	none	legacy developer-only diagnostic harness	ZH_LEGACY_EXCLUDED_SOURCE_RECORDS
GeneralsMD/Code/Libraries/Source/debug/debug_io_net.cpp	tool-only	none	legacy developer-only diagnostic harness	ZH_LEGACY_EXCLUDED_SOURCE_RECORDS
GeneralsMD/Code/Libraries/Source/debug/debug_io_ods.cpp	tool-only	none	legacy developer-only diagnostic harness	ZH_LEGACY_EXCLUDED_SOURCE_RECORDS
GeneralsMD/Code/Libraries/Source/debug/debug_macro.h	tool-only	none	legacy developer-only diagnostic harness	ZH_LEGACY_EXCLUDED_SOURCE_RECORDS
GeneralsMD/Code/Libraries/Source/debug/debug_priv.dox	excluded	none	manifest input is absent from the repository or outside its source boundary	ZH_LEGACY_UNAVAILABLE_SOURCE_RECORDS
GeneralsMD/Code/Libraries/Source/debug/debug_purecall.cpp	tool-only	none	legacy developer-only diagnostic harness	ZH_LEGACY_EXCLUDED_SOURCE_RECORDS
GeneralsMD/Code/Libraries/Source/debug/debug_stack.cpp	tool-only	none	legacy developer-only diagnostic harness	ZH_LEGACY_EXCLUDED_SOURCE_RECORDS
GeneralsMD/Code/Libraries/Source/debug/debug_stack.h	tool-only	none	legacy developer-only diagnostic harness	ZH_LEGACY_EXCLUDED_SOURCE_RECORDS
GeneralsMD/Code/Libraries/Source/debug/debug_stack.inl	tool-only	none	legacy developer-only diagnostic harness	ZH_LEGACY_EXCLUDED_SOURCE_RECORDS
GeneralsMD/Code/Libraries/Source/debug/internal.h	tool-only	none	legacy developer-only diagnostic harness	ZH_LEGACY_EXCLUDED_SOURCE_RECORDS
GeneralsMD/Code/Libraries/Source/debug/internal_except.h	tool-only	none	legacy developer-only diagnostic harness	ZH_LEGACY_EXCLUDED_SOURCE_RECORDS
GeneralsMD/Code/Libraries/Source/debug/internal_io.h	tool-only	none	legacy developer-only diagnostic harness	ZH_LEGACY_EXCLUDED_SOURCE_RECORDS
GeneralsMD/Code/Libraries/Source/debug/netserv/netserv.cpp	tool-only	none	legacy developer-only diagnostic harness	ZH_LEGACY_EXCLUDED_SOURCE_RECORDS
GeneralsMD/Code/Libraries/Source/debug/rc_exception.inl	tool-only	none	legacy developer-only diagnostic harness	ZH_LEGACY_EXCLUDED_SOURCE_RECORDS
GeneralsMD/Code/Libraries/Source/debug/test1/test1.cpp	tool-only	none	legacy developer-only diagnostic harness	ZH_LEGACY_EXCLUDED_SOURCE_RECORDS
GeneralsMD/Code/Libraries/Source/debug/test2/StdAfx.cpp	tool-only	none	legacy developer-only diagnostic harness	ZH_LEGACY_EXCLUDED_SOURCE_RECORDS
GeneralsMD/Code/Libraries/Source/debug/test2/StdAfx.h	tool-only	none	legacy developer-only diagnostic harness	ZH_LEGACY_EXCLUDED_SOURCE_RECORDS
GeneralsMD/Code/Libraries/Source/debug/test2/default.dbgcmd	tool-only	none	legacy developer-only diagnostic harness	ZH_LEGACY_EXCLUDED_SOURCE_RECORDS
GeneralsMD/Code/Libraries/Source/debug/test2/resource.h	tool-only	none	legacy developer-only diagnostic harness	ZH_LEGACY_EXCLUDED_SOURCE_RECORDS
GeneralsMD/Code/Libraries/Source/debug/test2/test2.cpp	tool-only	none	legacy developer-only diagnostic harness	ZH_LEGACY_EXCLUDED_SOURCE_RECORDS
GeneralsMD/Code/Libraries/Source/debug/test2/test2.rc	tool-only	none	legacy developer-only diagnostic harness	ZH_LEGACY_EXCLUDED_SOURCE_RECORDS
GeneralsMD/Code/Libraries/Source/debug/test3/test3.cpp	tool-only	none	legacy developer-only diagnostic harness	ZH_LEGACY_EXCLUDED_SOURCE_RECORDS
GeneralsMD/Code/Libraries/Source/debug/test4/test4.cpp	tool-only	none	legacy developer-only diagnostic harness	ZH_LEGACY_EXCLUDED_SOURCE_RECORDS
GeneralsMD/Code/Libraries/Source/debug/test5/test5.cpp	tool-only	none	legacy developer-only diagnostic harness	ZH_LEGACY_EXCLUDED_SOURCE_RECORDS
GeneralsMD/Code/Libraries/Source/debug/test6/test6.cpp	tool-only	none	legacy developer-only diagnostic harness	ZH_LEGACY_EXCLUDED_SOURCE_RECORDS
GeneralsMD/Code/Libraries/Source/profile/_pch.cpp	tool-only	none	legacy developer-only profiling harness	ZH_LEGACY_EXCLUDED_SOURCE_RECORDS
GeneralsMD/Code/Libraries/Source/profile/_pch.h	tool-only	none	legacy developer-only profiling harness	ZH_LEGACY_EXCLUDED_SOURCE_RECORDS
GeneralsMD/Code/Libraries/Source/profile/compile_doxygen.bat	tool-only	none	legacy developer-only profiling harness	ZH_LEGACY_EXCLUDED_SOURCE_RECORDS
GeneralsMD/Code/Libraries/Source/profile/internal.h	tool-only	none	legacy developer-only profiling harness	ZH_LEGACY_EXCLUDED_SOURCE_RECORDS
GeneralsMD/Code/Libraries/Source/profile/internal_cmd.h	tool-only	none	legacy developer-only profiling harness	ZH_LEGACY_EXCLUDED_SOURCE_RECORDS
GeneralsMD/Code/Libraries/Source/profile/internal_funclevel.h	tool-only	none	legacy developer-only profiling harness	ZH_LEGACY_EXCLUDED_SOURCE_RECORDS
GeneralsMD/Code/Libraries/Source/profile/internal_highlevel.h	tool-only	none	legacy developer-only profiling harness	ZH_LEGACY_EXCLUDED_SOURCE_RECORDS
GeneralsMD/Code/Libraries/Source/profile/internal_result.h	tool-only	none	legacy developer-only profiling harness	ZH_LEGACY_EXCLUDED_SOURCE_RECORDS
GeneralsMD/Code/Libraries/Source/profile/profile.cpp	tool-only	none	legacy developer-only profiling harness	ZH_LEGACY_EXCLUDED_SOURCE_RECORDS
GeneralsMD/Code/Libraries/Source/profile/profile.dox	tool-only	none	legacy developer-only profiling harness	ZH_LEGACY_EXCLUDED_SOURCE_RECORDS
GeneralsMD/Code/Libraries/Source/profile/profile.h	tool-only	none	legacy developer-only profiling harness	ZH_LEGACY_EXCLUDED_SOURCE_RECORDS
GeneralsMD/Code/Libraries/Source/profile/profile_cmd.cpp	tool-only	none	legacy developer-only profiling harness	ZH_LEGACY_EXCLUDED_SOURCE_RECORDS
GeneralsMD/Code/Libraries/Source/profile/profile_doc.h	tool-only	none	legacy developer-only profiling harness	ZH_LEGACY_EXCLUDED_SOURCE_RECORDS
GeneralsMD/Code/Libraries/Source/profile/profile_funclevel.cpp	tool-only	none	legacy developer-only profiling harness	ZH_LEGACY_EXCLUDED_SOURCE_RECORDS
GeneralsMD/Code/Libraries/Source/profile/profile_funclevel.h	tool-only	none	legacy developer-only profiling harness	ZH_LEGACY_EXCLUDED_SOURCE_RECORDS
GeneralsMD/Code/Libraries/Source/profile/profile_highlevel.cpp	tool-only	none	legacy developer-only profiling harness	ZH_LEGACY_EXCLUDED_SOURCE_RECORDS
GeneralsMD/Code/Libraries/Source/profile/profile_highlevel.h	tool-only	none	legacy developer-only profiling harness	ZH_LEGACY_EXCLUDED_SOURCE_RECORDS
GeneralsMD/Code/Libraries/Source/profile/profile_priv.dox	tool-only	none	legacy developer-only profiling harness	ZH_LEGACY_EXCLUDED_SOURCE_RECORDS
GeneralsMD/Code/Libraries/Source/profile/profile_result.cpp	tool-only	none	legacy developer-only profiling harness	ZH_LEGACY_EXCLUDED_SOURCE_RECORDS
GeneralsMD/Code/Libraries/Source/profile/profile_result.h	tool-only	none	legacy developer-only profiling harness	ZH_LEGACY_EXCLUDED_SOURCE_RECORDS
GeneralsMD/Code/Libraries/Source/profile/test1/test1.cpp	tool-only	none	legacy developer-only profiling harness	ZH_LEGACY_EXCLUDED_SOURCE_RECORDS
GeneralsMD/Code/Main/Generals.ico	platform-replaced	native-adapter	Win32 resource compiled out of the native build	ZH_LEGACY_EXCLUDED_SOURCE_RECORDS
GeneralsMD/Code/Main/Install_Final.bmp	excluded	none	manifest input is absent from the repository or outside its source boundary	ZH_LEGACY_UNAVAILABLE_SOURCE_RECORDS
GeneralsMD/Code/Main/RTS.RC	platform-replaced	native-adapter	Win32 resource compiled out of the native build	ZH_LEGACY_EXCLUDED_SOURCE_RECORDS
GeneralsMD/Code/Main/WinMain.cpp	excluded	M20	original executable entry and factories are owned by M20	ZH_LEGACY_ZH_MAIN_SOURCES
GeneralsMD/Code/Main/WinMain.h	excluded	M20	original executable entry and factories are owned by M20	ZH_LEGACY_ZH_MAIN_SOURCES
GeneralsMD/Code/Main/buildVersion.h	excluded	none	manifest input is absent from the repository or outside its source boundary	ZH_LEGACY_UNAVAILABLE_SOURCE_RECORDS
GeneralsMD/Code/Main/generatedVersion.h	excluded	none	manifest input is absent from the repository or outside its source boundary	ZH_LEGACY_UNAVAILABLE_SOURCE_RECORDS
GeneralsMD/Code/Main/resource.h	excluded	M20	original executable entry and factories are owned by M20	ZH_LEGACY_ZH_MAIN_SOURCES
GeneralsMD/Code/Tools/Autorun/ARButton_Reg.bmp	excluded	none	manifest input is absent from the repository or outside its source boundary	ZH_LEGACY_UNAVAILABLE_SOURCE_RECORDS
GeneralsMD/Code/Tools/Autorun/ARButton_Sel.bmp	excluded	none	manifest input is absent from the repository or outside its source boundary	ZH_LEGACY_UNAVAILABLE_SOURCE_RECORDS
GeneralsMD/Code/Tools/Autorun/ARGS.CPP	tool-only	none	authoring or maintenance tool outside the game runtime	ZH_LEGACY_EXCLUDED_SOURCE_RECORDS
GeneralsMD/Code/Tools/Autorun/ARGS.H	tool-only	none	authoring or maintenance tool outside the game runtime	ZH_LEGACY_EXCLUDED_SOURCE_RECORDS
GeneralsMD/Code/Tools/Autorun/AUTORUN.RC	tool-only	none	authoring or maintenance tool outside the game runtime	ZH_LEGACY_EXCLUDED_SOURCE_RECORDS
GeneralsMD/Code/Tools/Autorun/AutoRun_Frn.bmp	excluded	none	manifest input is absent from the repository or outside its source boundary	ZH_LEGACY_UNAVAILABLE_SOURCE_RECORDS
GeneralsMD/Code/Tools/Autorun/AutoRun_Ger.bmp	excluded	none	manifest input is absent from the repository or outside its source boundary	ZH_LEGACY_UNAVAILABLE_SOURCE_RECORDS
GeneralsMD/Code/Tools/Autorun/Autorun.ICO	tool-only	none	authoring or maintenance tool outside the game runtime	ZH_LEGACY_EXCLUDED_SOURCE_RECORDS
GeneralsMD/Code/Tools/Autorun/Autorun_BG.bmp	excluded	none	manifest input is absent from the repository or outside its source boundary	ZH_LEGACY_UNAVAILABLE_SOURCE_RECORDS
GeneralsMD/Code/Tools/Autorun/Bullet.bmp	excluded	none	manifest input is absent from the repository or outside its source boundary	ZH_LEGACY_UNAVAILABLE_SOURCE_RECORDS
GeneralsMD/Code/Tools/Autorun/CDCNTRL.CPP	tool-only	none	authoring or maintenance tool outside the game runtime	ZH_LEGACY_EXCLUDED_SOURCE_RECORDS
GeneralsMD/Code/Tools/Autorun/CDCNTRL.H	tool-only	none	authoring or maintenance tool outside the game runtime	ZH_LEGACY_EXCLUDED_SOURCE_RECORDS
GeneralsMD/Code/Tools/Autorun/CallbackHook.h	tool-only	none	authoring or maintenance tool outside the game runtime	ZH_LEGACY_EXCLUDED_SOURCE_RECORDS
GeneralsMD/Code/Tools/Autorun/DrawButton.cpp	tool-only	none	authoring or maintenance tool outside the game runtime	ZH_LEGACY_EXCLUDED_SOURCE_RECORDS
GeneralsMD/Code/Tools/Autorun/DrawButton.h	tool-only	none	authoring or maintenance tool outside the game runtime	ZH_LEGACY_EXCLUDED_SOURCE_RECORDS
GeneralsMD/Code/Tools/Autorun/EZGIMEX.cpp	tool-only	none	authoring or maintenance tool outside the game runtime	ZH_LEGACY_EXCLUDED_SOURCE_RECORDS
GeneralsMD/Code/Tools/Autorun/English/Present.wav	excluded	none	manifest input is absent from the repository or outside its source boundary	ZH_LEGACY_UNAVAILABLE_SOURCE_RECORDS
GeneralsMD/Code/Tools/Autorun/English/Rock-n-Roll.wav	excluded	none	manifest input is absent from the repository or outside its source boundary	ZH_LEGACY_UNAVAILABLE_SOURCE_RECORDS
GeneralsMD/Code/Tools/Autorun/GETCD.CPP	tool-only	none	authoring or maintenance tool outside the game runtime	ZH_LEGACY_EXCLUDED_SOURCE_RECORDS
GeneralsMD/Code/Tools/Autorun/GameText.cpp	tool-only	none	authoring or maintenance tool outside the game runtime	ZH_LEGACY_EXCLUDED_SOURCE_RECORDS
GeneralsMD/Code/Tools/Autorun/GameText.h	tool-only	none	authoring or maintenance tool outside the game runtime	ZH_LEGACY_EXCLUDED_SOURCE_RECORDS
GeneralsMD/Code/Tools/Autorun/GetCD.h	tool-only	none	authoring or maintenance tool outside the game runtime	ZH_LEGACY_EXCLUDED_SOURCE_RECORDS
GeneralsMD/Code/Tools/Autorun/IGR.cpp	tool-only	none	authoring or maintenance tool outside the game runtime	ZH_LEGACY_EXCLUDED_SOURCE_RECORDS
GeneralsMD/Code/Tools/Autorun/IGR.h	tool-only	none	authoring or maintenance tool outside the game runtime	ZH_LEGACY_EXCLUDED_SOURCE_RECORDS
GeneralsMD/Code/Tools/Autorun/JSUPPORT.H	tool-only	none	authoring or maintenance tool outside the game runtime	ZH_LEGACY_EXCLUDED_SOURCE_RECORDS
GeneralsMD/Code/Tools/Autorun/Jsupport.cpp	tool-only	none	authoring or maintenance tool outside the game runtime	ZH_LEGACY_EXCLUDED_SOURCE_RECORDS
GeneralsMD/Code/Tools/Autorun/License French.bmp	excluded	none	manifest input is absent from the repository or outside its source boundary	ZH_LEGACY_UNAVAILABLE_SOURCE_RECORDS
GeneralsMD/Code/Tools/Autorun/License French2.bmp	excluded	none	manifest input is absent from the repository or outside its source boundary	ZH_LEGACY_UNAVAILABLE_SOURCE_RECORDS
GeneralsMD/Code/Tools/Autorun/License German.bmp	excluded	none	manifest input is absent from the repository or outside its source boundary	ZH_LEGACY_UNAVAILABLE_SOURCE_RECORDS
GeneralsMD/Code/Tools/Autorun/License German2.bmp	excluded	none	manifest input is absent from the repository or outside its source boundary	ZH_LEGACY_UNAVAILABLE_SOURCE_RECORDS
GeneralsMD/Code/Tools/Autorun/License USA.bmp	excluded	none	manifest input is absent from the repository or outside its source boundary	ZH_LEGACY_UNAVAILABLE_SOURCE_RECORDS
GeneralsMD/Code/Tools/Autorun/License USA2.bmp	excluded	none	manifest input is absent from the repository or outside its source boundary	ZH_LEGACY_UNAVAILABLE_SOURCE_RECORDS
GeneralsMD/Code/Tools/Autorun/Locale_API.cpp	tool-only	none	authoring or maintenance tool outside the game runtime	ZH_LEGACY_EXCLUDED_SOURCE_RECORDS
GeneralsMD/Code/Tools/Autorun/Locale_API.h	tool-only	none	authoring or maintenance tool outside the game runtime	ZH_LEGACY_EXCLUDED_SOURCE_RECORDS
GeneralsMD/Code/Tools/Autorun/POINT.h	tool-only	none	authoring or maintenance tool outside the game runtime	ZH_LEGACY_EXCLUDED_SOURCE_RECORDS
GeneralsMD/Code/Tools/Autorun/RECT.h	tool-only	none	authoring or maintenance tool outside the game runtime	ZH_LEGACY_EXCLUDED_SOURCE_RECORDS
GeneralsMD/Code/Tools/Autorun/TTFont.cpp	tool-only	none	authoring or maintenance tool outside the game runtime	ZH_LEGACY_EXCLUDED_SOURCE_RECORDS
GeneralsMD/Code/Tools/Autorun/TTFont.h	tool-only	none	authoring or maintenance tool outside the game runtime	ZH_LEGACY_EXCLUDED_SOURCE_RECORDS
GeneralsMD/Code/Tools/Autorun/Utils.cpp	tool-only	none	authoring or maintenance tool outside the game runtime	ZH_LEGACY_EXCLUDED_SOURCE_RECORDS
GeneralsMD/Code/Tools/Autorun/Utils.h	tool-only	none	authoring or maintenance tool outside the game runtime	ZH_LEGACY_EXCLUDED_SOURCE_RECORDS
GeneralsMD/Code/Tools/Autorun/ViewHTML.cpp	tool-only	none	authoring or maintenance tool outside the game runtime	ZH_LEGACY_EXCLUDED_SOURCE_RECORDS
GeneralsMD/Code/Tools/Autorun/ViewHTML.h	tool-only	none	authoring or maintenance tool outside the game runtime	ZH_LEGACY_EXCLUDED_SOURCE_RECORDS
GeneralsMD/Code/Tools/Autorun/WSYS_File.cpp	tool-only	none	authoring or maintenance tool outside the game runtime	ZH_LEGACY_EXCLUDED_SOURCE_RECORDS
GeneralsMD/Code/Tools/Autorun/WSYS_FileSystem.cpp	tool-only	none	authoring or maintenance tool outside the game runtime	ZH_LEGACY_EXCLUDED_SOURCE_RECORDS
GeneralsMD/Code/Tools/Autorun/WSYS_FileSystem.h	tool-only	none	authoring or maintenance tool outside the game runtime	ZH_LEGACY_EXCLUDED_SOURCE_RECORDS
GeneralsMD/Code/Tools/Autorun/WSYS_RAMFile.cpp	tool-only	none	authoring or maintenance tool outside the game runtime	ZH_LEGACY_EXCLUDED_SOURCE_RECORDS
GeneralsMD/Code/Tools/Autorun/WSYS_RAMFile.h	tool-only	none	authoring or maintenance tool outside the game runtime	ZH_LEGACY_EXCLUDED_SOURCE_RECORDS
GeneralsMD/Code/Tools/Autorun/WSYS_StdFile.cpp	tool-only	none	authoring or maintenance tool outside the game runtime	ZH_LEGACY_EXCLUDED_SOURCE_RECORDS
GeneralsMD/Code/Tools/Autorun/WSYS_StdFile.h	tool-only	none	authoring or maintenance tool outside the game runtime	ZH_LEGACY_EXCLUDED_SOURCE_RECORDS
GeneralsMD/Code/Tools/Autorun/WSYS_StdFileSystem.cpp	tool-only	none	authoring or maintenance tool outside the game runtime	ZH_LEGACY_EXCLUDED_SOURCE_RECORDS
GeneralsMD/Code/Tools/Autorun/WSYS_StdFileSystem.h	tool-only	none	authoring or maintenance tool outside the game runtime	ZH_LEGACY_EXCLUDED_SOURCE_RECORDS
GeneralsMD/Code/Tools/Autorun/WSYS_file.h	tool-only	none	authoring or maintenance tool outside the game runtime	ZH_LEGACY_EXCLUDED_SOURCE_RECORDS
GeneralsMD/Code/Tools/Autorun/WinFix.CPP	tool-only	none	authoring or maintenance tool outside the game runtime	ZH_LEGACY_EXCLUDED_SOURCE_RECORDS
GeneralsMD/Code/Tools/Autorun/WinFix.H	tool-only	none	authoring or maintenance tool outside the game runtime	ZH_LEGACY_EXCLUDED_SOURCE_RECORDS
GeneralsMD/Code/Tools/Autorun/Wnd_File.h	tool-only	none	authoring or maintenance tool outside the game runtime	ZH_LEGACY_EXCLUDED_SOURCE_RECORDS
GeneralsMD/Code/Tools/Autorun/Wnd_file.cpp	tool-only	none	authoring or maintenance tool outside the game runtime	ZH_LEGACY_EXCLUDED_SOURCE_RECORDS
GeneralsMD/Code/Tools/Autorun/arrow.cur	tool-only	none	authoring or maintenance tool outside the game runtime	ZH_LEGACY_EXCLUDED_SOURCE_RECORDS
GeneralsMD/Code/Tools/Autorun/autorun.cpp	tool-only	none	authoring or maintenance tool outside the game runtime	ZH_LEGACY_EXCLUDED_SOURCE_RECORDS
GeneralsMD/Code/Tools/Autorun/autorun.h	tool-only	none	authoring or maintenance tool outside the game runtime	ZH_LEGACY_EXCLUDED_SOURCE_RECORDS
GeneralsMD/Code/Tools/Autorun/gimex.h	tool-only	none	authoring or maintenance tool outside the game runtime	ZH_LEGACY_EXCLUDED_SOURCE_RECORDS
GeneralsMD/Code/Tools/Autorun/leanAndMeanAutorun.h	tool-only	none	authoring or maintenance tool outside the game runtime	ZH_LEGACY_EXCLUDED_SOURCE_RECORDS
GeneralsMD/Code/Tools/Autorun/locale.cpp	tool-only	none	authoring or maintenance tool outside the game runtime	ZH_LEGACY_EXCLUDED_SOURCE_RECORDS
GeneralsMD/Code/Tools/Autorun/locale.h	tool-only	none	authoring or maintenance tool outside the game runtime	ZH_LEGACY_EXCLUDED_SOURCE_RECORDS
GeneralsMD/Code/Tools/Autorun/mouse.wav	excluded	none	manifest input is absent from the repository or outside its source boundary	ZH_LEGACY_UNAVAILABLE_SOURCE_RECORDS
GeneralsMD/Code/Tools/Autorun/resource.h	tool-only	none	authoring or maintenance tool outside the game runtime	ZH_LEGACY_EXCLUDED_SOURCE_RECORDS
GeneralsMD/Code/Tools/Babylon/BABYLON.XLT	tool-only	none	authoring or maintenance tool outside the game runtime	ZH_LEGACY_EXCLUDED_SOURCE_RECORDS
GeneralsMD/Code/Tools/Babylon/Babylon.cpp	tool-only	none	authoring or maintenance tool outside the game runtime	ZH_LEGACY_EXCLUDED_SOURCE_RECORDS
GeneralsMD/Code/Tools/Babylon/Babylon.h	tool-only	none	authoring or maintenance tool outside the game runtime	ZH_LEGACY_EXCLUDED_SOURCE_RECORDS
GeneralsMD/Code/Tools/Babylon/Babylon.odl	tool-only	none	authoring or maintenance tool outside the game runtime	ZH_LEGACY_EXCLUDED_SOURCE_RECORDS
GeneralsMD/Code/Tools/Babylon/Babylon.rc	tool-only	none	authoring or maintenance tool outside the game runtime	ZH_LEGACY_EXCLUDED_SOURCE_RECORDS
GeneralsMD/Code/Tools/Babylon/Babylon.reg	tool-only	none	authoring or maintenance tool outside the game runtime	ZH_LEGACY_EXCLUDED_SOURCE_RECORDS
GeneralsMD/Code/Tools/Babylon/BabylonDlg.cpp	tool-only	none	authoring or maintenance tool outside the game runtime	ZH_LEGACY_EXCLUDED_SOURCE_RECORDS
GeneralsMD/Code/Tools/Babylon/BabylonDlg.h	tool-only	none	authoring or maintenance tool outside the game runtime	ZH_LEGACY_EXCLUDED_SOURCE_RECORDS
GeneralsMD/Code/Tools/Babylon/DlgProxy.cpp	tool-only	none	authoring or maintenance tool outside the game runtime	ZH_LEGACY_EXCLUDED_SOURCE_RECORDS
GeneralsMD/Code/Tools/Babylon/DlgProxy.h	tool-only	none	authoring or maintenance tool outside the game runtime	ZH_LEGACY_EXCLUDED_SOURCE_RECORDS
GeneralsMD/Code/Tools/Babylon/ExportDlg.cpp	tool-only	none	authoring or maintenance tool outside the game runtime	ZH_LEGACY_EXCLUDED_SOURCE_RECORDS
GeneralsMD/Code/Tools/Babylon/ExportDlg.h	tool-only	none	authoring or maintenance tool outside the game runtime	ZH_LEGACY_EXCLUDED_SOURCE_RECORDS
GeneralsMD/Code/Tools/Babylon/GenerateDlg.cpp	tool-only	none	authoring or maintenance tool outside the game runtime	ZH_LEGACY_EXCLUDED_SOURCE_RECORDS
GeneralsMD/Code/Tools/Babylon/GenerateDlg.h	tool-only	none	authoring or maintenance tool outside the game runtime	ZH_LEGACY_EXCLUDED_SOURCE_RECORDS
GeneralsMD/Code/Tools/Babylon/MatchDlg.cpp	tool-only	none	authoring or maintenance tool outside the game runtime	ZH_LEGACY_EXCLUDED_SOURCE_RECORDS
GeneralsMD/Code/Tools/Babylon/MatchDlg.h	tool-only	none	authoring or maintenance tool outside the game runtime	ZH_LEGACY_EXCLUDED_SOURCE_RECORDS
GeneralsMD/Code/Tools/Babylon/P2XDLL.DLL	excluded	none	manifest input is absent from the repository or outside its source boundary	ZH_LEGACY_UNAVAILABLE_SOURCE_RECORDS
GeneralsMD/Code/Tools/Babylon/PERLCRT.DLL	excluded	none	manifest input is absent from the repository or outside its source boundary	ZH_LEGACY_UNAVAILABLE_SOURCE_RECORDS
GeneralsMD/Code/Tools/Babylon/ProceedDlg.cpp	tool-only	none	authoring or maintenance tool outside the game runtime	ZH_LEGACY_EXCLUDED_SOURCE_RECORDS
GeneralsMD/Code/Tools/Babylon/ProceedDlg.h	tool-only	none	authoring or maintenance tool outside the game runtime	ZH_LEGACY_EXCLUDED_SOURCE_RECORDS
GeneralsMD/Code/Tools/Babylon/ReadMe.txt	excluded	none	manifest input is absent from the repository or outside its source boundary	ZH_LEGACY_UNAVAILABLE_SOURCE_RECORDS
GeneralsMD/Code/Tools/Babylon/Report.cpp	tool-only	none	authoring or maintenance tool outside the game runtime	ZH_LEGACY_EXCLUDED_SOURCE_RECORDS
GeneralsMD/Code/Tools/Babylon/Report.h	tool-only	none	authoring or maintenance tool outside the game runtime	ZH_LEGACY_EXCLUDED_SOURCE_RECORDS
GeneralsMD/Code/Tools/Babylon/RetranslateDlg.cpp	tool-only	none	authoring or maintenance tool outside the game runtime	ZH_LEGACY_EXCLUDED_SOURCE_RECORDS
GeneralsMD/Code/Tools/Babylon/RetranslateDlg.h	tool-only	none	authoring or maintenance tool outside the game runtime	ZH_LEGACY_EXCLUDED_SOURCE_RECORDS
GeneralsMD/Code/Tools/Babylon/STRCHECK.EXE	excluded	none	manifest input is absent from the repository or outside its source boundary	ZH_LEGACY_UNAVAILABLE_SOURCE_RECORDS
GeneralsMD/Code/Tools/Babylon/StdAfx.cpp	tool-only	none	authoring or maintenance tool outside the game runtime	ZH_LEGACY_EXCLUDED_SOURCE_RECORDS
GeneralsMD/Code/Tools/Babylon/StdAfx.h	tool-only	none	authoring or maintenance tool outside the game runtime	ZH_LEGACY_EXCLUDED_SOURCE_RECORDS
GeneralsMD/Code/Tools/Babylon/TransDB.cpp	tool-only	none	authoring or maintenance tool outside the game runtime	ZH_LEGACY_EXCLUDED_SOURCE_RECORDS
GeneralsMD/Code/Tools/Babylon/TransDB.h	tool-only	none	authoring or maintenance tool outside the game runtime	ZH_LEGACY_EXCLUDED_SOURCE_RECORDS
GeneralsMD/Code/Tools/Babylon/VIEWDBSII.h	tool-only	none	authoring or maintenance tool outside the game runtime	ZH_LEGACY_EXCLUDED_SOURCE_RECORDS
GeneralsMD/Code/Tools/Babylon/VerifyDlg.cpp	tool-only	none	authoring or maintenance tool outside the game runtime	ZH_LEGACY_EXCLUDED_SOURCE_RECORDS
GeneralsMD/Code/Tools/Babylon/VerifyDlg.h	tool-only	none	authoring or maintenance tool outside the game runtime	ZH_LEGACY_EXCLUDED_SOURCE_RECORDS
GeneralsMD/Code/Tools/Babylon/VerifyTextDlg.cpp	tool-only	none	authoring or maintenance tool outside the game runtime	ZH_LEGACY_EXCLUDED_SOURCE_RECORDS
GeneralsMD/Code/Tools/Babylon/VerifyTextDlg.h	tool-only	none	authoring or maintenance tool outside the game runtime	ZH_LEGACY_EXCLUDED_SOURCE_RECORDS
GeneralsMD/Code/Tools/Babylon/ViewDBsDlg.cpp	tool-only	none	authoring or maintenance tool outside the game runtime	ZH_LEGACY_EXCLUDED_SOURCE_RECORDS
GeneralsMD/Code/Tools/Babylon/XLStuff.cpp	tool-only	none	authoring or maintenance tool outside the game runtime	ZH_LEGACY_EXCLUDED_SOURCE_RECORDS
GeneralsMD/Code/Tools/Babylon/XLStuff.h	tool-only	none	authoring or maintenance tool outside the game runtime	ZH_LEGACY_EXCLUDED_SOURCE_RECORDS
GeneralsMD/Code/Tools/Babylon/bin.cpp	tool-only	none	authoring or maintenance tool outside the game runtime	ZH_LEGACY_EXCLUDED_SOURCE_RECORDS
GeneralsMD/Code/Tools/Babylon/bin.h	tool-only	none	authoring or maintenance tool outside the game runtime	ZH_LEGACY_EXCLUDED_SOURCE_RECORDS
GeneralsMD/Code/Tools/Babylon/excel8.cpp	tool-only	none	authoring or maintenance tool outside the game runtime	ZH_LEGACY_EXCLUDED_SOURCE_RECORDS
GeneralsMD/Code/Tools/Babylon/excel8.h	tool-only	none	authoring or maintenance tool outside the game runtime	ZH_LEGACY_EXCLUDED_SOURCE_RECORDS
GeneralsMD/Code/Tools/Babylon/expimp.cpp	tool-only	none	authoring or maintenance tool outside the game runtime	ZH_LEGACY_EXCLUDED_SOURCE_RECORDS
GeneralsMD/Code/Tools/Babylon/expimp.h	tool-only	none	authoring or maintenance tool outside the game runtime	ZH_LEGACY_EXCLUDED_SOURCE_RECORDS
GeneralsMD/Code/Tools/Babylon/fileops.cpp	tool-only	none	authoring or maintenance tool outside the game runtime	ZH_LEGACY_EXCLUDED_SOURCE_RECORDS
GeneralsMD/Code/Tools/Babylon/fileops.h	tool-only	none	authoring or maintenance tool outside the game runtime	ZH_LEGACY_EXCLUDED_SOURCE_RECORDS
GeneralsMD/Code/Tools/Babylon/iff.cpp	tool-only	none	authoring or maintenance tool outside the game runtime	ZH_LEGACY_EXCLUDED_SOURCE_RECORDS
GeneralsMD/Code/Tools/Babylon/iff.h	tool-only	none	authoring or maintenance tool outside the game runtime	ZH_LEGACY_EXCLUDED_SOURCE_RECORDS
GeneralsMD/Code/Tools/Babylon/list.cpp	tool-only	none	authoring or maintenance tool outside the game runtime	ZH_LEGACY_EXCLUDED_SOURCE_RECORDS
GeneralsMD/Code/Tools/Babylon/list.h	tool-only	none	authoring or maintenance tool outside the game runtime	ZH_LEGACY_EXCLUDED_SOURCE_RECORDS
GeneralsMD/Code/Tools/Babylon/loadsave.cpp	tool-only	none	authoring or maintenance tool outside the game runtime	ZH_LEGACY_EXCLUDED_SOURCE_RECORDS
GeneralsMD/Code/Tools/Babylon/loadsave.h	tool-only	none	authoring or maintenance tool outside the game runtime	ZH_LEGACY_EXCLUDED_SOURCE_RECORDS
GeneralsMD/Code/Tools/Babylon/olestring.cpp	tool-only	none	authoring or maintenance tool outside the game runtime	ZH_LEGACY_EXCLUDED_SOURCE_RECORDS
GeneralsMD/Code/Tools/Babylon/olestring.h	tool-only	none	authoring or maintenance tool outside the game runtime	ZH_LEGACY_EXCLUDED_SOURCE_RECORDS
GeneralsMD/Code/Tools/Babylon/res/Babylon.ico	tool-only	none	authoring or maintenance tool outside the game runtime	ZH_LEGACY_EXCLUDED_SOURCE_RECORDS
GeneralsMD/Code/Tools/Babylon/res/Babylon.rc2	tool-only	none	authoring or maintenance tool outside the game runtime	ZH_LEGACY_EXCLUDED_SOURCE_RECORDS
GeneralsMD/Code/Tools/Babylon/res/bitmap1.bmp	tool-only	none	authoring or maintenance tool outside the game runtime	ZH_LEGACY_EXCLUDED_SOURCE_RECORDS
GeneralsMD/Code/Tools/Babylon/res/pause.bmp	tool-only	none	authoring or maintenance tool outside the game runtime	ZH_LEGACY_EXCLUDED_SOURCE_RECORDS
GeneralsMD/Code/Tools/Babylon/res/paused.bmp	tool-only	none	authoring or maintenance tool outside the game runtime	ZH_LEGACY_EXCLUDED_SOURCE_RECORDS
GeneralsMD/Code/Tools/Babylon/res/playd.bmp	tool-only	none	authoring or maintenance tool outside the game runtime	ZH_LEGACY_EXCLUDED_SOURCE_RECORDS
GeneralsMD/Code/Tools/Babylon/res/playu.bmp	tool-only	none	authoring or maintenance tool outside the game runtime	ZH_LEGACY_EXCLUDED_SOURCE_RECORDS
GeneralsMD/Code/Tools/Babylon/res/stop.bmp	tool-only	none	authoring or maintenance tool outside the game runtime	ZH_LEGACY_EXCLUDED_SOURCE_RECORDS
GeneralsMD/Code/Tools/Babylon/resource.h	tool-only	none	authoring or maintenance tool outside the game runtime	ZH_LEGACY_EXCLUDED_SOURCE_RECORDS
GeneralsMD/Code/Tools/Babylon/transcs.cpp	tool-only	none	authoring or maintenance tool outside the game runtime	ZH_LEGACY_EXCLUDED_SOURCE_RECORDS
GeneralsMD/Code/Tools/Babylon/transcs.h	tool-only	none	authoring or maintenance tool outside the game runtime	ZH_LEGACY_EXCLUDED_SOURCE_RECORDS
GeneralsMD/Code/Tools/CRCDiff/CRCDiff.cpp	tool-only	none	authoring or maintenance tool outside the game runtime	ZH_LEGACY_EXCLUDED_SOURCE_RECORDS
GeneralsMD/Code/Tools/CRCDiff/KVPair.cpp	tool-only	none	authoring or maintenance tool outside the game runtime	ZH_LEGACY_EXCLUDED_SOURCE_RECORDS
GeneralsMD/Code/Tools/CRCDiff/KVPair.h	tool-only	none	authoring or maintenance tool outside the game runtime	ZH_LEGACY_EXCLUDED_SOURCE_RECORDS
GeneralsMD/Code/Tools/CRCDiff/bottom.html	tool-only	none	authoring or maintenance tool outside the game runtime	ZH_LEGACY_EXCLUDED_SOURCE_RECORDS
GeneralsMD/Code/Tools/CRCDiff/debug.cpp	tool-only	none	authoring or maintenance tool outside the game runtime	ZH_LEGACY_EXCLUDED_SOURCE_RECORDS
GeneralsMD/Code/Tools/CRCDiff/debug.h	tool-only	none	authoring or maintenance tool outside the game runtime	ZH_LEGACY_EXCLUDED_SOURCE_RECORDS
GeneralsMD/Code/Tools/CRCDiff/expander.cpp	tool-only	none	authoring or maintenance tool outside the game runtime	ZH_LEGACY_EXCLUDED_SOURCE_RECORDS
GeneralsMD/Code/Tools/CRCDiff/expander.h	tool-only	none	authoring or maintenance tool outside the game runtime	ZH_LEGACY_EXCLUDED_SOURCE_RECORDS
GeneralsMD/Code/Tools/CRCDiff/misc.h	tool-only	none	authoring or maintenance tool outside the game runtime	ZH_LEGACY_EXCLUDED_SOURCE_RECORDS
GeneralsMD/Code/Tools/CRCDiff/out.html	excluded	none	manifest input is absent from the repository or outside its source boundary	ZH_LEGACY_UNAVAILABLE_SOURCE_RECORDS
GeneralsMD/Code/Tools/CRCDiff/row.html	tool-only	none	authoring or maintenance tool outside the game runtime	ZH_LEGACY_EXCLUDED_SOURCE_RECORDS
GeneralsMD/Code/Tools/CRCDiff/style.css	tool-only	none	authoring or maintenance tool outside the game runtime	ZH_LEGACY_EXCLUDED_SOURCE_RECORDS
GeneralsMD/Code/Tools/CRCDiff/top.html	tool-only	none	authoring or maintenance tool outside the game runtime	ZH_LEGACY_EXCLUDED_SOURCE_RECORDS
GeneralsMD/Code/Tools/Compress/Compress.cpp	tool-only	none	authoring or maintenance tool outside the game runtime	ZH_LEGACY_EXCLUDED_SOURCE_RECORDS
GeneralsMD/Code/Tools/DebugWindow/DebugWindow.cpp	tool-only	none	authoring or maintenance tool outside the game runtime	ZH_LEGACY_EXCLUDED_SOURCE_RECORDS
GeneralsMD/Code/Tools/DebugWindow/DebugWindow.def	tool-only	none	authoring or maintenance tool outside the game runtime	ZH_LEGACY_EXCLUDED_SOURCE_RECORDS
GeneralsMD/Code/Tools/DebugWindow/DebugWindow.h	tool-only	none	authoring or maintenance tool outside the game runtime	ZH_LEGACY_EXCLUDED_SOURCE_RECORDS
GeneralsMD/Code/Tools/DebugWindow/DebugWindow.rc	tool-only	none	authoring or maintenance tool outside the game runtime	ZH_LEGACY_EXCLUDED_SOURCE_RECORDS
GeneralsMD/Code/Tools/DebugWindow/DebugWindowDialog.cpp	tool-only	none	authoring or maintenance tool outside the game runtime	ZH_LEGACY_EXCLUDED_SOURCE_RECORDS
GeneralsMD/Code/Tools/DebugWindow/DebugWindowDialog.h	tool-only	none	authoring or maintenance tool outside the game runtime	ZH_LEGACY_EXCLUDED_SOURCE_RECORDS
GeneralsMD/Code/Tools/DebugWindow/DebugWindowExport.h	tool-only	none	authoring or maintenance tool outside the game runtime	ZH_LEGACY_EXCLUDED_SOURCE_RECORDS
GeneralsMD/Code/Tools/DebugWindow/Resource.h	tool-only	none	authoring or maintenance tool outside the game runtime	ZH_LEGACY_EXCLUDED_SOURCE_RECORDS
GeneralsMD/Code/Tools/DebugWindow/StdAfx.cpp	tool-only	none	authoring or maintenance tool outside the game runtime	ZH_LEGACY_EXCLUDED_SOURCE_RECORDS
GeneralsMD/Code/Tools/DebugWindow/StdAfx.h	tool-only	none	authoring or maintenance tool outside the game runtime	ZH_LEGACY_EXCLUDED_SOURCE_RECORDS
GeneralsMD/Code/Tools/DebugWindow/res/DebugWindow.rc2	tool-only	none	authoring or maintenance tool outside the game runtime	ZH_LEGACY_EXCLUDED_SOURCE_RECORDS
GeneralsMD/Code/Tools/GUIEdit/Include/DialogProc.h	tool-only	none	authoring or maintenance tool outside the game runtime	ZH_LEGACY_EXCLUDED_SOURCE_RECORDS
GeneralsMD/Code/Tools/GUIEdit/Include/EditWindow.h	tool-only	none	authoring or maintenance tool outside the game runtime	ZH_LEGACY_EXCLUDED_SOURCE_RECORDS
GeneralsMD/Code/Tools/GUIEdit/Include/GUIEdit.h	tool-only	none	authoring or maintenance tool outside the game runtime	ZH_LEGACY_EXCLUDED_SOURCE_RECORDS
GeneralsMD/Code/Tools/GUIEdit/Include/GUIEditColor.h	tool-only	none	authoring or maintenance tool outside the game runtime	ZH_LEGACY_EXCLUDED_SOURCE_RECORDS
GeneralsMD/Code/Tools/GUIEdit/Include/GUIEditDisplay.h	tool-only	none	authoring or maintenance tool outside the game runtime	ZH_LEGACY_EXCLUDED_SOURCE_RECORDS
GeneralsMD/Code/Tools/GUIEdit/Include/GUIEditWindowManager.h	tool-only	none	authoring or maintenance tool outside the game runtime	ZH_LEGACY_EXCLUDED_SOURCE_RECORDS
GeneralsMD/Code/Tools/GUIEdit/Include/HierarchyView.h	tool-only	none	authoring or maintenance tool outside the game runtime	ZH_LEGACY_EXCLUDED_SOURCE_RECORDS
GeneralsMD/Code/Tools/GUIEdit/Include/LayoutScheme.h	tool-only	none	authoring or maintenance tool outside the game runtime	ZH_LEGACY_EXCLUDED_SOURCE_RECORDS
GeneralsMD/Code/Tools/GUIEdit/Include/Properties.h	tool-only	none	authoring or maintenance tool outside the game runtime	ZH_LEGACY_EXCLUDED_SOURCE_RECORDS
GeneralsMD/Code/Tools/GUIEdit/Include/WinMain.h	tool-only	none	authoring or maintenance tool outside the game runtime	ZH_LEGACY_EXCLUDED_SOURCE_RECORDS
GeneralsMD/Code/Tools/GUIEdit/Resource/GUIEdit.ico	tool-only	none	authoring or maintenance tool outside the game runtime	ZH_LEGACY_EXCLUDED_SOURCE_RECORDS
GeneralsMD/Code/Tools/GUIEdit/Resource/GUIEdit.rc	tool-only	none	authoring or maintenance tool outside the game runtime	ZH_LEGACY_EXCLUDED_SOURCE_RECORDS
GeneralsMD/Code/Tools/GUIEdit/Resource/cursor1.cur	excluded	none	manifest input is absent from the repository or outside its source boundary	ZH_LEGACY_UNAVAILABLE_SOURCE_RECORDS
GeneralsMD/Code/Tools/GUIEdit/Resource/icon1.ico	excluded	none	manifest input is absent from the repository or outside its source boundary	ZH_LEGACY_UNAVAILABLE_SOURCE_RECORDS
GeneralsMD/Code/Tools/GUIEdit/Resource/resource.h	tool-only	none	authoring or maintenance tool outside the game runtime	ZH_LEGACY_EXCLUDED_SOURCE_RECORDS
GeneralsMD/Code/Tools/GUIEdit/Resource/small.ico	tool-only	none	authoring or maintenance tool outside the game runtime	ZH_LEGACY_EXCLUDED_SOURCE_RECORDS
GeneralsMD/Code/Tools/GUIEdit/Source/Dialog Procedures/CallbackEditor.cpp	tool-only	none	authoring or maintenance tool outside the game runtime	ZH_LEGACY_EXCLUDED_SOURCE_RECORDS
GeneralsMD/Code/Tools/GUIEdit/Source/Dialog Procedures/CheckBoxProperties.cpp	tool-only	none	authoring or maintenance tool outside the game runtime	ZH_LEGACY_EXCLUDED_SOURCE_RECORDS
GeneralsMD/Code/Tools/GUIEdit/Source/Dialog Procedures/ColorDialog.cpp	tool-only	none	authoring or maintenance tool outside the game runtime	ZH_LEGACY_EXCLUDED_SOURCE_RECORDS
GeneralsMD/Code/Tools/GUIEdit/Source/Dialog Procedures/ComboBoxProperties.cpp	tool-only	none	authoring or maintenance tool outside the game runtime	ZH_LEGACY_EXCLUDED_SOURCE_RECORDS
GeneralsMD/Code/Tools/GUIEdit/Source/Dialog Procedures/GenericProperties.cpp	tool-only	none	authoring or maintenance tool outside the game runtime	ZH_LEGACY_EXCLUDED_SOURCE_RECORDS
GeneralsMD/Code/Tools/GUIEdit/Source/Dialog Procedures/GridSettings.cpp	tool-only	none	authoring or maintenance tool outside the game runtime	ZH_LEGACY_EXCLUDED_SOURCE_RECORDS
GeneralsMD/Code/Tools/GUIEdit/Source/Dialog Procedures/ListboxProperties.cpp	tool-only	none	authoring or maintenance tool outside the game runtime	ZH_LEGACY_EXCLUDED_SOURCE_RECORDS
GeneralsMD/Code/Tools/GUIEdit/Source/Dialog Procedures/NewLayoutDialog.cpp	tool-only	none	authoring or maintenance tool outside the game runtime	ZH_LEGACY_EXCLUDED_SOURCE_RECORDS
GeneralsMD/Code/Tools/GUIEdit/Source/Dialog Procedures/ProgressBarProperties.cpp	tool-only	none	authoring or maintenance tool outside the game runtime	ZH_LEGACY_EXCLUDED_SOURCE_RECORDS
GeneralsMD/Code/Tools/GUIEdit/Source/Dialog Procedures/PushButtonProperties.cpp	tool-only	none	authoring or maintenance tool outside the game runtime	ZH_LEGACY_EXCLUDED_SOURCE_RECORDS
GeneralsMD/Code/Tools/GUIEdit/Source/Dialog Procedures/RadioButtonProperties.cpp	tool-only	none	authoring or maintenance tool outside the game runtime	ZH_LEGACY_EXCLUDED_SOURCE_RECORDS
GeneralsMD/Code/Tools/GUIEdit/Source/Dialog Procedures/SliderProperties.cpp	tool-only	none	authoring or maintenance tool outside the game runtime	ZH_LEGACY_EXCLUDED_SOURCE_RECORDS
GeneralsMD/Code/Tools/GUIEdit/Source/Dialog Procedures/StaticTextProperties.cpp	tool-only	none	authoring or maintenance tool outside the game runtime	ZH_LEGACY_EXCLUDED_SOURCE_RECORDS
GeneralsMD/Code/Tools/GUIEdit/Source/Dialog Procedures/TabControlProperties.cpp	tool-only	none	authoring or maintenance tool outside the game runtime	ZH_LEGACY_EXCLUDED_SOURCE_RECORDS
GeneralsMD/Code/Tools/GUIEdit/Source/Dialog Procedures/TextEntryProperties.cpp	tool-only	none	authoring or maintenance tool outside the game runtime	ZH_LEGACY_EXCLUDED_SOURCE_RECORDS
GeneralsMD/Code/Tools/GUIEdit/Source/EditWindow.cpp	tool-only	none	authoring or maintenance tool outside the game runtime	ZH_LEGACY_EXCLUDED_SOURCE_RECORDS
GeneralsMD/Code/Tools/GUIEdit/Source/GUIEdit.cpp	tool-only	none	authoring or maintenance tool outside the game runtime	ZH_LEGACY_EXCLUDED_SOURCE_RECORDS
GeneralsMD/Code/Tools/GUIEdit/Source/GUIEditDisplay.cpp	tool-only	none	authoring or maintenance tool outside the game runtime	ZH_LEGACY_EXCLUDED_SOURCE_RECORDS
GeneralsMD/Code/Tools/GUIEdit/Source/GUIEditWindowManager.cpp	tool-only	none	authoring or maintenance tool outside the game runtime	ZH_LEGACY_EXCLUDED_SOURCE_RECORDS
GeneralsMD/Code/Tools/GUIEdit/Source/HierarchyView.cpp	tool-only	none	authoring or maintenance tool outside the game runtime	ZH_LEGACY_EXCLUDED_SOURCE_RECORDS
GeneralsMD/Code/Tools/GUIEdit/Source/LayoutScheme.cpp	tool-only	none	authoring or maintenance tool outside the game runtime	ZH_LEGACY_EXCLUDED_SOURCE_RECORDS
GeneralsMD/Code/Tools/GUIEdit/Source/Properties.cpp	tool-only	none	authoring or maintenance tool outside the game runtime	ZH_LEGACY_EXCLUDED_SOURCE_RECORDS
GeneralsMD/Code/Tools/GUIEdit/Source/Save.cpp	tool-only	none	authoring or maintenance tool outside the game runtime	ZH_LEGACY_EXCLUDED_SOURCE_RECORDS
GeneralsMD/Code/Tools/GUIEdit/Source/WinMain.cpp	tool-only	none	authoring or maintenance tool outside the game runtime	ZH_LEGACY_EXCLUDED_SOURCE_RECORDS
GeneralsMD/Code/Tools/ImagePacker/Include/ImageDirectory.h	tool-only	none	authoring or maintenance tool outside the game runtime	ZH_LEGACY_EXCLUDED_SOURCE_RECORDS
GeneralsMD/Code/Tools/ImagePacker/Include/ImageInfo.h	tool-only	none	authoring or maintenance tool outside the game runtime	ZH_LEGACY_EXCLUDED_SOURCE_RECORDS
GeneralsMD/Code/Tools/ImagePacker/Include/ImagePacker.h	tool-only	none	authoring or maintenance tool outside the game runtime	ZH_LEGACY_EXCLUDED_SOURCE_RECORDS
GeneralsMD/Code/Tools/ImagePacker/Include/TexturePage.h	tool-only	none	authoring or maintenance tool outside the game runtime	ZH_LEGACY_EXCLUDED_SOURCE_RECORDS
GeneralsMD/Code/Tools/ImagePacker/Include/WinMain.h	tool-only	none	authoring or maintenance tool outside the game runtime	ZH_LEGACY_EXCLUDED_SOURCE_RECORDS
GeneralsMD/Code/Tools/ImagePacker/Include/WindowProc.h	tool-only	none	authoring or maintenance tool outside the game runtime	ZH_LEGACY_EXCLUDED_SOURCE_RECORDS
GeneralsMD/Code/Tools/ImagePacker/Resource/ImagePacker.rc	tool-only	none	authoring or maintenance tool outside the game runtime	ZH_LEGACY_EXCLUDED_SOURCE_RECORDS
GeneralsMD/Code/Tools/ImagePacker/Resource/Resource.h	tool-only	none	authoring or maintenance tool outside the game runtime	ZH_LEGACY_EXCLUDED_SOURCE_RECORDS
GeneralsMD/Code/Tools/ImagePacker/Source/ImageInfo.cpp	tool-only	none	authoring or maintenance tool outside the game runtime	ZH_LEGACY_EXCLUDED_SOURCE_RECORDS
GeneralsMD/Code/Tools/ImagePacker/Source/ImagePacker.cpp	tool-only	none	authoring or maintenance tool outside the game runtime	ZH_LEGACY_EXCLUDED_SOURCE_RECORDS
GeneralsMD/Code/Tools/ImagePacker/Source/TexturePage.cpp	tool-only	none	authoring or maintenance tool outside the game runtime	ZH_LEGACY_EXCLUDED_SOURCE_RECORDS
GeneralsMD/Code/Tools/ImagePacker/Source/WinMain.cpp	tool-only	none	authoring or maintenance tool outside the game runtime	ZH_LEGACY_EXCLUDED_SOURCE_RECORDS
GeneralsMD/Code/Tools/ImagePacker/Source/Window Procedures/DirectorySelect.cpp	tool-only	none	authoring or maintenance tool outside the game runtime	ZH_LEGACY_EXCLUDED_SOURCE_RECORDS
GeneralsMD/Code/Tools/ImagePacker/Source/Window Procedures/ImageErrorProc.cpp	tool-only	none	authoring or maintenance tool outside the game runtime	ZH_LEGACY_EXCLUDED_SOURCE_RECORDS
GeneralsMD/Code/Tools/ImagePacker/Source/Window Procedures/ImagePackerProc.cpp	tool-only	none	authoring or maintenance tool outside the game runtime	ZH_LEGACY_EXCLUDED_SOURCE_RECORDS
GeneralsMD/Code/Tools/ImagePacker/Source/Window Procedures/PageErrorProc.cpp	tool-only	none	authoring or maintenance tool outside the game runtime	ZH_LEGACY_EXCLUDED_SOURCE_RECORDS
GeneralsMD/Code/Tools/ImagePacker/Source/Window Procedures/PreviewProc.cpp	tool-only	none	authoring or maintenance tool outside the game runtime	ZH_LEGACY_EXCLUDED_SOURCE_RECORDS
GeneralsMD/Code/Tools/Launcher/BFISH.CPP	tool-only	none	authoring or maintenance tool outside the game runtime	ZH_LEGACY_EXCLUDED_SOURCE_RECORDS
GeneralsMD/Code/Tools/Launcher/BFISH.H	tool-only	none	authoring or maintenance tool outside the game runtime	ZH_LEGACY_EXCLUDED_SOURCE_RECORDS
GeneralsMD/Code/Tools/Launcher/DatGen/DatGen.cpp	tool-only	none	authoring or maintenance tool outside the game runtime	ZH_LEGACY_EXCLUDED_SOURCE_RECORDS
GeneralsMD/Code/Tools/Launcher/Generals.ico	tool-only	none	authoring or maintenance tool outside the game runtime	ZH_LEGACY_EXCLUDED_SOURCE_RECORDS
GeneralsMD/Code/Tools/Launcher/Protect.cpp	tool-only	none	authoring or maintenance tool outside the game runtime	ZH_LEGACY_EXCLUDED_SOURCE_RECORDS
GeneralsMD/Code/Tools/Launcher/Protect.h	tool-only	none	authoring or maintenance tool outside the game runtime	ZH_LEGACY_EXCLUDED_SOURCE_RECORDS
GeneralsMD/Code/Tools/Launcher/SafeDisk/CdaPfn.h	excluded	none	manifest input is absent from the repository or outside its source boundary	ZH_LEGACY_UNAVAILABLE_SOURCE_RECORDS
GeneralsMD/Code/Tools/Launcher/Toolkit/Debug/DebugPrint.cpp	tool-only	none	authoring or maintenance tool outside the game runtime	ZH_LEGACY_EXCLUDED_SOURCE_RECORDS
GeneralsMD/Code/Tools/Launcher/Toolkit/Debug/DebugPrint.h	tool-only	none	authoring or maintenance tool outside the game runtime	ZH_LEGACY_EXCLUDED_SOURCE_RECORDS
GeneralsMD/Code/Tools/Launcher/Toolkit/Storage/File.cpp	tool-only	none	authoring or maintenance tool outside the game runtime	ZH_LEGACY_EXCLUDED_SOURCE_RECORDS
GeneralsMD/Code/Tools/Launcher/Toolkit/Storage/File.h	tool-only	none	authoring or maintenance tool outside the game runtime	ZH_LEGACY_EXCLUDED_SOURCE_RECORDS
GeneralsMD/Code/Tools/Launcher/Toolkit/Storage/Rights.h	tool-only	none	authoring or maintenance tool outside the game runtime	ZH_LEGACY_EXCLUDED_SOURCE_RECORDS
GeneralsMD/Code/Tools/Launcher/Toolkit/Storage/Stream.h	tool-only	none	authoring or maintenance tool outside the game runtime	ZH_LEGACY_EXCLUDED_SOURCE_RECORDS
GeneralsMD/Code/Tools/Launcher/Toolkit/Support/RefCounted.h	tool-only	none	authoring or maintenance tool outside the game runtime	ZH_LEGACY_EXCLUDED_SOURCE_RECORDS
GeneralsMD/Code/Tools/Launcher/Toolkit/Support/RefPtr.h	tool-only	none	authoring or maintenance tool outside the game runtime	ZH_LEGACY_EXCLUDED_SOURCE_RECORDS
GeneralsMD/Code/Tools/Launcher/Toolkit/Support/StringConvert.cpp	tool-only	none	authoring or maintenance tool outside the game runtime	ZH_LEGACY_EXCLUDED_SOURCE_RECORDS
GeneralsMD/Code/Tools/Launcher/Toolkit/Support/StringConvert.h	tool-only	none	authoring or maintenance tool outside the game runtime	ZH_LEGACY_EXCLUDED_SOURCE_RECORDS
GeneralsMD/Code/Tools/Launcher/Toolkit/Support/UString.cpp	tool-only	none	authoring or maintenance tool outside the game runtime	ZH_LEGACY_EXCLUDED_SOURCE_RECORDS
GeneralsMD/Code/Tools/Launcher/Toolkit/Support/UString.h	tool-only	none	authoring or maintenance tool outside the game runtime	ZH_LEGACY_EXCLUDED_SOURCE_RECORDS
GeneralsMD/Code/Tools/Launcher/Toolkit/Support/UTypes.h	tool-only	none	authoring or maintenance tool outside the game runtime	ZH_LEGACY_EXCLUDED_SOURCE_RECORDS
GeneralsMD/Code/Tools/Launcher/Toolkit/Support/Visualc.h	tool-only	none	authoring or maintenance tool outside the game runtime	ZH_LEGACY_EXCLUDED_SOURCE_RECORDS
GeneralsMD/Code/Tools/Launcher/configfile.cpp	tool-only	none	authoring or maintenance tool outside the game runtime	ZH_LEGACY_EXCLUDED_SOURCE_RECORDS
GeneralsMD/Code/Tools/Launcher/configfile.h	tool-only	none	authoring or maintenance tool outside the game runtime	ZH_LEGACY_EXCLUDED_SOURCE_RECORDS
GeneralsMD/Code/Tools/Launcher/dialog.cpp	tool-only	none	authoring or maintenance tool outside the game runtime	ZH_LEGACY_EXCLUDED_SOURCE_RECORDS
GeneralsMD/Code/Tools/Launcher/dialog.h	tool-only	none	authoring or maintenance tool outside the game runtime	ZH_LEGACY_EXCLUDED_SOURCE_RECORDS
GeneralsMD/Code/Tools/Launcher/dictionary.h	tool-only	none	authoring or maintenance tool outside the game runtime	ZH_LEGACY_EXCLUDED_SOURCE_RECORDS
GeneralsMD/Code/Tools/Launcher/filed.h	tool-only	none	authoring or maintenance tool outside the game runtime	ZH_LEGACY_EXCLUDED_SOURCE_RECORDS
GeneralsMD/Code/Tools/Launcher/findpatch.cpp	tool-only	none	authoring or maintenance tool outside the game runtime	ZH_LEGACY_EXCLUDED_SOURCE_RECORDS
GeneralsMD/Code/Tools/Launcher/findpatch.h	tool-only	none	authoring or maintenance tool outside the game runtime	ZH_LEGACY_EXCLUDED_SOURCE_RECORDS
GeneralsMD/Code/Tools/Launcher/launcher1.rc	tool-only	none	authoring or maintenance tool outside the game runtime	ZH_LEGACY_EXCLUDED_SOURCE_RECORDS
GeneralsMD/Code/Tools/Launcher/loadbmp.cpp	tool-only	none	authoring or maintenance tool outside the game runtime	ZH_LEGACY_EXCLUDED_SOURCE_RECORDS
GeneralsMD/Code/Tools/Launcher/loadbmp.h	tool-only	none	authoring or maintenance tool outside the game runtime	ZH_LEGACY_EXCLUDED_SOURCE_RECORDS
GeneralsMD/Code/Tools/Launcher/main.cpp	tool-only	none	authoring or maintenance tool outside the game runtime	ZH_LEGACY_EXCLUDED_SOURCE_RECORDS
GeneralsMD/Code/Tools/Launcher/monod.cpp	tool-only	none	authoring or maintenance tool outside the game runtime	ZH_LEGACY_EXCLUDED_SOURCE_RECORDS
GeneralsMD/Code/Tools/Launcher/monod.h	tool-only	none	authoring or maintenance tool outside the game runtime	ZH_LEGACY_EXCLUDED_SOURCE_RECORDS
GeneralsMD/Code/Tools/Launcher/odevice.h	tool-only	none	authoring or maintenance tool outside the game runtime	ZH_LEGACY_EXCLUDED_SOURCE_RECORDS
GeneralsMD/Code/Tools/Launcher/patch.cpp	tool-only	none	authoring or maintenance tool outside the game runtime	ZH_LEGACY_EXCLUDED_SOURCE_RECORDS
GeneralsMD/Code/Tools/Launcher/patch.h	tool-only	none	authoring or maintenance tool outside the game runtime	ZH_LEGACY_EXCLUDED_SOURCE_RECORDS
GeneralsMD/Code/Tools/Launcher/process.cpp	tool-only	none	authoring or maintenance tool outside the game runtime	ZH_LEGACY_EXCLUDED_SOURCE_RECORDS
GeneralsMD/Code/Tools/Launcher/process.h	tool-only	none	authoring or maintenance tool outside the game runtime	ZH_LEGACY_EXCLUDED_SOURCE_RECORDS
GeneralsMD/Code/Tools/Launcher/resource.h	tool-only	none	authoring or maintenance tool outside the game runtime	ZH_LEGACY_EXCLUDED_SOURCE_RECORDS
GeneralsMD/Code/Tools/Launcher/streamer.cpp	tool-only	none	authoring or maintenance tool outside the game runtime	ZH_LEGACY_EXCLUDED_SOURCE_RECORDS
GeneralsMD/Code/Tools/Launcher/streamer.h	tool-only	none	authoring or maintenance tool outside the game runtime	ZH_LEGACY_EXCLUDED_SOURCE_RECORDS
GeneralsMD/Code/Tools/Launcher/wdebug.cpp	tool-only	none	authoring or maintenance tool outside the game runtime	ZH_LEGACY_EXCLUDED_SOURCE_RECORDS
GeneralsMD/Code/Tools/Launcher/wdebug.h	tool-only	none	authoring or maintenance tool outside the game runtime	ZH_LEGACY_EXCLUDED_SOURCE_RECORDS
GeneralsMD/Code/Tools/Launcher/winblows.cpp	tool-only	none	authoring or maintenance tool outside the game runtime	ZH_LEGACY_EXCLUDED_SOURCE_RECORDS
GeneralsMD/Code/Tools/Launcher/winblows.h	tool-only	none	authoring or maintenance tool outside the game runtime	ZH_LEGACY_EXCLUDED_SOURCE_RECORDS
GeneralsMD/Code/Tools/Launcher/wstring.cpp	tool-only	none	authoring or maintenance tool outside the game runtime	ZH_LEGACY_EXCLUDED_SOURCE_RECORDS
GeneralsMD/Code/Tools/Launcher/wstring.h	tool-only	none	authoring or maintenance tool outside the game runtime	ZH_LEGACY_EXCLUDED_SOURCE_RECORDS
GeneralsMD/Code/Tools/Launcher/wstypes.h	tool-only	none	authoring or maintenance tool outside the game runtime	ZH_LEGACY_EXCLUDED_SOURCE_RECORDS
GeneralsMD/Code/Tools/MapCacheBuilder/Resource/MapCacheBuilder.rc	tool-only	none	authoring or maintenance tool outside the game runtime	ZH_LEGACY_EXCLUDED_SOURCE_RECORDS
GeneralsMD/Code/Tools/MapCacheBuilder/Resource/Resource.h	tool-only	none	authoring or maintenance tool outside the game runtime	ZH_LEGACY_EXCLUDED_SOURCE_RECORDS
GeneralsMD/Code/Tools/MapCacheBuilder/Source/WinMain.cpp	tool-only	none	authoring or maintenance tool outside the game runtime	ZH_LEGACY_EXCLUDED_SOURCE_RECORDS
GeneralsMD/Code/Tools/PATCHGET/CHATAPI.CPP	tool-only	none	authoring or maintenance tool outside the game runtime	ZH_LEGACY_EXCLUDED_SOURCE_RECORDS
GeneralsMD/Code/Tools/PATCHGET/CHATAPI.H	tool-only	none	authoring or maintenance tool outside the game runtime	ZH_LEGACY_EXCLUDED_SOURCE_RECORDS
GeneralsMD/Code/Tools/PATCHGET/COMINIT.CPP	tool-only	none	authoring or maintenance tool outside the game runtime	ZH_LEGACY_EXCLUDED_SOURCE_RECORDS
GeneralsMD/Code/Tools/PATCHGET/COMINIT.H	tool-only	none	authoring or maintenance tool outside the game runtime	ZH_LEGACY_EXCLUDED_SOURCE_RECORDS
GeneralsMD/Code/Tools/PATCHGET/DownloadManager.cpp	tool-only	none	authoring or maintenance tool outside the game runtime	ZH_LEGACY_EXCLUDED_SOURCE_RECORDS
GeneralsMD/Code/Tools/PATCHGET/DownloadManager.h	tool-only	none	authoring or maintenance tool outside the game runtime	ZH_LEGACY_EXCLUDED_SOURCE_RECORDS
GeneralsMD/Code/Tools/PATCHGET/Generals.ico	tool-only	none	authoring or maintenance tool outside the game runtime	ZH_LEGACY_EXCLUDED_SOURCE_RECORDS
GeneralsMD/Code/Tools/PATCHGET/GeneralsEnglish.BMP	excluded	none	manifest input is absent from the repository or outside its source boundary	ZH_LEGACY_UNAVAILABLE_SOURCE_RECORDS
GeneralsMD/Code/Tools/PATCHGET/GeneralsFrench.BMP	excluded	none	manifest input is absent from the repository or outside its source boundary	ZH_LEGACY_UNAVAILABLE_SOURCE_RECORDS
GeneralsMD/Code/Tools/PATCHGET/GeneralsGerman.BMP	excluded	none	manifest input is absent from the repository or outside its source boundary	ZH_LEGACY_UNAVAILABLE_SOURCE_RECORDS
GeneralsMD/Code/Tools/PATCHGET/PROCESS.CPP	tool-only	none	authoring or maintenance tool outside the game runtime	ZH_LEGACY_EXCLUDED_SOURCE_RECORDS
GeneralsMD/Code/Tools/PATCHGET/PROCESS.H	tool-only	none	authoring or maintenance tool outside the game runtime	ZH_LEGACY_EXCLUDED_SOURCE_RECORDS
GeneralsMD/Code/Tools/PATCHGET/RESOURCE.H	tool-only	none	authoring or maintenance tool outside the game runtime	ZH_LEGACY_EXCLUDED_SOURCE_RECORDS
GeneralsMD/Code/Tools/PATCHGET/SCRIPT1.RC	tool-only	none	authoring or maintenance tool outside the game runtime	ZH_LEGACY_EXCLUDED_SOURCE_RECORDS
GeneralsMD/Code/Tools/PATCHGET/WINBLOWS.CPP	tool-only	none	authoring or maintenance tool outside the game runtime	ZH_LEGACY_EXCLUDED_SOURCE_RECORDS
GeneralsMD/Code/Tools/PATCHGET/WINBLOWS.H	tool-only	none	authoring or maintenance tool outside the game runtime	ZH_LEGACY_EXCLUDED_SOURCE_RECORDS
GeneralsMD/Code/Tools/PATCHGET/WSTYPES.H	tool-only	none	authoring or maintenance tool outside the game runtime	ZH_LEGACY_EXCLUDED_SOURCE_RECORDS
GeneralsMD/Code/Tools/PATCHGET/debug.cpp	tool-only	none	authoring or maintenance tool outside the game runtime	ZH_LEGACY_EXCLUDED_SOURCE_RECORDS
GeneralsMD/Code/Tools/PATCHGET/debug.h	tool-only	none	authoring or maintenance tool outside the game runtime	ZH_LEGACY_EXCLUDED_SOURCE_RECORDS
GeneralsMD/Code/Tools/ParticleEditor/CButtonShowColor.cpp	tool-only	none	authoring or maintenance tool outside the game runtime	ZH_LEGACY_EXCLUDED_SOURCE_RECORDS
GeneralsMD/Code/Tools/ParticleEditor/CButtonShowColor.h	tool-only	none	authoring or maintenance tool outside the game runtime	ZH_LEGACY_EXCLUDED_SOURCE_RECORDS
GeneralsMD/Code/Tools/ParticleEditor/CColorAlphaDialog.cpp	tool-only	none	authoring or maintenance tool outside the game runtime	ZH_LEGACY_EXCLUDED_SOURCE_RECORDS
GeneralsMD/Code/Tools/ParticleEditor/CColorAlphaDialog.h	tool-only	none	authoring or maintenance tool outside the game runtime	ZH_LEGACY_EXCLUDED_SOURCE_RECORDS
GeneralsMD/Code/Tools/ParticleEditor/CSwitchesDialog.cpp	tool-only	none	authoring or maintenance tool outside the game runtime	ZH_LEGACY_EXCLUDED_SOURCE_RECORDS
GeneralsMD/Code/Tools/ParticleEditor/CSwitchesDialog.h	tool-only	none	authoring or maintenance tool outside the game runtime	ZH_LEGACY_EXCLUDED_SOURCE_RECORDS
GeneralsMD/Code/Tools/ParticleEditor/EmissionTypePanels.cpp	tool-only	none	authoring or maintenance tool outside the game runtime	ZH_LEGACY_EXCLUDED_SOURCE_RECORDS
GeneralsMD/Code/Tools/ParticleEditor/EmissionTypePanels.h	tool-only	none	authoring or maintenance tool outside the game runtime	ZH_LEGACY_EXCLUDED_SOURCE_RECORDS
GeneralsMD/Code/Tools/ParticleEditor/ISwapablePanel.h	tool-only	none	authoring or maintenance tool outside the game runtime	ZH_LEGACY_EXCLUDED_SOURCE_RECORDS
GeneralsMD/Code/Tools/ParticleEditor/MoreParmsDialog.cpp	tool-only	none	authoring or maintenance tool outside the game runtime	ZH_LEGACY_EXCLUDED_SOURCE_RECORDS
GeneralsMD/Code/Tools/ParticleEditor/MoreParmsDialog.h	tool-only	none	authoring or maintenance tool outside the game runtime	ZH_LEGACY_EXCLUDED_SOURCE_RECORDS
GeneralsMD/Code/Tools/ParticleEditor/ParticleEditor.cpp	tool-only	none	authoring or maintenance tool outside the game runtime	ZH_LEGACY_EXCLUDED_SOURCE_RECORDS
GeneralsMD/Code/Tools/ParticleEditor/ParticleEditor.def	tool-only	none	authoring or maintenance tool outside the game runtime	ZH_LEGACY_EXCLUDED_SOURCE_RECORDS
GeneralsMD/Code/Tools/ParticleEditor/ParticleEditor.h	tool-only	none	authoring or maintenance tool outside the game runtime	ZH_LEGACY_EXCLUDED_SOURCE_RECORDS
GeneralsMD/Code/Tools/ParticleEditor/ParticleEditor.rc	tool-only	none	authoring or maintenance tool outside the game runtime	ZH_LEGACY_EXCLUDED_SOURCE_RECORDS
GeneralsMD/Code/Tools/ParticleEditor/ParticleEditorDialog.cpp	tool-only	none	authoring or maintenance tool outside the game runtime	ZH_LEGACY_EXCLUDED_SOURCE_RECORDS
GeneralsMD/Code/Tools/ParticleEditor/ParticleEditorDialog.h	tool-only	none	authoring or maintenance tool outside the game runtime	ZH_LEGACY_EXCLUDED_SOURCE_RECORDS
GeneralsMD/Code/Tools/ParticleEditor/ParticleEditorExport.h	tool-only	none	authoring or maintenance tool outside the game runtime	ZH_LEGACY_EXCLUDED_SOURCE_RECORDS
GeneralsMD/Code/Tools/ParticleEditor/ParticleTypePanels.cpp	tool-only	none	authoring or maintenance tool outside the game runtime	ZH_LEGACY_EXCLUDED_SOURCE_RECORDS
GeneralsMD/Code/Tools/ParticleEditor/ParticleTypePanels.h	tool-only	none	authoring or maintenance tool outside the game runtime	ZH_LEGACY_EXCLUDED_SOURCE_RECORDS
GeneralsMD/Code/Tools/ParticleEditor/Resource.h	tool-only	none	authoring or maintenance tool outside the game runtime	ZH_LEGACY_EXCLUDED_SOURCE_RECORDS
GeneralsMD/Code/Tools/ParticleEditor/ShaderTypePanels.cpp	tool-only	none	authoring or maintenance tool outside the game runtime	ZH_LEGACY_EXCLUDED_SOURCE_RECORDS
GeneralsMD/Code/Tools/ParticleEditor/ShaderTypePanels.h	tool-only	none	authoring or maintenance tool outside the game runtime	ZH_LEGACY_EXCLUDED_SOURCE_RECORDS
GeneralsMD/Code/Tools/ParticleEditor/StdAfx.cpp	tool-only	none	authoring or maintenance tool outside the game runtime	ZH_LEGACY_EXCLUDED_SOURCE_RECORDS
GeneralsMD/Code/Tools/ParticleEditor/StdAfx.h	tool-only	none	authoring or maintenance tool outside the game runtime	ZH_LEGACY_EXCLUDED_SOURCE_RECORDS
GeneralsMD/Code/Tools/ParticleEditor/VelocityTypePanels.cpp	tool-only	none	authoring or maintenance tool outside the game runtime	ZH_LEGACY_EXCLUDED_SOURCE_RECORDS
GeneralsMD/Code/Tools/ParticleEditor/VelocityTypePanels.h	tool-only	none	authoring or maintenance tool outside the game runtime	ZH_LEGACY_EXCLUDED_SOURCE_RECORDS
GeneralsMD/Code/Tools/ParticleEditor/res/ParticleEditor.rc2	tool-only	none	authoring or maintenance tool outside the game runtime	ZH_LEGACY_EXCLUDED_SOURCE_RECORDS
GeneralsMD/Code/Tools/WW3D/max2w3d/AlphaModifier.cpp	tool-only	none	authoring or maintenance tool outside the game runtime	ZH_LEGACY_EXCLUDED_SOURCE_RECORDS
GeneralsMD/Code/Tools/WW3D/max2w3d/AlphaModifier.h	tool-only	none	authoring or maintenance tool outside the game runtime	ZH_LEGACY_EXCLUDED_SOURCE_RECORDS
GeneralsMD/Code/Tools/WW3D/max2w3d/AppData.cpp	tool-only	none	authoring or maintenance tool outside the game runtime	ZH_LEGACY_EXCLUDED_SOURCE_RECORDS
GeneralsMD/Code/Tools/WW3D/max2w3d/Export.ms	excluded	none	manifest input is absent from the repository or outside its source boundary	ZH_LEGACY_UNAVAILABLE_SOURCE_RECORDS
GeneralsMD/Code/Tools/WW3D/max2w3d/ExportAll.cpp	tool-only	none	authoring or maintenance tool outside the game runtime	ZH_LEGACY_EXCLUDED_SOURCE_RECORDS
GeneralsMD/Code/Tools/WW3D/max2w3d/ExportAllDlg.cpp	tool-only	none	authoring or maintenance tool outside the game runtime	ZH_LEGACY_EXCLUDED_SOURCE_RECORDS
GeneralsMD/Code/Tools/WW3D/max2w3d/ExportAllDlg.h	tool-only	none	authoring or maintenance tool outside the game runtime	ZH_LEGACY_EXCLUDED_SOURCE_RECORDS
GeneralsMD/Code/Tools/WW3D/max2w3d/FormClass.cpp	tool-only	none	authoring or maintenance tool outside the game runtime	ZH_LEGACY_EXCLUDED_SOURCE_RECORDS
GeneralsMD/Code/Tools/WW3D/max2w3d/FormClass.h	tool-only	none	authoring or maintenance tool outside the game runtime	ZH_LEGACY_EXCLUDED_SOURCE_RECORDS
GeneralsMD/Code/Tools/WW3D/max2w3d/GameMtl.cpp	tool-only	none	authoring or maintenance tool outside the game runtime	ZH_LEGACY_EXCLUDED_SOURCE_RECORDS
GeneralsMD/Code/Tools/WW3D/max2w3d/GameMtlDlg.cpp	tool-only	none	authoring or maintenance tool outside the game runtime	ZH_LEGACY_EXCLUDED_SOURCE_RECORDS
GeneralsMD/Code/Tools/WW3D/max2w3d/GameMtlDlg.h	tool-only	none	authoring or maintenance tool outside the game runtime	ZH_LEGACY_EXCLUDED_SOURCE_RECORDS
GeneralsMD/Code/Tools/WW3D/max2w3d/GameMtlForm.cpp	tool-only	none	authoring or maintenance tool outside the game runtime	ZH_LEGACY_EXCLUDED_SOURCE_RECORDS
GeneralsMD/Code/Tools/WW3D/max2w3d/GameMtlForm.h	tool-only	none	authoring or maintenance tool outside the game runtime	ZH_LEGACY_EXCLUDED_SOURCE_RECORDS
GeneralsMD/Code/Tools/WW3D/max2w3d/GameMtlPassDlg.cpp	tool-only	none	authoring or maintenance tool outside the game runtime	ZH_LEGACY_EXCLUDED_SOURCE_RECORDS
GeneralsMD/Code/Tools/WW3D/max2w3d/GameMtlPassDlg.h	tool-only	none	authoring or maintenance tool outside the game runtime	ZH_LEGACY_EXCLUDED_SOURCE_RECORDS
GeneralsMD/Code/Tools/WW3D/max2w3d/GameMtlShaderDlg.cpp	tool-only	none	authoring or maintenance tool outside the game runtime	ZH_LEGACY_EXCLUDED_SOURCE_RECORDS
GeneralsMD/Code/Tools/WW3D/max2w3d/GameMtlShaderDlg.h	tool-only	none	authoring or maintenance tool outside the game runtime	ZH_LEGACY_EXCLUDED_SOURCE_RECORDS
GeneralsMD/Code/Tools/WW3D/max2w3d/GameMtlTextureDlg.cpp	tool-only	none	authoring or maintenance tool outside the game runtime	ZH_LEGACY_EXCLUDED_SOURCE_RECORDS
GeneralsMD/Code/Tools/WW3D/max2w3d/GameMtlTextureDlg.h	tool-only	none	authoring or maintenance tool outside the game runtime	ZH_LEGACY_EXCLUDED_SOURCE_RECORDS
GeneralsMD/Code/Tools/WW3D/max2w3d/GameMtlVertexMaterialDlg.cpp	tool-only	none	authoring or maintenance tool outside the game runtime	ZH_LEGACY_EXCLUDED_SOURCE_RECORDS
GeneralsMD/Code/Tools/WW3D/max2w3d/GameMtlVertexMaterialDlg.h	tool-only	none	authoring or maintenance tool outside the game runtime	ZH_LEGACY_EXCLUDED_SOURCE_RECORDS
GeneralsMD/Code/Tools/WW3D/max2w3d/InputDlg.cpp	tool-only	none	authoring or maintenance tool outside the game runtime	ZH_LEGACY_EXCLUDED_SOURCE_RECORDS
GeneralsMD/Code/Tools/WW3D/max2w3d/InputDlg.h	tool-only	none	authoring or maintenance tool outside the game runtime	ZH_LEGACY_EXCLUDED_SOURCE_RECORDS
GeneralsMD/Code/Tools/WW3D/max2w3d/MeshDeform.cpp	tool-only	none	authoring or maintenance tool outside the game runtime	ZH_LEGACY_EXCLUDED_SOURCE_RECORDS
GeneralsMD/Code/Tools/WW3D/max2w3d/MeshDeform.h	tool-only	none	authoring or maintenance tool outside the game runtime	ZH_LEGACY_EXCLUDED_SOURCE_RECORDS
GeneralsMD/Code/Tools/WW3D/max2w3d/MeshDeformData.cpp	tool-only	none	authoring or maintenance tool outside the game runtime	ZH_LEGACY_EXCLUDED_SOURCE_RECORDS
GeneralsMD/Code/Tools/WW3D/max2w3d/MeshDeformData.h	tool-only	none	authoring or maintenance tool outside the game runtime	ZH_LEGACY_EXCLUDED_SOURCE_RECORDS
GeneralsMD/Code/Tools/WW3D/max2w3d/MeshDeformDefs.h	tool-only	none	authoring or maintenance tool outside the game runtime	ZH_LEGACY_EXCLUDED_SOURCE_RECORDS
GeneralsMD/Code/Tools/WW3D/max2w3d/MeshDeformPanel.cpp	tool-only	none	authoring or maintenance tool outside the game runtime	ZH_LEGACY_EXCLUDED_SOURCE_RECORDS
GeneralsMD/Code/Tools/WW3D/max2w3d/MeshDeformPanel.h	tool-only	none	authoring or maintenance tool outside the game runtime	ZH_LEGACY_EXCLUDED_SOURCE_RECORDS
GeneralsMD/Code/Tools/WW3D/max2w3d/MeshDeformSave.cpp	tool-only	none	authoring or maintenance tool outside the game runtime	ZH_LEGACY_EXCLUDED_SOURCE_RECORDS
GeneralsMD/Code/Tools/WW3D/max2w3d/MeshDeformSave.h	tool-only	none	authoring or maintenance tool outside the game runtime	ZH_LEGACY_EXCLUDED_SOURCE_RECORDS
GeneralsMD/Code/Tools/WW3D/max2w3d/MeshDeformSaveDefs.h	tool-only	none	authoring or maintenance tool outside the game runtime	ZH_LEGACY_EXCLUDED_SOURCE_RECORDS
GeneralsMD/Code/Tools/WW3D/max2w3d/MeshDeformSaveSet.cpp	tool-only	none	authoring or maintenance tool outside the game runtime	ZH_LEGACY_EXCLUDED_SOURCE_RECORDS
GeneralsMD/Code/Tools/WW3D/max2w3d/MeshDeformSaveSet.h	tool-only	none	authoring or maintenance tool outside the game runtime	ZH_LEGACY_EXCLUDED_SOURCE_RECORDS
GeneralsMD/Code/Tools/WW3D/max2w3d/MeshDeformSet.cpp	tool-only	none	authoring or maintenance tool outside the game runtime	ZH_LEGACY_EXCLUDED_SOURCE_RECORDS
GeneralsMD/Code/Tools/WW3D/max2w3d/MeshDeformSet.h	tool-only	none	authoring or maintenance tool outside the game runtime	ZH_LEGACY_EXCLUDED_SOURCE_RECORDS
GeneralsMD/Code/Tools/WW3D/max2w3d/MeshDeformUndo.cpp	tool-only	none	authoring or maintenance tool outside the game runtime	ZH_LEGACY_EXCLUDED_SOURCE_RECORDS
GeneralsMD/Code/Tools/WW3D/max2w3d/MeshDeformUndo.h	tool-only	none	authoring or maintenance tool outside the game runtime	ZH_LEGACY_EXCLUDED_SOURCE_RECORDS
GeneralsMD/Code/Tools/WW3D/max2w3d/PCToPS2Material.cpp	tool-only	none	authoring or maintenance tool outside the game runtime	ZH_LEGACY_EXCLUDED_SOURCE_RECORDS
GeneralsMD/Code/Tools/WW3D/max2w3d/PS2GameMtl.cpp	tool-only	none	authoring or maintenance tool outside the game runtime	ZH_LEGACY_EXCLUDED_SOURCE_RECORDS
GeneralsMD/Code/Tools/WW3D/max2w3d/PS2GameMtlShaderDlg.cpp	tool-only	none	authoring or maintenance tool outside the game runtime	ZH_LEGACY_EXCLUDED_SOURCE_RECORDS
GeneralsMD/Code/Tools/WW3D/max2w3d/PS2GameMtlShaderDlg.h	tool-only	none	authoring or maintenance tool outside the game runtime	ZH_LEGACY_EXCLUDED_SOURCE_RECORDS
GeneralsMD/Code/Tools/WW3D/max2w3d/Res/DISK12.ICO	tool-only	none	authoring or maintenance tool outside the game runtime	ZH_LEGACY_EXCLUDED_SOURCE_RECORDS
GeneralsMD/Code/Tools/WW3D/max2w3d/Res/one.bmp	tool-only	none	authoring or maintenance tool outside the game runtime	ZH_LEGACY_EXCLUDED_SOURCE_RECORDS
GeneralsMD/Code/Tools/WW3D/max2w3d/Res/orig.ico	tool-only	none	authoring or maintenance tool outside the game runtime	ZH_LEGACY_EXCLUDED_SOURCE_RECORDS
GeneralsMD/Code/Tools/WW3D/max2w3d/Res/orig1.ico	tool-only	none	authoring or maintenance tool outside the game runtime	ZH_LEGACY_EXCLUDED_SOURCE_RECORDS
GeneralsMD/Code/Tools/WW3D/max2w3d/Res/two.bmp	tool-only	none	authoring or maintenance tool outside the game runtime	ZH_LEGACY_EXCLUDED_SOURCE_RECORDS
GeneralsMD/Code/Tools/WW3D/max2w3d/Res/ww3d.bmp	tool-only	none	authoring or maintenance tool outside the game runtime	ZH_LEGACY_EXCLUDED_SOURCE_RECORDS
GeneralsMD/Code/Tools/WW3D/max2w3d/ResetAndCollapse.ms	excluded	none	manifest input is absent from the repository or outside its source boundary	ZH_LEGACY_UNAVAILABLE_SOURCE_RECORDS
GeneralsMD/Code/Tools/WW3D/max2w3d/SceneSetup.cpp	tool-only	none	authoring or maintenance tool outside the game runtime	ZH_LEGACY_EXCLUDED_SOURCE_RECORDS
GeneralsMD/Code/Tools/WW3D/max2w3d/SceneSetup.ms	excluded	none	manifest input is absent from the repository or outside its source boundary	ZH_LEGACY_UNAVAILABLE_SOURCE_RECORDS
GeneralsMD/Code/Tools/WW3D/max2w3d/SceneSetupDlg.cpp	tool-only	none	authoring or maintenance tool outside the game runtime	ZH_LEGACY_EXCLUDED_SOURCE_RECORDS
GeneralsMD/Code/Tools/WW3D/max2w3d/SceneSetupDlg.h	tool-only	none	authoring or maintenance tool outside the game runtime	ZH_LEGACY_EXCLUDED_SOURCE_RECORDS
GeneralsMD/Code/Tools/WW3D/max2w3d/SkinCopy.cpp	tool-only	none	authoring or maintenance tool outside the game runtime	ZH_LEGACY_EXCLUDED_SOURCE_RECORDS
GeneralsMD/Code/Tools/WW3D/max2w3d/SnapPoints.cpp	tool-only	none	authoring or maintenance tool outside the game runtime	ZH_LEGACY_EXCLUDED_SOURCE_RECORDS
GeneralsMD/Code/Tools/WW3D/max2w3d/SnapPoints.h	tool-only	none	authoring or maintenance tool outside the game runtime	ZH_LEGACY_EXCLUDED_SOURCE_RECORDS
GeneralsMD/Code/Tools/WW3D/max2w3d/TARGA.CPP	tool-only	none	authoring or maintenance tool outside the game runtime	ZH_LEGACY_EXCLUDED_SOURCE_RECORDS
GeneralsMD/Code/Tools/WW3D/max2w3d/TARGA.H	tool-only	none	authoring or maintenance tool outside the game runtime	ZH_LEGACY_EXCLUDED_SOURCE_RECORDS
GeneralsMD/Code/Tools/WW3D/max2w3d/Utility.cpp	tool-only	none	authoring or maintenance tool outside the game runtime	ZH_LEGACY_EXCLUDED_SOURCE_RECORDS
GeneralsMD/Code/Tools/WW3D/max2w3d/aabtreebuilder.cpp	tool-only	none	authoring or maintenance tool outside the game runtime	ZH_LEGACY_EXCLUDED_SOURCE_RECORDS
GeneralsMD/Code/Tools/WW3D/max2w3d/aabtreebuilder.h	tool-only	none	authoring or maintenance tool outside the game runtime	ZH_LEGACY_EXCLUDED_SOURCE_RECORDS
GeneralsMD/Code/Tools/WW3D/max2w3d/animationcompressionsettings.cpp	tool-only	none	authoring or maintenance tool outside the game runtime	ZH_LEGACY_EXCLUDED_SOURCE_RECORDS
GeneralsMD/Code/Tools/WW3D/max2w3d/animationcompressionsettings.h	tool-only	none	authoring or maintenance tool outside the game runtime	ZH_LEGACY_EXCLUDED_SOURCE_RECORDS
GeneralsMD/Code/Tools/WW3D/max2w3d/bchannel.cpp	tool-only	none	authoring or maintenance tool outside the game runtime	ZH_LEGACY_EXCLUDED_SOURCE_RECORDS
GeneralsMD/Code/Tools/WW3D/max2w3d/bchannel.h	tool-only	none	authoring or maintenance tool outside the game runtime	ZH_LEGACY_EXCLUDED_SOURCE_RECORDS
GeneralsMD/Code/Tools/WW3D/max2w3d/boneicon.cpp	tool-only	none	authoring or maintenance tool outside the game runtime	ZH_LEGACY_EXCLUDED_SOURCE_RECORDS
GeneralsMD/Code/Tools/WW3D/max2w3d/boneicon.h	tool-only	none	authoring or maintenance tool outside the game runtime	ZH_LEGACY_EXCLUDED_SOURCE_RECORDS
GeneralsMD/Code/Tools/WW3D/max2w3d/bpick.cpp	tool-only	none	authoring or maintenance tool outside the game runtime	ZH_LEGACY_EXCLUDED_SOURCE_RECORDS
GeneralsMD/Code/Tools/WW3D/max2w3d/bpick.h	tool-only	none	authoring or maintenance tool outside the game runtime	ZH_LEGACY_EXCLUDED_SOURCE_RECORDS
GeneralsMD/Code/Tools/WW3D/max2w3d/changes.txt	tool-only	none	authoring or maintenance tool outside the game runtime	ZH_LEGACY_EXCLUDED_SOURCE_RECORDS
GeneralsMD/Code/Tools/WW3D/max2w3d/colboxsave.cpp	tool-only	none	authoring or maintenance tool outside the game runtime	ZH_LEGACY_EXCLUDED_SOURCE_RECORDS
GeneralsMD/Code/Tools/WW3D/max2w3d/colboxsave.h	tool-only	none	authoring or maintenance tool outside the game runtime	ZH_LEGACY_EXCLUDED_SOURCE_RECORDS
GeneralsMD/Code/Tools/WW3D/max2w3d/dazzlesave.cpp	tool-only	none	authoring or maintenance tool outside the game runtime	ZH_LEGACY_EXCLUDED_SOURCE_RECORDS
GeneralsMD/Code/Tools/WW3D/max2w3d/dazzlesave.h	tool-only	none	authoring or maintenance tool outside the game runtime	ZH_LEGACY_EXCLUDED_SOURCE_RECORDS
GeneralsMD/Code/Tools/WW3D/max2w3d/dllmain.cpp	tool-only	none	authoring or maintenance tool outside the game runtime	ZH_LEGACY_EXCLUDED_SOURCE_RECORDS
GeneralsMD/Code/Tools/WW3D/max2w3d/dllmain.h	tool-only	none	authoring or maintenance tool outside the game runtime	ZH_LEGACY_EXCLUDED_SOURCE_RECORDS
GeneralsMD/Code/Tools/WW3D/max2w3d/exportlog.cpp	tool-only	none	authoring or maintenance tool outside the game runtime	ZH_LEGACY_EXCLUDED_SOURCE_RECORDS
GeneralsMD/Code/Tools/WW3D/max2w3d/exportlog.h	tool-only	none	authoring or maintenance tool outside the game runtime	ZH_LEGACY_EXCLUDED_SOURCE_RECORDS
GeneralsMD/Code/Tools/WW3D/max2w3d/floaterdialog.cpp	tool-only	none	authoring or maintenance tool outside the game runtime	ZH_LEGACY_EXCLUDED_SOURCE_RECORDS
GeneralsMD/Code/Tools/WW3D/max2w3d/floaterdialog.h	tool-only	none	authoring or maintenance tool outside the game runtime	ZH_LEGACY_EXCLUDED_SOURCE_RECORDS
GeneralsMD/Code/Tools/WW3D/max2w3d/gamemaps.cpp	tool-only	none	authoring or maintenance tool outside the game runtime	ZH_LEGACY_EXCLUDED_SOURCE_RECORDS
GeneralsMD/Code/Tools/WW3D/max2w3d/gamemaps.h	tool-only	none	authoring or maintenance tool outside the game runtime	ZH_LEGACY_EXCLUDED_SOURCE_RECORDS
GeneralsMD/Code/Tools/WW3D/max2w3d/gamemtl.h	tool-only	none	authoring or maintenance tool outside the game runtime	ZH_LEGACY_EXCLUDED_SOURCE_RECORDS
GeneralsMD/Code/Tools/WW3D/max2w3d/genlodextensiondialog.cpp	tool-only	none	authoring or maintenance tool outside the game runtime	ZH_LEGACY_EXCLUDED_SOURCE_RECORDS
GeneralsMD/Code/Tools/WW3D/max2w3d/genlodextensiondialog.h	tool-only	none	authoring or maintenance tool outside the game runtime	ZH_LEGACY_EXCLUDED_SOURCE_RECORDS
GeneralsMD/Code/Tools/WW3D/max2w3d/genmtlnamesdialog.cpp	tool-only	none	authoring or maintenance tool outside the game runtime	ZH_LEGACY_EXCLUDED_SOURCE_RECORDS
GeneralsMD/Code/Tools/WW3D/max2w3d/genmtlnamesdialog.h	tool-only	none	authoring or maintenance tool outside the game runtime	ZH_LEGACY_EXCLUDED_SOURCE_RECORDS
GeneralsMD/Code/Tools/WW3D/max2w3d/gennamesdialog.cpp	tool-only	none	authoring or maintenance tool outside the game runtime	ZH_LEGACY_EXCLUDED_SOURCE_RECORDS
GeneralsMD/Code/Tools/WW3D/max2w3d/gennamesdialog.h	tool-only	none	authoring or maintenance tool outside the game runtime	ZH_LEGACY_EXCLUDED_SOURCE_RECORDS
GeneralsMD/Code/Tools/WW3D/max2w3d/geometryexportcontext.h	tool-only	none	authoring or maintenance tool outside the game runtime	ZH_LEGACY_EXCLUDED_SOURCE_RECORDS
GeneralsMD/Code/Tools/WW3D/max2w3d/geometryexporttask.cpp	tool-only	none	authoring or maintenance tool outside the game runtime	ZH_LEGACY_EXCLUDED_SOURCE_RECORDS
GeneralsMD/Code/Tools/WW3D/max2w3d/geometryexporttask.h	tool-only	none	authoring or maintenance tool outside the game runtime	ZH_LEGACY_EXCLUDED_SOURCE_RECORDS
GeneralsMD/Code/Tools/WW3D/max2w3d/gridsnapmodifier.cpp	tool-only	none	authoring or maintenance tool outside the game runtime	ZH_LEGACY_EXCLUDED_SOURCE_RECORDS
GeneralsMD/Code/Tools/WW3D/max2w3d/gridsnapmodifier.h	tool-only	none	authoring or maintenance tool outside the game runtime	ZH_LEGACY_EXCLUDED_SOURCE_RECORDS
GeneralsMD/Code/Tools/WW3D/max2w3d/hiersave.cpp	tool-only	none	authoring or maintenance tool outside the game runtime	ZH_LEGACY_EXCLUDED_SOURCE_RECORDS
GeneralsMD/Code/Tools/WW3D/max2w3d/hiersave.h	tool-only	none	authoring or maintenance tool outside the game runtime	ZH_LEGACY_EXCLUDED_SOURCE_RECORDS
GeneralsMD/Code/Tools/WW3D/max2w3d/hlodsave.cpp	tool-only	none	authoring or maintenance tool outside the game runtime	ZH_LEGACY_EXCLUDED_SOURCE_RECORDS
GeneralsMD/Code/Tools/WW3D/max2w3d/hlodsave.h	tool-only	none	authoring or maintenance tool outside the game runtime	ZH_LEGACY_EXCLUDED_SOURCE_RECORDS
GeneralsMD/Code/Tools/WW3D/max2w3d/logdlg.cpp	tool-only	none	authoring or maintenance tool outside the game runtime	ZH_LEGACY_EXCLUDED_SOURCE_RECORDS
GeneralsMD/Code/Tools/WW3D/max2w3d/logdlg.h	tool-only	none	authoring or maintenance tool outside the game runtime	ZH_LEGACY_EXCLUDED_SOURCE_RECORDS
GeneralsMD/Code/Tools/WW3D/max2w3d/max2w3d.def	tool-only	none	authoring or maintenance tool outside the game runtime	ZH_LEGACY_EXCLUDED_SOURCE_RECORDS
GeneralsMD/Code/Tools/WW3D/max2w3d/max2w3d.rc	tool-only	none	authoring or maintenance tool outside the game runtime	ZH_LEGACY_EXCLUDED_SOURCE_RECORDS
GeneralsMD/Code/Tools/WW3D/max2w3d/maxworldinfo.cpp	tool-only	none	authoring or maintenance tool outside the game runtime	ZH_LEGACY_EXCLUDED_SOURCE_RECORDS
GeneralsMD/Code/Tools/WW3D/max2w3d/maxworldinfo.h	tool-only	none	authoring or maintenance tool outside the game runtime	ZH_LEGACY_EXCLUDED_SOURCE_RECORDS
GeneralsMD/Code/Tools/WW3D/max2w3d/meshbuild.cpp	tool-only	none	authoring or maintenance tool outside the game runtime	ZH_LEGACY_EXCLUDED_SOURCE_RECORDS
GeneralsMD/Code/Tools/WW3D/max2w3d/meshbuild.h	tool-only	none	authoring or maintenance tool outside the game runtime	ZH_LEGACY_EXCLUDED_SOURCE_RECORDS
GeneralsMD/Code/Tools/WW3D/max2w3d/meshcon.cpp	tool-only	none	authoring or maintenance tool outside the game runtime	ZH_LEGACY_EXCLUDED_SOURCE_RECORDS
GeneralsMD/Code/Tools/WW3D/max2w3d/meshcon.h	tool-only	none	authoring or maintenance tool outside the game runtime	ZH_LEGACY_EXCLUDED_SOURCE_RECORDS
GeneralsMD/Code/Tools/WW3D/max2w3d/meshsave.cpp	tool-only	none	authoring or maintenance tool outside the game runtime	ZH_LEGACY_EXCLUDED_SOURCE_RECORDS
GeneralsMD/Code/Tools/WW3D/max2w3d/meshsave.h	tool-only	none	authoring or maintenance tool outside the game runtime	ZH_LEGACY_EXCLUDED_SOURCE_RECORDS
GeneralsMD/Code/Tools/WW3D/max2w3d/motion.cpp	tool-only	none	authoring or maintenance tool outside the game runtime	ZH_LEGACY_EXCLUDED_SOURCE_RECORDS
GeneralsMD/Code/Tools/WW3D/max2w3d/motion.h	tool-only	none	authoring or maintenance tool outside the game runtime	ZH_LEGACY_EXCLUDED_SOURCE_RECORDS
GeneralsMD/Code/Tools/WW3D/max2w3d/namedsel.cpp	tool-only	none	authoring or maintenance tool outside the game runtime	ZH_LEGACY_EXCLUDED_SOURCE_RECORDS
GeneralsMD/Code/Tools/WW3D/max2w3d/namedsel.h	tool-only	none	authoring or maintenance tool outside the game runtime	ZH_LEGACY_EXCLUDED_SOURCE_RECORDS
GeneralsMD/Code/Tools/WW3D/max2w3d/nullsave.cpp	tool-only	none	authoring or maintenance tool outside the game runtime	ZH_LEGACY_EXCLUDED_SOURCE_RECORDS
GeneralsMD/Code/Tools/WW3D/max2w3d/nullsave.h	tool-only	none	authoring or maintenance tool outside the game runtime	ZH_LEGACY_EXCLUDED_SOURCE_RECORDS
GeneralsMD/Code/Tools/WW3D/max2w3d/presetexportoptionsdialog.cpp	tool-only	none	authoring or maintenance tool outside the game runtime	ZH_LEGACY_EXCLUDED_SOURCE_RECORDS
GeneralsMD/Code/Tools/WW3D/max2w3d/presetexportoptionsdialog.h	tool-only	none	authoring or maintenance tool outside the game runtime	ZH_LEGACY_EXCLUDED_SOURCE_RECORDS
GeneralsMD/Code/Tools/WW3D/max2w3d/rcmenu.cpp	tool-only	none	authoring or maintenance tool outside the game runtime	ZH_LEGACY_EXCLUDED_SOURCE_RECORDS
GeneralsMD/Code/Tools/WW3D/max2w3d/rcmenu.h	tool-only	none	authoring or maintenance tool outside the game runtime	ZH_LEGACY_EXCLUDED_SOURCE_RECORDS
GeneralsMD/Code/Tools/WW3D/max2w3d/resource.h	tool-only	none	authoring or maintenance tool outside the game runtime	ZH_LEGACY_EXCLUDED_SOURCE_RECORDS
GeneralsMD/Code/Tools/WW3D/max2w3d/simpdib.cpp	tool-only	none	authoring or maintenance tool outside the game runtime	ZH_LEGACY_EXCLUDED_SOURCE_RECORDS
GeneralsMD/Code/Tools/WW3D/max2w3d/simpdib.h	tool-only	none	authoring or maintenance tool outside the game runtime	ZH_LEGACY_EXCLUDED_SOURCE_RECORDS
GeneralsMD/Code/Tools/WW3D/max2w3d/skin.cpp	tool-only	none	authoring or maintenance tool outside the game runtime	ZH_LEGACY_EXCLUDED_SOURCE_RECORDS
GeneralsMD/Code/Tools/WW3D/max2w3d/skin.h	tool-only	none	authoring or maintenance tool outside the game runtime	ZH_LEGACY_EXCLUDED_SOURCE_RECORDS
GeneralsMD/Code/Tools/WW3D/max2w3d/skindata.cpp	tool-only	none	authoring or maintenance tool outside the game runtime	ZH_LEGACY_EXCLUDED_SOURCE_RECORDS
GeneralsMD/Code/Tools/WW3D/max2w3d/skindata.h	tool-only	none	authoring or maintenance tool outside the game runtime	ZH_LEGACY_EXCLUDED_SOURCE_RECORDS
GeneralsMD/Code/Tools/WW3D/max2w3d/util.cpp	tool-only	none	authoring or maintenance tool outside the game runtime	ZH_LEGACY_EXCLUDED_SOURCE_RECORDS
GeneralsMD/Code/Tools/WW3D/max2w3d/util.h	tool-only	none	authoring or maintenance tool outside the game runtime	ZH_LEGACY_EXCLUDED_SOURCE_RECORDS
GeneralsMD/Code/Tools/WW3D/max2w3d/vchannel.cpp	tool-only	none	authoring or maintenance tool outside the game runtime	ZH_LEGACY_EXCLUDED_SOURCE_RECORDS
GeneralsMD/Code/Tools/WW3D/max2w3d/vchannel.h	tool-only	none	authoring or maintenance tool outside the game runtime	ZH_LEGACY_EXCLUDED_SOURCE_RECORDS
GeneralsMD/Code/Tools/WW3D/max2w3d/vxl.cpp	tool-only	none	authoring or maintenance tool outside the game runtime	ZH_LEGACY_EXCLUDED_SOURCE_RECORDS
GeneralsMD/Code/Tools/WW3D/max2w3d/vxl.h	tool-only	none	authoring or maintenance tool outside the game runtime	ZH_LEGACY_EXCLUDED_SOURCE_RECORDS
GeneralsMD/Code/Tools/WW3D/max2w3d/vxldbg.cpp	tool-only	none	authoring or maintenance tool outside the game runtime	ZH_LEGACY_EXCLUDED_SOURCE_RECORDS
GeneralsMD/Code/Tools/WW3D/max2w3d/vxldbg.h	tool-only	none	authoring or maintenance tool outside the game runtime	ZH_LEGACY_EXCLUDED_SOURCE_RECORDS
GeneralsMD/Code/Tools/WW3D/max2w3d/vxllayer.cpp	tool-only	none	authoring or maintenance tool outside the game runtime	ZH_LEGACY_EXCLUDED_SOURCE_RECORDS
GeneralsMD/Code/Tools/WW3D/max2w3d/vxllayer.h	tool-only	none	authoring or maintenance tool outside the game runtime	ZH_LEGACY_EXCLUDED_SOURCE_RECORDS
GeneralsMD/Code/Tools/WW3D/max2w3d/w3d_file.h	tool-only	none	authoring or maintenance tool outside the game runtime	ZH_LEGACY_EXCLUDED_SOURCE_RECORDS
GeneralsMD/Code/Tools/WW3D/max2w3d/w3d_obsolete.h	tool-only	none	authoring or maintenance tool outside the game runtime	ZH_LEGACY_EXCLUDED_SOURCE_RECORDS
GeneralsMD/Code/Tools/WW3D/max2w3d/w3dappdata.cpp	tool-only	none	authoring or maintenance tool outside the game runtime	ZH_LEGACY_EXCLUDED_SOURCE_RECORDS
GeneralsMD/Code/Tools/WW3D/max2w3d/w3dappdata.h	tool-only	none	authoring or maintenance tool outside the game runtime	ZH_LEGACY_EXCLUDED_SOURCE_RECORDS
GeneralsMD/Code/Tools/WW3D/max2w3d/w3ddesc.cpp	tool-only	none	authoring or maintenance tool outside the game runtime	ZH_LEGACY_EXCLUDED_SOURCE_RECORDS
GeneralsMD/Code/Tools/WW3D/max2w3d/w3ddesc.h	tool-only	none	authoring or maintenance tool outside the game runtime	ZH_LEGACY_EXCLUDED_SOURCE_RECORDS
GeneralsMD/Code/Tools/WW3D/max2w3d/w3ddlg.cpp	tool-only	none	authoring or maintenance tool outside the game runtime	ZH_LEGACY_EXCLUDED_SOURCE_RECORDS
GeneralsMD/Code/Tools/WW3D/max2w3d/w3ddlg.h	tool-only	none	authoring or maintenance tool outside the game runtime	ZH_LEGACY_EXCLUDED_SOURCE_RECORDS
GeneralsMD/Code/Tools/WW3D/max2w3d/w3dexp.cpp	tool-only	none	authoring or maintenance tool outside the game runtime	ZH_LEGACY_EXCLUDED_SOURCE_RECORDS
GeneralsMD/Code/Tools/WW3D/max2w3d/w3dexp.h	tool-only	none	authoring or maintenance tool outside the game runtime	ZH_LEGACY_EXCLUDED_SOURCE_RECORDS
GeneralsMD/Code/Tools/WW3D/max2w3d/w3dmtl.cpp	tool-only	none	authoring or maintenance tool outside the game runtime	ZH_LEGACY_EXCLUDED_SOURCE_RECORDS
GeneralsMD/Code/Tools/WW3D/max2w3d/w3dmtl.h	tool-only	none	authoring or maintenance tool outside the game runtime	ZH_LEGACY_EXCLUDED_SOURCE_RECORDS
GeneralsMD/Code/Tools/WW3D/max2w3d/w3dutil.cpp	tool-only	none	authoring or maintenance tool outside the game runtime	ZH_LEGACY_EXCLUDED_SOURCE_RECORDS
GeneralsMD/Code/Tools/WW3D/max2w3d/w3dutil.h	tool-only	none	authoring or maintenance tool outside the game runtime	ZH_LEGACY_EXCLUDED_SOURCE_RECORDS
GeneralsMD/Code/Tools/WW3D/pluglib/EULER.CPP	tool-only	none	authoring or maintenance tool outside the game runtime	ZH_LEGACY_EXCLUDED_SOURCE_RECORDS
GeneralsMD/Code/Tools/WW3D/pluglib/EULER.H	tool-only	none	authoring or maintenance tool outside the game runtime	ZH_LEGACY_EXCLUDED_SOURCE_RECORDS
GeneralsMD/Code/Tools/WW3D/pluglib/PROGRESS.H	tool-only	none	authoring or maintenance tool outside the game runtime	ZH_LEGACY_EXCLUDED_SOURCE_RECORDS
GeneralsMD/Code/Tools/WW3D/pluglib/Vector.CPP	tool-only	none	authoring or maintenance tool outside the game runtime	ZH_LEGACY_EXCLUDED_SOURCE_RECORDS
GeneralsMD/Code/Tools/WW3D/pluglib/Vector.H	tool-only	none	authoring or maintenance tool outside the game runtime	ZH_LEGACY_EXCLUDED_SOURCE_RECORDS
GeneralsMD/Code/Tools/WW3D/pluglib/WWmatrix3.cpp	tool-only	none	authoring or maintenance tool outside the game runtime	ZH_LEGACY_EXCLUDED_SOURCE_RECORDS
GeneralsMD/Code/Tools/WW3D/pluglib/WWmatrix3.h	tool-only	none	authoring or maintenance tool outside the game runtime	ZH_LEGACY_EXCLUDED_SOURCE_RECORDS
GeneralsMD/Code/Tools/WW3D/pluglib/aaplane.h	tool-only	none	authoring or maintenance tool outside the game runtime	ZH_LEGACY_EXCLUDED_SOURCE_RECORDS
GeneralsMD/Code/Tools/WW3D/pluglib/always.h	tool-only	none	authoring or maintenance tool outside the game runtime	ZH_LEGACY_EXCLUDED_SOURCE_RECORDS
GeneralsMD/Code/Tools/WW3D/pluglib/bool.h	tool-only	none	authoring or maintenance tool outside the game runtime	ZH_LEGACY_EXCLUDED_SOURCE_RECORDS
GeneralsMD/Code/Tools/WW3D/pluglib/borlandc.h	tool-only	none	authoring or maintenance tool outside the game runtime	ZH_LEGACY_EXCLUDED_SOURCE_RECORDS
GeneralsMD/Code/Tools/WW3D/pluglib/chunkio.cpp	tool-only	none	authoring or maintenance tool outside the game runtime	ZH_LEGACY_EXCLUDED_SOURCE_RECORDS
GeneralsMD/Code/Tools/WW3D/pluglib/chunkio.h	tool-only	none	authoring or maintenance tool outside the game runtime	ZH_LEGACY_EXCLUDED_SOURCE_RECORDS
GeneralsMD/Code/Tools/WW3D/pluglib/errclass.h	tool-only	none	authoring or maintenance tool outside the game runtime	ZH_LEGACY_EXCLUDED_SOURCE_RECORDS
GeneralsMD/Code/Tools/WW3D/pluglib/hsv.cpp	tool-only	none	authoring or maintenance tool outside the game runtime	ZH_LEGACY_EXCLUDED_SOURCE_RECORDS
GeneralsMD/Code/Tools/WW3D/pluglib/hsv.h	tool-only	none	authoring or maintenance tool outside the game runtime	ZH_LEGACY_EXCLUDED_SOURCE_RECORDS
GeneralsMD/Code/Tools/WW3D/pluglib/iostruct.h	tool-only	none	authoring or maintenance tool outside the game runtime	ZH_LEGACY_EXCLUDED_SOURCE_RECORDS
GeneralsMD/Code/Tools/WW3D/pluglib/jshell.cpp	tool-only	none	authoring or maintenance tool outside the game runtime	ZH_LEGACY_EXCLUDED_SOURCE_RECORDS
GeneralsMD/Code/Tools/WW3D/pluglib/matrix3d.cpp	tool-only	none	authoring or maintenance tool outside the game runtime	ZH_LEGACY_EXCLUDED_SOURCE_RECORDS
GeneralsMD/Code/Tools/WW3D/pluglib/matrix3d.h	tool-only	none	authoring or maintenance tool outside the game runtime	ZH_LEGACY_EXCLUDED_SOURCE_RECORDS
GeneralsMD/Code/Tools/WW3D/pluglib/matrix4.cpp	tool-only	none	authoring or maintenance tool outside the game runtime	ZH_LEGACY_EXCLUDED_SOURCE_RECORDS
GeneralsMD/Code/Tools/WW3D/pluglib/matrix4.h	tool-only	none	authoring or maintenance tool outside the game runtime	ZH_LEGACY_EXCLUDED_SOURCE_RECORDS
GeneralsMD/Code/Tools/WW3D/pluglib/nodefilt.cpp	tool-only	none	authoring or maintenance tool outside the game runtime	ZH_LEGACY_EXCLUDED_SOURCE_RECORDS
GeneralsMD/Code/Tools/WW3D/pluglib/nodefilt.h	tool-only	none	authoring or maintenance tool outside the game runtime	ZH_LEGACY_EXCLUDED_SOURCE_RECORDS
GeneralsMD/Code/Tools/WW3D/pluglib/nodelist.cpp	tool-only	none	authoring or maintenance tool outside the game runtime	ZH_LEGACY_EXCLUDED_SOURCE_RECORDS
GeneralsMD/Code/Tools/WW3D/pluglib/nodelist.h	tool-only	none	authoring or maintenance tool outside the game runtime	ZH_LEGACY_EXCLUDED_SOURCE_RECORDS
GeneralsMD/Code/Tools/WW3D/pluglib/palette.cpp	tool-only	none	authoring or maintenance tool outside the game runtime	ZH_LEGACY_EXCLUDED_SOURCE_RECORDS
GeneralsMD/Code/Tools/WW3D/pluglib/palette.h	tool-only	none	authoring or maintenance tool outside the game runtime	ZH_LEGACY_EXCLUDED_SOURCE_RECORDS
GeneralsMD/Code/Tools/WW3D/pluglib/rawfile.cpp	tool-only	none	authoring or maintenance tool outside the game runtime	ZH_LEGACY_EXCLUDED_SOURCE_RECORDS
GeneralsMD/Code/Tools/WW3D/pluglib/rawfile.h	tool-only	none	authoring or maintenance tool outside the game runtime	ZH_LEGACY_EXCLUDED_SOURCE_RECORDS
GeneralsMD/Code/Tools/WW3D/pluglib/realcrc.cpp	tool-only	none	authoring or maintenance tool outside the game runtime	ZH_LEGACY_EXCLUDED_SOURCE_RECORDS
GeneralsMD/Code/Tools/WW3D/pluglib/realcrc.h	tool-only	none	authoring or maintenance tool outside the game runtime	ZH_LEGACY_EXCLUDED_SOURCE_RECORDS
GeneralsMD/Code/Tools/WW3D/pluglib/rgb.cpp	tool-only	none	authoring or maintenance tool outside the game runtime	ZH_LEGACY_EXCLUDED_SOURCE_RECORDS
GeneralsMD/Code/Tools/WW3D/pluglib/rgb.h	tool-only	none	authoring or maintenance tool outside the game runtime	ZH_LEGACY_EXCLUDED_SOURCE_RECORDS
GeneralsMD/Code/Tools/WW3D/pluglib/vector2.h	tool-only	none	authoring or maintenance tool outside the game runtime	ZH_LEGACY_EXCLUDED_SOURCE_RECORDS
GeneralsMD/Code/Tools/WW3D/pluglib/vector3i.h	tool-only	none	authoring or maintenance tool outside the game runtime	ZH_LEGACY_EXCLUDED_SOURCE_RECORDS
GeneralsMD/Code/Tools/WW3D/pluglib/visualc.h	tool-only	none	authoring or maintenance tool outside the game runtime	ZH_LEGACY_EXCLUDED_SOURCE_RECORDS
GeneralsMD/Code/Tools/WW3D/pluglib/w3dquat.cpp	tool-only	none	authoring or maintenance tool outside the game runtime	ZH_LEGACY_EXCLUDED_SOURCE_RECORDS
GeneralsMD/Code/Tools/WW3D/pluglib/w3dquat.h	tool-only	none	authoring or maintenance tool outside the game runtime	ZH_LEGACY_EXCLUDED_SOURCE_RECORDS
GeneralsMD/Code/Tools/WW3D/pluglib/watcom.h	tool-only	none	authoring or maintenance tool outside the game runtime	ZH_LEGACY_EXCLUDED_SOURCE_RECORDS
GeneralsMD/Code/Tools/WW3D/pluglib/win.h	tool-only	none	authoring or maintenance tool outside the game runtime	ZH_LEGACY_EXCLUDED_SOURCE_RECORDS
GeneralsMD/Code/Tools/WW3D/pluglib/wwfile.h	tool-only	none	authoring or maintenance tool outside the game runtime	ZH_LEGACY_EXCLUDED_SOURCE_RECORDS
GeneralsMD/Code/Tools/WW3D/pluglib/wwmath.cpp	tool-only	none	authoring or maintenance tool outside the game runtime	ZH_LEGACY_EXCLUDED_SOURCE_RECORDS
GeneralsMD/Code/Tools/WW3D/pluglib/wwmath.h	tool-only	none	authoring or maintenance tool outside the game runtime	ZH_LEGACY_EXCLUDED_SOURCE_RECORDS
GeneralsMD/Code/Tools/WorldBuilder/include/AutoEdgeOutTool.h	tool-only	none	authoring or maintenance tool outside the game runtime	ZH_LEGACY_EXCLUDED_SOURCE_RECORDS
GeneralsMD/Code/Tools/WorldBuilder/include/BaseBuildProps.h	tool-only	none	authoring or maintenance tool outside the game runtime	ZH_LEGACY_EXCLUDED_SOURCE_RECORDS
GeneralsMD/Code/Tools/WorldBuilder/include/BlendEdgeTool.h	tool-only	none	authoring or maintenance tool outside the game runtime	ZH_LEGACY_EXCLUDED_SOURCE_RECORDS
GeneralsMD/Code/Tools/WorldBuilder/include/BlendMaterial.h	tool-only	none	authoring or maintenance tool outside the game runtime	ZH_LEGACY_EXCLUDED_SOURCE_RECORDS
GeneralsMD/Code/Tools/WorldBuilder/include/BorderTool.h	tool-only	none	authoring or maintenance tool outside the game runtime	ZH_LEGACY_EXCLUDED_SOURCE_RECORDS
GeneralsMD/Code/Tools/WorldBuilder/include/BrushTool.h	tool-only	none	authoring or maintenance tool outside the game runtime	ZH_LEGACY_EXCLUDED_SOURCE_RECORDS
GeneralsMD/Code/Tools/WorldBuilder/include/BuildList.h	tool-only	none	authoring or maintenance tool outside the game runtime	ZH_LEGACY_EXCLUDED_SOURCE_RECORDS
GeneralsMD/Code/Tools/WorldBuilder/include/BuildListTool.h	tool-only	none	authoring or maintenance tool outside the game runtime	ZH_LEGACY_EXCLUDED_SOURCE_RECORDS
GeneralsMD/Code/Tools/WorldBuilder/include/CFixTeamOwnerDialog.h	tool-only	none	authoring or maintenance tool outside the game runtime	ZH_LEGACY_EXCLUDED_SOURCE_RECORDS
GeneralsMD/Code/Tools/WorldBuilder/include/CUndoable.h	tool-only	none	authoring or maintenance tool outside the game runtime	ZH_LEGACY_EXCLUDED_SOURCE_RECORDS
GeneralsMD/Code/Tools/WorldBuilder/include/CameraOptions.h	tool-only	none	authoring or maintenance tool outside the game runtime	ZH_LEGACY_EXCLUDED_SOURCE_RECORDS
GeneralsMD/Code/Tools/WorldBuilder/include/CellWidth.h	tool-only	none	authoring or maintenance tool outside the game runtime	ZH_LEGACY_EXCLUDED_SOURCE_RECORDS
GeneralsMD/Code/Tools/WorldBuilder/include/ContourOptions.h	tool-only	none	authoring or maintenance tool outside the game runtime	ZH_LEGACY_EXCLUDED_SOURCE_RECORDS
GeneralsMD/Code/Tools/WorldBuilder/include/DrawObject.h	tool-only	none	authoring or maintenance tool outside the game runtime	ZH_LEGACY_EXCLUDED_SOURCE_RECORDS
GeneralsMD/Code/Tools/WorldBuilder/include/EditAction.h	tool-only	none	authoring or maintenance tool outside the game runtime	ZH_LEGACY_EXCLUDED_SOURCE_RECORDS
GeneralsMD/Code/Tools/WorldBuilder/include/EditCondition.h	tool-only	none	authoring or maintenance tool outside the game runtime	ZH_LEGACY_EXCLUDED_SOURCE_RECORDS
GeneralsMD/Code/Tools/WorldBuilder/include/EditCoordParameter.h	tool-only	none	authoring or maintenance tool outside the game runtime	ZH_LEGACY_EXCLUDED_SOURCE_RECORDS
GeneralsMD/Code/Tools/WorldBuilder/include/EditGroup.h	tool-only	none	authoring or maintenance tool outside the game runtime	ZH_LEGACY_EXCLUDED_SOURCE_RECORDS
GeneralsMD/Code/Tools/WorldBuilder/include/EditObjectParameter.h	tool-only	none	authoring or maintenance tool outside the game runtime	ZH_LEGACY_EXCLUDED_SOURCE_RECORDS
GeneralsMD/Code/Tools/WorldBuilder/include/EditParameter.h	tool-only	none	authoring or maintenance tool outside the game runtime	ZH_LEGACY_EXCLUDED_SOURCE_RECORDS
GeneralsMD/Code/Tools/WorldBuilder/include/ExportScriptsOptions.h	tool-only	none	authoring or maintenance tool outside the game runtime	ZH_LEGACY_EXCLUDED_SOURCE_RECORDS
GeneralsMD/Code/Tools/WorldBuilder/include/EyedropperTool.h	tool-only	none	authoring or maintenance tool outside the game runtime	ZH_LEGACY_EXCLUDED_SOURCE_RECORDS
GeneralsMD/Code/Tools/WorldBuilder/include/FeatherOptions.h	tool-only	none	authoring or maintenance tool outside the game runtime	ZH_LEGACY_EXCLUDED_SOURCE_RECORDS
GeneralsMD/Code/Tools/WorldBuilder/include/FeatherTool.h	tool-only	none	authoring or maintenance tool outside the game runtime	ZH_LEGACY_EXCLUDED_SOURCE_RECORDS
GeneralsMD/Code/Tools/WorldBuilder/include/FenceOptions.h	tool-only	none	authoring or maintenance tool outside the game runtime	ZH_LEGACY_EXCLUDED_SOURCE_RECORDS
GeneralsMD/Code/Tools/WorldBuilder/include/FenceTool.h	tool-only	none	authoring or maintenance tool outside the game runtime	ZH_LEGACY_EXCLUDED_SOURCE_RECORDS
GeneralsMD/Code/Tools/WorldBuilder/include/FloodFillTool.h	tool-only	none	authoring or maintenance tool outside the game runtime	ZH_LEGACY_EXCLUDED_SOURCE_RECORDS
GeneralsMD/Code/Tools/WorldBuilder/include/GlobalLightOptions.h	tool-only	none	authoring or maintenance tool outside the game runtime	ZH_LEGACY_EXCLUDED_SOURCE_RECORDS
GeneralsMD/Code/Tools/WorldBuilder/include/GroveOptions.h	tool-only	none	authoring or maintenance tool outside the game runtime	ZH_LEGACY_EXCLUDED_SOURCE_RECORDS
GeneralsMD/Code/Tools/WorldBuilder/include/GroveTool.h	tool-only	none	authoring or maintenance tool outside the game runtime	ZH_LEGACY_EXCLUDED_SOURCE_RECORDS
GeneralsMD/Code/Tools/WorldBuilder/include/HandScrollTool.h	tool-only	none	authoring or maintenance tool outside the game runtime	ZH_LEGACY_EXCLUDED_SOURCE_RECORDS
GeneralsMD/Code/Tools/WorldBuilder/include/ImpassableOptions.h	tool-only	none	authoring or maintenance tool outside the game runtime	ZH_LEGACY_EXCLUDED_SOURCE_RECORDS
GeneralsMD/Code/Tools/WorldBuilder/include/LayersList.h	tool-only	none	authoring or maintenance tool outside the game runtime	ZH_LEGACY_EXCLUDED_SOURCE_RECORDS
GeneralsMD/Code/Tools/WorldBuilder/include/LightOptions.h	tool-only	none	authoring or maintenance tool outside the game runtime	ZH_LEGACY_EXCLUDED_SOURCE_RECORDS
GeneralsMD/Code/Tools/WorldBuilder/include/MainFrm.h	tool-only	none	authoring or maintenance tool outside the game runtime	ZH_LEGACY_EXCLUDED_SOURCE_RECORDS
GeneralsMD/Code/Tools/WorldBuilder/include/MapPreview.h	tool-only	none	authoring or maintenance tool outside the game runtime	ZH_LEGACY_EXCLUDED_SOURCE_RECORDS
GeneralsMD/Code/Tools/WorldBuilder/include/MapSettings.h	tool-only	none	authoring or maintenance tool outside the game runtime	ZH_LEGACY_EXCLUDED_SOURCE_RECORDS
GeneralsMD/Code/Tools/WorldBuilder/include/MeshMoldOptions.h	tool-only	none	authoring or maintenance tool outside the game runtime	ZH_LEGACY_EXCLUDED_SOURCE_RECORDS
GeneralsMD/Code/Tools/WorldBuilder/include/MeshMoldTool.h	tool-only	none	authoring or maintenance tool outside the game runtime	ZH_LEGACY_EXCLUDED_SOURCE_RECORDS
GeneralsMD/Code/Tools/WorldBuilder/include/MoundOptions.h	tool-only	none	authoring or maintenance tool outside the game runtime	ZH_LEGACY_EXCLUDED_SOURCE_RECORDS
GeneralsMD/Code/Tools/WorldBuilder/include/MoundTool.h	tool-only	none	authoring or maintenance tool outside the game runtime	ZH_LEGACY_EXCLUDED_SOURCE_RECORDS
GeneralsMD/Code/Tools/WorldBuilder/include/MyToolbar.h	tool-only	none	authoring or maintenance tool outside the game runtime	ZH_LEGACY_EXCLUDED_SOURCE_RECORDS
GeneralsMD/Code/Tools/WorldBuilder/include/NewHeightMap.h	tool-only	none	authoring or maintenance tool outside the game runtime	ZH_LEGACY_EXCLUDED_SOURCE_RECORDS
GeneralsMD/Code/Tools/WorldBuilder/include/ObjectOptions.h	tool-only	none	authoring or maintenance tool outside the game runtime	ZH_LEGACY_EXCLUDED_SOURCE_RECORDS
GeneralsMD/Code/Tools/WorldBuilder/include/ObjectPreview.h	tool-only	none	authoring or maintenance tool outside the game runtime	ZH_LEGACY_EXCLUDED_SOURCE_RECORDS
GeneralsMD/Code/Tools/WorldBuilder/include/ObjectTool.h	tool-only	none	authoring or maintenance tool outside the game runtime	ZH_LEGACY_EXCLUDED_SOURCE_RECORDS
GeneralsMD/Code/Tools/WorldBuilder/include/OpenMap.h	tool-only	none	authoring or maintenance tool outside the game runtime	ZH_LEGACY_EXCLUDED_SOURCE_RECORDS
GeneralsMD/Code/Tools/WorldBuilder/include/OptionsPanel.h	tool-only	none	authoring or maintenance tool outside the game runtime	ZH_LEGACY_EXCLUDED_SOURCE_RECORDS
GeneralsMD/Code/Tools/WorldBuilder/include/PickUnitDialog.h	tool-only	none	authoring or maintenance tool outside the game runtime	ZH_LEGACY_EXCLUDED_SOURCE_RECORDS
GeneralsMD/Code/Tools/WorldBuilder/include/PointerTool.h	tool-only	none	authoring or maintenance tool outside the game runtime	ZH_LEGACY_EXCLUDED_SOURCE_RECORDS
GeneralsMD/Code/Tools/WorldBuilder/include/PolygonTool.h	tool-only	none	authoring or maintenance tool outside the game runtime	ZH_LEGACY_EXCLUDED_SOURCE_RECORDS
GeneralsMD/Code/Tools/WorldBuilder/include/RampOptions.h	tool-only	none	authoring or maintenance tool outside the game runtime	ZH_LEGACY_EXCLUDED_SOURCE_RECORDS
GeneralsMD/Code/Tools/WorldBuilder/include/RampTool.h	tool-only	none	authoring or maintenance tool outside the game runtime	ZH_LEGACY_EXCLUDED_SOURCE_RECORDS
GeneralsMD/Code/Tools/WorldBuilder/include/RoadOptions.h	tool-only	none	authoring or maintenance tool outside the game runtime	ZH_LEGACY_EXCLUDED_SOURCE_RECORDS
GeneralsMD/Code/Tools/WorldBuilder/include/RoadTool.h	tool-only	none	authoring or maintenance tool outside the game runtime	ZH_LEGACY_EXCLUDED_SOURCE_RECORDS
GeneralsMD/Code/Tools/WorldBuilder/include/RulerOptions.h	tool-only	none	authoring or maintenance tool outside the game runtime	ZH_LEGACY_EXCLUDED_SOURCE_RECORDS
GeneralsMD/Code/Tools/WorldBuilder/include/RulerTool.h	tool-only	none	authoring or maintenance tool outside the game runtime	ZH_LEGACY_EXCLUDED_SOURCE_RECORDS
GeneralsMD/Code/Tools/WorldBuilder/include/SaveMap.h	tool-only	none	authoring or maintenance tool outside the game runtime	ZH_LEGACY_EXCLUDED_SOURCE_RECORDS
GeneralsMD/Code/Tools/WorldBuilder/include/ScorchOptions.h	tool-only	none	authoring or maintenance tool outside the game runtime	ZH_LEGACY_EXCLUDED_SOURCE_RECORDS
GeneralsMD/Code/Tools/WorldBuilder/include/ScorchTool.h	tool-only	none	authoring or maintenance tool outside the game runtime	ZH_LEGACY_EXCLUDED_SOURCE_RECORDS
GeneralsMD/Code/Tools/WorldBuilder/include/ScriptActionsFalse.h	tool-only	none	authoring or maintenance tool outside the game runtime	ZH_LEGACY_EXCLUDED_SOURCE_RECORDS
GeneralsMD/Code/Tools/WorldBuilder/include/ScriptActionsTrue.h	tool-only	none	authoring or maintenance tool outside the game runtime	ZH_LEGACY_EXCLUDED_SOURCE_RECORDS
GeneralsMD/Code/Tools/WorldBuilder/include/ScriptConditions.h	tool-only	none	authoring or maintenance tool outside the game runtime	ZH_LEGACY_EXCLUDED_SOURCE_RECORDS
GeneralsMD/Code/Tools/WorldBuilder/include/ScriptDialog.h	tool-only	none	authoring or maintenance tool outside the game runtime	ZH_LEGACY_EXCLUDED_SOURCE_RECORDS
GeneralsMD/Code/Tools/WorldBuilder/include/ScriptProperties.h	tool-only	none	authoring or maintenance tool outside the game runtime	ZH_LEGACY_EXCLUDED_SOURCE_RECORDS
GeneralsMD/Code/Tools/WorldBuilder/include/SelectMacrotexture.h	tool-only	none	authoring or maintenance tool outside the game runtime	ZH_LEGACY_EXCLUDED_SOURCE_RECORDS
GeneralsMD/Code/Tools/WorldBuilder/include/ShadowOptions.h	tool-only	none	authoring or maintenance tool outside the game runtime	ZH_LEGACY_EXCLUDED_SOURCE_RECORDS
GeneralsMD/Code/Tools/WorldBuilder/include/SplashScreen.h	tool-only	none	authoring or maintenance tool outside the game runtime	ZH_LEGACY_EXCLUDED_SOURCE_RECORDS
GeneralsMD/Code/Tools/WorldBuilder/include/StdAfx.h	tool-only	none	authoring or maintenance tool outside the game runtime	ZH_LEGACY_EXCLUDED_SOURCE_RECORDS
GeneralsMD/Code/Tools/WorldBuilder/include/TeamBehavior.h	tool-only	none	authoring or maintenance tool outside the game runtime	ZH_LEGACY_EXCLUDED_SOURCE_RECORDS
GeneralsMD/Code/Tools/WorldBuilder/include/TeamGeneric.h	tool-only	none	authoring or maintenance tool outside the game runtime	ZH_LEGACY_EXCLUDED_SOURCE_RECORDS
GeneralsMD/Code/Tools/WorldBuilder/include/TeamIdentity.h	tool-only	none	authoring or maintenance tool outside the game runtime	ZH_LEGACY_EXCLUDED_SOURCE_RECORDS
GeneralsMD/Code/Tools/WorldBuilder/include/TeamReinforcement.h	tool-only	none	authoring or maintenance tool outside the game runtime	ZH_LEGACY_EXCLUDED_SOURCE_RECORDS
GeneralsMD/Code/Tools/WorldBuilder/include/TerrainMaterial.h	tool-only	none	authoring or maintenance tool outside the game runtime	ZH_LEGACY_EXCLUDED_SOURCE_RECORDS
GeneralsMD/Code/Tools/WorldBuilder/include/TerrainModal.h	tool-only	none	authoring or maintenance tool outside the game runtime	ZH_LEGACY_EXCLUDED_SOURCE_RECORDS
GeneralsMD/Code/Tools/WorldBuilder/include/TerrainSwatches.h	tool-only	none	authoring or maintenance tool outside the game runtime	ZH_LEGACY_EXCLUDED_SOURCE_RECORDS
GeneralsMD/Code/Tools/WorldBuilder/include/TileTool.h	tool-only	none	authoring or maintenance tool outside the game runtime	ZH_LEGACY_EXCLUDED_SOURCE_RECORDS
GeneralsMD/Code/Tools/WorldBuilder/include/Tool.h	tool-only	none	authoring or maintenance tool outside the game runtime	ZH_LEGACY_EXCLUDED_SOURCE_RECORDS
GeneralsMD/Code/Tools/WorldBuilder/include/WBFrameWnd.h	tool-only	none	authoring or maintenance tool outside the game runtime	ZH_LEGACY_EXCLUDED_SOURCE_RECORDS
GeneralsMD/Code/Tools/WorldBuilder/include/WBHeightMap.h	tool-only	none	authoring or maintenance tool outside the game runtime	ZH_LEGACY_EXCLUDED_SOURCE_RECORDS
GeneralsMD/Code/Tools/WorldBuilder/include/WHeightMapEdit.h	tool-only	none	authoring or maintenance tool outside the game runtime	ZH_LEGACY_EXCLUDED_SOURCE_RECORDS
GeneralsMD/Code/Tools/WorldBuilder/include/WaterOptions.h	tool-only	none	authoring or maintenance tool outside the game runtime	ZH_LEGACY_EXCLUDED_SOURCE_RECORDS
GeneralsMD/Code/Tools/WorldBuilder/include/WaterTool.h	tool-only	none	authoring or maintenance tool outside the game runtime	ZH_LEGACY_EXCLUDED_SOURCE_RECORDS
GeneralsMD/Code/Tools/WorldBuilder/include/WaypointOptions.h	tool-only	none	authoring or maintenance tool outside the game runtime	ZH_LEGACY_EXCLUDED_SOURCE_RECORDS
GeneralsMD/Code/Tools/WorldBuilder/include/WaypointTool.h	tool-only	none	authoring or maintenance tool outside the game runtime	ZH_LEGACY_EXCLUDED_SOURCE_RECORDS
GeneralsMD/Code/Tools/WorldBuilder/include/WorldBuilder.h	tool-only	none	authoring or maintenance tool outside the game runtime	ZH_LEGACY_EXCLUDED_SOURCE_RECORDS
GeneralsMD/Code/Tools/WorldBuilder/include/WorldBuilderDoc.h	tool-only	none	authoring or maintenance tool outside the game runtime	ZH_LEGACY_EXCLUDED_SOURCE_RECORDS
GeneralsMD/Code/Tools/WorldBuilder/include/WorldBuilderView.h	tool-only	none	authoring or maintenance tool outside the game runtime	ZH_LEGACY_EXCLUDED_SOURCE_RECORDS
GeneralsMD/Code/Tools/WorldBuilder/include/addplayerdialog.h	tool-only	none	authoring or maintenance tool outside the game runtime	ZH_LEGACY_EXCLUDED_SOURCE_RECORDS
GeneralsMD/Code/Tools/WorldBuilder/include/brushoptions.h	tool-only	none	authoring or maintenance tool outside the game runtime	ZH_LEGACY_EXCLUDED_SOURCE_RECORDS
GeneralsMD/Code/Tools/WorldBuilder/include/euladialog.h	tool-only	none	authoring or maintenance tool outside the game runtime	ZH_LEGACY_EXCLUDED_SOURCE_RECORDS
GeneralsMD/Code/Tools/WorldBuilder/include/mapobjectprops.h	tool-only	none	authoring or maintenance tool outside the game runtime	ZH_LEGACY_EXCLUDED_SOURCE_RECORDS
GeneralsMD/Code/Tools/WorldBuilder/include/playerlistdlg.h	tool-only	none	authoring or maintenance tool outside the game runtime	ZH_LEGACY_EXCLUDED_SOURCE_RECORDS
GeneralsMD/Code/Tools/WorldBuilder/include/propedit.h	tool-only	none	authoring or maintenance tool outside the game runtime	ZH_LEGACY_EXCLUDED_SOURCE_RECORDS
GeneralsMD/Code/Tools/WorldBuilder/include/teamsdialog.h	tool-only	none	authoring or maintenance tool outside the game runtime	ZH_LEGACY_EXCLUDED_SOURCE_RECORDS
GeneralsMD/Code/Tools/WorldBuilder/include/wbview.h	tool-only	none	authoring or maintenance tool outside the game runtime	ZH_LEGACY_EXCLUDED_SOURCE_RECORDS
GeneralsMD/Code/Tools/WorldBuilder/include/wbview3d.h	tool-only	none	authoring or maintenance tool outside the game runtime	ZH_LEGACY_EXCLUDED_SOURCE_RECORDS
GeneralsMD/Code/Tools/WorldBuilder/res/IDB_DownArrow.bmp	tool-only	none	authoring or maintenance tool outside the game runtime	ZH_LEGACY_EXCLUDED_SOURCE_RECORDS
GeneralsMD/Code/Tools/WorldBuilder/res/IDB_ROAD_CORNERS.bmp	tool-only	none	authoring or maintenance tool outside the game runtime	ZH_LEGACY_EXCLUDED_SOURCE_RECORDS
GeneralsMD/Code/Tools/WorldBuilder/res/IDC_AUTO_EDGE_OUT.cur	tool-only	none	authoring or maintenance tool outside the game runtime	ZH_LEGACY_EXCLUDED_SOURCE_RECORDS
GeneralsMD/Code/Tools/WorldBuilder/res/IDC_BLEND_EDGE.cur	tool-only	none	authoring or maintenance tool outside the game runtime	ZH_LEGACY_EXCLUDED_SOURCE_RECORDS
GeneralsMD/Code/Tools/WorldBuilder/res/IDC_BUILD_LIST_TOOL.cur	tool-only	none	authoring or maintenance tool outside the game runtime	ZH_LEGACY_EXCLUDED_SOURCE_RECORDS
GeneralsMD/Code/Tools/WorldBuilder/res/IDC_BUILD_MOVE.cur	tool-only	none	authoring or maintenance tool outside the game runtime	ZH_LEGACY_EXCLUDED_SOURCE_RECORDS
GeneralsMD/Code/Tools/WorldBuilder/res/IDC_BUILD_POINTER.cur	tool-only	none	authoring or maintenance tool outside the game runtime	ZH_LEGACY_EXCLUDED_SOURCE_RECORDS
GeneralsMD/Code/Tools/WorldBuilder/res/IDC_BUILD_ROTATE.cur	tool-only	none	authoring or maintenance tool outside the game runtime	ZH_LEGACY_EXCLUDED_SOURCE_RECORDS
GeneralsMD/Code/Tools/WorldBuilder/res/IDC_CLIFF.cur	tool-only	none	authoring or maintenance tool outside the game runtime	ZH_LEGACY_EXCLUDED_SOURCE_RECORDS
GeneralsMD/Code/Tools/WorldBuilder/res/IDC_EYEDROPPER.cur	tool-only	none	authoring or maintenance tool outside the game runtime	ZH_LEGACY_EXCLUDED_SOURCE_RECORDS
GeneralsMD/Code/Tools/WorldBuilder/res/IDC_FENCE.cur	tool-only	none	authoring or maintenance tool outside the game runtime	ZH_LEGACY_EXCLUDED_SOURCE_RECORDS
GeneralsMD/Code/Tools/WorldBuilder/res/IDC_FLOOD_FILL.cur	tool-only	none	authoring or maintenance tool outside the game runtime	ZH_LEGACY_EXCLUDED_SOURCE_RECORDS
GeneralsMD/Code/Tools/WorldBuilder/res/IDC_GROVE.cur	tool-only	none	authoring or maintenance tool outside the game runtime	ZH_LEGACY_EXCLUDED_SOURCE_RECORDS
GeneralsMD/Code/Tools/WorldBuilder/res/IDC_HAND_SCROLL.cur	tool-only	none	authoring or maintenance tool outside the game runtime	ZH_LEGACY_EXCLUDED_SOURCE_RECORDS
GeneralsMD/Code/Tools/WorldBuilder/res/IDC_MOLD_POINTER.cur	tool-only	none	authoring or maintenance tool outside the game runtime	ZH_LEGACY_EXCLUDED_SOURCE_RECORDS
GeneralsMD/Code/Tools/WorldBuilder/res/IDC_MOVE_POINTER.cur	tool-only	none	authoring or maintenance tool outside the game runtime	ZH_LEGACY_EXCLUDED_SOURCE_RECORDS
GeneralsMD/Code/Tools/WorldBuilder/res/IDC_PLACE_OBJECT.cur	tool-only	none	authoring or maintenance tool outside the game runtime	ZH_LEGACY_EXCLUDED_SOURCE_RECORDS
GeneralsMD/Code/Tools/WorldBuilder/res/IDC_POINTER.cur	tool-only	none	authoring or maintenance tool outside the game runtime	ZH_LEGACY_EXCLUDED_SOURCE_RECORDS
GeneralsMD/Code/Tools/WorldBuilder/res/IDC_POLYGON.cur	tool-only	none	authoring or maintenance tool outside the game runtime	ZH_LEGACY_EXCLUDED_SOURCE_RECORDS
GeneralsMD/Code/Tools/WorldBuilder/res/IDC_POLYGON_MOVE.cur	tool-only	none	authoring or maintenance tool outside the game runtime	ZH_LEGACY_EXCLUDED_SOURCE_RECORDS
GeneralsMD/Code/Tools/WorldBuilder/res/IDC_POLYGON_PLUS.cur	tool-only	none	authoring or maintenance tool outside the game runtime	ZH_LEGACY_EXCLUDED_SOURCE_RECORDS
GeneralsMD/Code/Tools/WorldBuilder/res/IDC_RAMP.cur	tool-only	none	authoring or maintenance tool outside the game runtime	ZH_LEGACY_EXCLUDED_SOURCE_RECORDS
GeneralsMD/Code/Tools/WorldBuilder/res/IDC_ROAD.cur	tool-only	none	authoring or maintenance tool outside the game runtime	ZH_LEGACY_EXCLUDED_SOURCE_RECORDS
GeneralsMD/Code/Tools/WorldBuilder/res/IDC_ROTATE.cur	tool-only	none	authoring or maintenance tool outside the game runtime	ZH_LEGACY_EXCLUDED_SOURCE_RECORDS
GeneralsMD/Code/Tools/WorldBuilder/res/IDC_Scorch.cur	tool-only	none	authoring or maintenance tool outside the game runtime	ZH_LEGACY_EXCLUDED_SOURCE_RECORDS
GeneralsMD/Code/Tools/WorldBuilder/res/IDC_WATER.cur	tool-only	none	authoring or maintenance tool outside the game runtime	ZH_LEGACY_EXCLUDED_SOURCE_RECORDS
GeneralsMD/Code/Tools/WorldBuilder/res/IDC_WATER_MOVE.cur	tool-only	none	authoring or maintenance tool outside the game runtime	ZH_LEGACY_EXCLUDED_SOURCE_RECORDS
GeneralsMD/Code/Tools/WorldBuilder/res/IDC_WATER_PLUS.cur	tool-only	none	authoring or maintenance tool outside the game runtime	ZH_LEGACY_EXCLUDED_SOURCE_RECORDS
GeneralsMD/Code/Tools/WorldBuilder/res/IDC_WAYPOINT.cur	tool-only	none	authoring or maintenance tool outside the game runtime	ZH_LEGACY_EXCLUDED_SOURCE_RECORDS
GeneralsMD/Code/Tools/WorldBuilder/res/IDI_Hide.ico	tool-only	none	authoring or maintenance tool outside the game runtime	ZH_LEGACY_EXCLUDED_SOURCE_RECORDS
GeneralsMD/Code/Tools/WorldBuilder/res/IDI_Show.ico	tool-only	none	authoring or maintenance tool outside the game runtime	ZH_LEGACY_EXCLUDED_SOURCE_RECORDS
GeneralsMD/Code/Tools/WorldBuilder/res/IDI_Thumb.ico	tool-only	none	authoring or maintenance tool outside the game runtime	ZH_LEGACY_EXCLUDED_SOURCE_RECORDS
GeneralsMD/Code/Tools/WorldBuilder/res/TileTool.cur	tool-only	none	authoring or maintenance tool outside the game runtime	ZH_LEGACY_EXCLUDED_SOURCE_RECORDS
GeneralsMD/Code/Tools/WorldBuilder/res/Toolbar.bmp	tool-only	none	authoring or maintenance tool outside the game runtime	ZH_LEGACY_EXCLUDED_SOURCE_RECORDS
GeneralsMD/Code/Tools/WorldBuilder/res/WorldBuilder.bmp	tool-only	none	authoring or maintenance tool outside the game runtime	ZH_LEGACY_EXCLUDED_SOURCE_RECORDS
GeneralsMD/Code/Tools/WorldBuilder/res/WorldBuilder.ico	tool-only	none	authoring or maintenance tool outside the game runtime	ZH_LEGACY_EXCLUDED_SOURCE_RECORDS
GeneralsMD/Code/Tools/WorldBuilder/res/WorldBuilder.rc	tool-only	none	authoring or maintenance tool outside the game runtime	ZH_LEGACY_EXCLUDED_SOURCE_RECORDS
GeneralsMD/Code/Tools/WorldBuilder/res/WorldBuilder.rc2	tool-only	none	authoring or maintenance tool outside the game runtime	ZH_LEGACY_EXCLUDED_SOURCE_RECORDS
GeneralsMD/Code/Tools/WorldBuilder/res/WorldBuilderDoc.ico	tool-only	none	authoring or maintenance tool outside the game runtime	ZH_LEGACY_EXCLUDED_SOURCE_RECORDS
GeneralsMD/Code/Tools/WorldBuilder/res/cross.cur	tool-only	none	authoring or maintenance tool outside the game runtime	ZH_LEGACY_EXCLUDED_SOURCE_RECORDS
GeneralsMD/Code/Tools/WorldBuilder/res/folder.bmp	tool-only	none	authoring or maintenance tool outside the game runtime	ZH_LEGACY_EXCLUDED_SOURCE_RECORDS
GeneralsMD/Code/Tools/WorldBuilder/res/foldersc.bmp	tool-only	none	authoring or maintenance tool outside the game runtime	ZH_LEGACY_EXCLUDED_SOURCE_RECORDS
GeneralsMD/Code/Tools/WorldBuilder/res/resource.h	tool-only	none	authoring or maintenance tool outside the game runtime	ZH_LEGACY_EXCLUDED_SOURCE_RECORDS
GeneralsMD/Code/Tools/WorldBuilder/res/toolbar1.bmp	tool-only	none	authoring or maintenance tool outside the game runtime	ZH_LEGACY_EXCLUDED_SOURCE_RECORDS
GeneralsMD/Code/Tools/WorldBuilder/res/toolbar2.bmp	tool-only	none	authoring or maintenance tool outside the game runtime	ZH_LEGACY_EXCLUDED_SOURCE_RECORDS
GeneralsMD/Code/Tools/WorldBuilder/src/AutoEdgeOutTool.cpp	tool-only	none	authoring or maintenance tool outside the game runtime	ZH_LEGACY_EXCLUDED_SOURCE_RECORDS
GeneralsMD/Code/Tools/WorldBuilder/src/BaseBuildProps.cpp	tool-only	none	authoring or maintenance tool outside the game runtime	ZH_LEGACY_EXCLUDED_SOURCE_RECORDS
GeneralsMD/Code/Tools/WorldBuilder/src/BlendEdgeTool.cpp	tool-only	none	authoring or maintenance tool outside the game runtime	ZH_LEGACY_EXCLUDED_SOURCE_RECORDS
GeneralsMD/Code/Tools/WorldBuilder/src/BlendMaterial.cpp	tool-only	none	authoring or maintenance tool outside the game runtime	ZH_LEGACY_EXCLUDED_SOURCE_RECORDS
GeneralsMD/Code/Tools/WorldBuilder/src/BorderTool.cpp	tool-only	none	authoring or maintenance tool outside the game runtime	ZH_LEGACY_EXCLUDED_SOURCE_RECORDS
GeneralsMD/Code/Tools/WorldBuilder/src/BrushTool.cpp	tool-only	none	authoring or maintenance tool outside the game runtime	ZH_LEGACY_EXCLUDED_SOURCE_RECORDS
GeneralsMD/Code/Tools/WorldBuilder/src/BuildList.cpp	tool-only	none	authoring or maintenance tool outside the game runtime	ZH_LEGACY_EXCLUDED_SOURCE_RECORDS
GeneralsMD/Code/Tools/WorldBuilder/src/BuildListTool.cpp	tool-only	none	authoring or maintenance tool outside the game runtime	ZH_LEGACY_EXCLUDED_SOURCE_RECORDS
GeneralsMD/Code/Tools/WorldBuilder/src/CButtonShowColor.cpp	tool-only	none	authoring or maintenance tool outside the game runtime	ZH_LEGACY_EXCLUDED_SOURCE_RECORDS
GeneralsMD/Code/Tools/WorldBuilder/src/CButtonShowColor.h	tool-only	none	authoring or maintenance tool outside the game runtime	ZH_LEGACY_EXCLUDED_SOURCE_RECORDS
GeneralsMD/Code/Tools/WorldBuilder/src/CFixTeamOwnerDialog.cpp	tool-only	none	authoring or maintenance tool outside the game runtime	ZH_LEGACY_EXCLUDED_SOURCE_RECORDS
GeneralsMD/Code/Tools/WorldBuilder/src/CUndoable.cpp	tool-only	none	authoring or maintenance tool outside the game runtime	ZH_LEGACY_EXCLUDED_SOURCE_RECORDS
GeneralsMD/Code/Tools/WorldBuilder/src/CameraOptions.cpp	tool-only	none	authoring or maintenance tool outside the game runtime	ZH_LEGACY_EXCLUDED_SOURCE_RECORDS
GeneralsMD/Code/Tools/WorldBuilder/src/CellWidth.cpp	tool-only	none	authoring or maintenance tool outside the game runtime	ZH_LEGACY_EXCLUDED_SOURCE_RECORDS
GeneralsMD/Code/Tools/WorldBuilder/src/ContourOptions.cpp	tool-only	none	authoring or maintenance tool outside the game runtime	ZH_LEGACY_EXCLUDED_SOURCE_RECORDS
GeneralsMD/Code/Tools/WorldBuilder/src/DrawObject.cpp	tool-only	none	authoring or maintenance tool outside the game runtime	ZH_LEGACY_EXCLUDED_SOURCE_RECORDS
GeneralsMD/Code/Tools/WorldBuilder/src/EditAction.cpp	tool-only	none	authoring or maintenance tool outside the game runtime	ZH_LEGACY_EXCLUDED_SOURCE_RECORDS
GeneralsMD/Code/Tools/WorldBuilder/src/EditCondition.cpp	tool-only	none	authoring or maintenance tool outside the game runtime	ZH_LEGACY_EXCLUDED_SOURCE_RECORDS
GeneralsMD/Code/Tools/WorldBuilder/src/EditCoordParameter.cpp	tool-only	none	authoring or maintenance tool outside the game runtime	ZH_LEGACY_EXCLUDED_SOURCE_RECORDS
GeneralsMD/Code/Tools/WorldBuilder/src/EditGroup.cpp	tool-only	none	authoring or maintenance tool outside the game runtime	ZH_LEGACY_EXCLUDED_SOURCE_RECORDS
GeneralsMD/Code/Tools/WorldBuilder/src/EditObjectParameter.cpp	tool-only	none	authoring or maintenance tool outside the game runtime	ZH_LEGACY_EXCLUDED_SOURCE_RECORDS
GeneralsMD/Code/Tools/WorldBuilder/src/EditParameter.cpp	tool-only	none	authoring or maintenance tool outside the game runtime	ZH_LEGACY_EXCLUDED_SOURCE_RECORDS
GeneralsMD/Code/Tools/WorldBuilder/src/EulaDialog.cpp	tool-only	none	authoring or maintenance tool outside the game runtime	ZH_LEGACY_EXCLUDED_SOURCE_RECORDS
GeneralsMD/Code/Tools/WorldBuilder/src/ExportScriptsOptions.cpp	tool-only	none	authoring or maintenance tool outside the game runtime	ZH_LEGACY_EXCLUDED_SOURCE_RECORDS
GeneralsMD/Code/Tools/WorldBuilder/src/EyedropperTool.cpp	tool-only	none	authoring or maintenance tool outside the game runtime	ZH_LEGACY_EXCLUDED_SOURCE_RECORDS
GeneralsMD/Code/Tools/WorldBuilder/src/FeatherOptions.cpp	tool-only	none	authoring or maintenance tool outside the game runtime	ZH_LEGACY_EXCLUDED_SOURCE_RECORDS
GeneralsMD/Code/Tools/WorldBuilder/src/FeatherTool.cpp	tool-only	none	authoring or maintenance tool outside the game runtime	ZH_LEGACY_EXCLUDED_SOURCE_RECORDS
GeneralsMD/Code/Tools/WorldBuilder/src/FenceOptions.cpp	tool-only	none	authoring or maintenance tool outside the game runtime	ZH_LEGACY_EXCLUDED_SOURCE_RECORDS
GeneralsMD/Code/Tools/WorldBuilder/src/FenceTool.cpp	tool-only	none	authoring or maintenance tool outside the game runtime	ZH_LEGACY_EXCLUDED_SOURCE_RECORDS
GeneralsMD/Code/Tools/WorldBuilder/src/FloodFillTool.cpp	tool-only	none	authoring or maintenance tool outside the game runtime	ZH_LEGACY_EXCLUDED_SOURCE_RECORDS
GeneralsMD/Code/Tools/WorldBuilder/src/GlobalLightOptions.cpp	tool-only	none	authoring or maintenance tool outside the game runtime	ZH_LEGACY_EXCLUDED_SOURCE_RECORDS
GeneralsMD/Code/Tools/WorldBuilder/src/GroveOptions.cpp	tool-only	none	authoring or maintenance tool outside the game runtime	ZH_LEGACY_EXCLUDED_SOURCE_RECORDS
GeneralsMD/Code/Tools/WorldBuilder/src/GroveTool.cpp	tool-only	none	authoring or maintenance tool outside the game runtime	ZH_LEGACY_EXCLUDED_SOURCE_RECORDS
GeneralsMD/Code/Tools/WorldBuilder/src/HandScrollTool.cpp	tool-only	none	authoring or maintenance tool outside the game runtime	ZH_LEGACY_EXCLUDED_SOURCE_RECORDS
GeneralsMD/Code/Tools/WorldBuilder/src/ImpassableOptions.cpp	tool-only	none	authoring or maintenance tool outside the game runtime	ZH_LEGACY_EXCLUDED_SOURCE_RECORDS
GeneralsMD/Code/Tools/WorldBuilder/src/LayersList.cpp	tool-only	none	authoring or maintenance tool outside the game runtime	ZH_LEGACY_EXCLUDED_SOURCE_RECORDS
GeneralsMD/Code/Tools/WorldBuilder/src/LightOptions.cpp	tool-only	none	authoring or maintenance tool outside the game runtime	ZH_LEGACY_EXCLUDED_SOURCE_RECORDS
GeneralsMD/Code/Tools/WorldBuilder/src/MainFrm.cpp	tool-only	none	authoring or maintenance tool outside the game runtime	ZH_LEGACY_EXCLUDED_SOURCE_RECORDS
GeneralsMD/Code/Tools/WorldBuilder/src/MapPreview.cpp	tool-only	none	authoring or maintenance tool outside the game runtime	ZH_LEGACY_EXCLUDED_SOURCE_RECORDS
GeneralsMD/Code/Tools/WorldBuilder/src/MapSettings.cpp	tool-only	none	authoring or maintenance tool outside the game runtime	ZH_LEGACY_EXCLUDED_SOURCE_RECORDS
GeneralsMD/Code/Tools/WorldBuilder/src/MeshMoldOptions.cpp	tool-only	none	authoring or maintenance tool outside the game runtime	ZH_LEGACY_EXCLUDED_SOURCE_RECORDS
GeneralsMD/Code/Tools/WorldBuilder/src/MeshMoldTool.cpp	tool-only	none	authoring or maintenance tool outside the game runtime	ZH_LEGACY_EXCLUDED_SOURCE_RECORDS
GeneralsMD/Code/Tools/WorldBuilder/src/MoundOptions.cpp	tool-only	none	authoring or maintenance tool outside the game runtime	ZH_LEGACY_EXCLUDED_SOURCE_RECORDS
GeneralsMD/Code/Tools/WorldBuilder/src/MoundTool.cpp	tool-only	none	authoring or maintenance tool outside the game runtime	ZH_LEGACY_EXCLUDED_SOURCE_RECORDS
GeneralsMD/Code/Tools/WorldBuilder/src/MyToolbar.cpp	tool-only	none	authoring or maintenance tool outside the game runtime	ZH_LEGACY_EXCLUDED_SOURCE_RECORDS
GeneralsMD/Code/Tools/WorldBuilder/src/NewHeightMap.cpp	tool-only	none	authoring or maintenance tool outside the game runtime	ZH_LEGACY_EXCLUDED_SOURCE_RECORDS
GeneralsMD/Code/Tools/WorldBuilder/src/ObjectOptions.cpp	tool-only	none	authoring or maintenance tool outside the game runtime	ZH_LEGACY_EXCLUDED_SOURCE_RECORDS
GeneralsMD/Code/Tools/WorldBuilder/src/ObjectPreview.cpp	tool-only	none	authoring or maintenance tool outside the game runtime	ZH_LEGACY_EXCLUDED_SOURCE_RECORDS
GeneralsMD/Code/Tools/WorldBuilder/src/ObjectTool.cpp	tool-only	none	authoring or maintenance tool outside the game runtime	ZH_LEGACY_EXCLUDED_SOURCE_RECORDS
GeneralsMD/Code/Tools/WorldBuilder/src/OpenMap.cpp	tool-only	none	authoring or maintenance tool outside the game runtime	ZH_LEGACY_EXCLUDED_SOURCE_RECORDS
GeneralsMD/Code/Tools/WorldBuilder/src/OptionsPanel.cpp	tool-only	none	authoring or maintenance tool outside the game runtime	ZH_LEGACY_EXCLUDED_SOURCE_RECORDS
GeneralsMD/Code/Tools/WorldBuilder/src/PickUnitDialog.cpp	tool-only	none	authoring or maintenance tool outside the game runtime	ZH_LEGACY_EXCLUDED_SOURCE_RECORDS
GeneralsMD/Code/Tools/WorldBuilder/src/PointerTool.cpp	tool-only	none	authoring or maintenance tool outside the game runtime	ZH_LEGACY_EXCLUDED_SOURCE_RECORDS
GeneralsMD/Code/Tools/WorldBuilder/src/PolygonTool.cpp	tool-only	none	authoring or maintenance tool outside the game runtime	ZH_LEGACY_EXCLUDED_SOURCE_RECORDS
GeneralsMD/Code/Tools/WorldBuilder/src/RampOptions.cpp	tool-only	none	authoring or maintenance tool outside the game runtime	ZH_LEGACY_EXCLUDED_SOURCE_RECORDS
GeneralsMD/Code/Tools/WorldBuilder/src/RampTool.cpp	tool-only	none	authoring or maintenance tool outside the game runtime	ZH_LEGACY_EXCLUDED_SOURCE_RECORDS
GeneralsMD/Code/Tools/WorldBuilder/src/RoadOptions.cpp	tool-only	none	authoring or maintenance tool outside the game runtime	ZH_LEGACY_EXCLUDED_SOURCE_RECORDS
GeneralsMD/Code/Tools/WorldBuilder/src/RoadTool.cpp	tool-only	none	authoring or maintenance tool outside the game runtime	ZH_LEGACY_EXCLUDED_SOURCE_RECORDS
GeneralsMD/Code/Tools/WorldBuilder/src/RulerOptions.cpp	tool-only	none	authoring or maintenance tool outside the game runtime	ZH_LEGACY_EXCLUDED_SOURCE_RECORDS
GeneralsMD/Code/Tools/WorldBuilder/src/RulerTool.cpp	tool-only	none	authoring or maintenance tool outside the game runtime	ZH_LEGACY_EXCLUDED_SOURCE_RECORDS
GeneralsMD/Code/Tools/WorldBuilder/src/SaveMap.cpp	tool-only	none	authoring or maintenance tool outside the game runtime	ZH_LEGACY_EXCLUDED_SOURCE_RECORDS
GeneralsMD/Code/Tools/WorldBuilder/src/ScorchOptions.cpp	tool-only	none	authoring or maintenance tool outside the game runtime	ZH_LEGACY_EXCLUDED_SOURCE_RECORDS
GeneralsMD/Code/Tools/WorldBuilder/src/ScorchTool.cpp	tool-only	none	authoring or maintenance tool outside the game runtime	ZH_LEGACY_EXCLUDED_SOURCE_RECORDS
GeneralsMD/Code/Tools/WorldBuilder/src/ScriptActionsFalse.cpp	tool-only	none	authoring or maintenance tool outside the game runtime	ZH_LEGACY_EXCLUDED_SOURCE_RECORDS
GeneralsMD/Code/Tools/WorldBuilder/src/ScriptActionsTrue.cpp	tool-only	none	authoring or maintenance tool outside the game runtime	ZH_LEGACY_EXCLUDED_SOURCE_RECORDS
GeneralsMD/Code/Tools/WorldBuilder/src/ScriptConditions.cpp	tool-only	none	authoring or maintenance tool outside the game runtime	ZH_LEGACY_EXCLUDED_SOURCE_RECORDS
GeneralsMD/Code/Tools/WorldBuilder/src/ScriptDialog.cpp	tool-only	none	authoring or maintenance tool outside the game runtime	ZH_LEGACY_EXCLUDED_SOURCE_RECORDS
GeneralsMD/Code/Tools/WorldBuilder/src/ScriptProperties.cpp	tool-only	none	authoring or maintenance tool outside the game runtime	ZH_LEGACY_EXCLUDED_SOURCE_RECORDS
GeneralsMD/Code/Tools/WorldBuilder/src/SelectMacrotexture.cpp	tool-only	none	authoring or maintenance tool outside the game runtime	ZH_LEGACY_EXCLUDED_SOURCE_RECORDS
GeneralsMD/Code/Tools/WorldBuilder/src/ShadowOptions.cpp	tool-only	none	authoring or maintenance tool outside the game runtime	ZH_LEGACY_EXCLUDED_SOURCE_RECORDS
GeneralsMD/Code/Tools/WorldBuilder/src/SplashScreen.cpp	tool-only	none	authoring or maintenance tool outside the game runtime	ZH_LEGACY_EXCLUDED_SOURCE_RECORDS
GeneralsMD/Code/Tools/WorldBuilder/src/StdAfx.cpp	tool-only	none	authoring or maintenance tool outside the game runtime	ZH_LEGACY_EXCLUDED_SOURCE_RECORDS
GeneralsMD/Code/Tools/WorldBuilder/src/TeamBehavior.cpp	tool-only	none	authoring or maintenance tool outside the game runtime	ZH_LEGACY_EXCLUDED_SOURCE_RECORDS
GeneralsMD/Code/Tools/WorldBuilder/src/TeamGeneric.cpp	tool-only	none	authoring or maintenance tool outside the game runtime	ZH_LEGACY_EXCLUDED_SOURCE_RECORDS
GeneralsMD/Code/Tools/WorldBuilder/src/TeamIdentity.cpp	tool-only	none	authoring or maintenance tool outside the game runtime	ZH_LEGACY_EXCLUDED_SOURCE_RECORDS
GeneralsMD/Code/Tools/WorldBuilder/src/TeamObjectProperties.cpp	tool-only	none	authoring or maintenance tool outside the game runtime	ZH_LEGACY_EXCLUDED_SOURCE_RECORDS
GeneralsMD/Code/Tools/WorldBuilder/src/TeamReinforcement.cpp	tool-only	none	authoring or maintenance tool outside the game runtime	ZH_LEGACY_EXCLUDED_SOURCE_RECORDS
GeneralsMD/Code/Tools/WorldBuilder/src/TerrainMaterial.cpp	tool-only	none	authoring or maintenance tool outside the game runtime	ZH_LEGACY_EXCLUDED_SOURCE_RECORDS
GeneralsMD/Code/Tools/WorldBuilder/src/TerrainModal.cpp	tool-only	none	authoring or maintenance tool outside the game runtime	ZH_LEGACY_EXCLUDED_SOURCE_RECORDS
GeneralsMD/Code/Tools/WorldBuilder/src/TerrainSwatches.cpp	tool-only	none	authoring or maintenance tool outside the game runtime	ZH_LEGACY_EXCLUDED_SOURCE_RECORDS
GeneralsMD/Code/Tools/WorldBuilder/src/TileTool.cpp	tool-only	none	authoring or maintenance tool outside the game runtime	ZH_LEGACY_EXCLUDED_SOURCE_RECORDS
GeneralsMD/Code/Tools/WorldBuilder/src/Tool.cpp	tool-only	none	authoring or maintenance tool outside the game runtime	ZH_LEGACY_EXCLUDED_SOURCE_RECORDS
GeneralsMD/Code/Tools/WorldBuilder/src/WBFrameWnd.cpp	tool-only	none	authoring or maintenance tool outside the game runtime	ZH_LEGACY_EXCLUDED_SOURCE_RECORDS
GeneralsMD/Code/Tools/WorldBuilder/src/WBHeightMap.cpp	tool-only	none	authoring or maintenance tool outside the game runtime	ZH_LEGACY_EXCLUDED_SOURCE_RECORDS
GeneralsMD/Code/Tools/WorldBuilder/src/WBPopupSlider.cpp	tool-only	none	authoring or maintenance tool outside the game runtime	ZH_LEGACY_EXCLUDED_SOURCE_RECORDS
GeneralsMD/Code/Tools/WorldBuilder/src/WHeightMapEdit.cpp	tool-only	none	authoring or maintenance tool outside the game runtime	ZH_LEGACY_EXCLUDED_SOURCE_RECORDS
GeneralsMD/Code/Tools/WorldBuilder/src/WaterOptions.cpp	tool-only	none	authoring or maintenance tool outside the game runtime	ZH_LEGACY_EXCLUDED_SOURCE_RECORDS
GeneralsMD/Code/Tools/WorldBuilder/src/WaterTool.cpp	tool-only	none	authoring or maintenance tool outside the game runtime	ZH_LEGACY_EXCLUDED_SOURCE_RECORDS
GeneralsMD/Code/Tools/WorldBuilder/src/WaypointOptions.cpp	tool-only	none	authoring or maintenance tool outside the game runtime	ZH_LEGACY_EXCLUDED_SOURCE_RECORDS
GeneralsMD/Code/Tools/WorldBuilder/src/WaypointTool.cpp	tool-only	none	authoring or maintenance tool outside the game runtime	ZH_LEGACY_EXCLUDED_SOURCE_RECORDS
GeneralsMD/Code/Tools/WorldBuilder/src/WorldBuilder.cpp	tool-only	none	authoring or maintenance tool outside the game runtime	ZH_LEGACY_EXCLUDED_SOURCE_RECORDS
GeneralsMD/Code/Tools/WorldBuilder/src/WorldBuilderDoc.cpp	tool-only	none	authoring or maintenance tool outside the game runtime	ZH_LEGACY_EXCLUDED_SOURCE_RECORDS
GeneralsMD/Code/Tools/WorldBuilder/src/WorldBuilderView.cpp	tool-only	none	authoring or maintenance tool outside the game runtime	ZH_LEGACY_EXCLUDED_SOURCE_RECORDS
GeneralsMD/Code/Tools/WorldBuilder/src/addplayerdialog.cpp	tool-only	none	authoring or maintenance tool outside the game runtime	ZH_LEGACY_EXCLUDED_SOURCE_RECORDS
GeneralsMD/Code/Tools/WorldBuilder/src/brushoptions.cpp	tool-only	none	authoring or maintenance tool outside the game runtime	ZH_LEGACY_EXCLUDED_SOURCE_RECORDS
GeneralsMD/Code/Tools/WorldBuilder/src/mapobjectprops.cpp	tool-only	none	authoring or maintenance tool outside the game runtime	ZH_LEGACY_EXCLUDED_SOURCE_RECORDS
GeneralsMD/Code/Tools/WorldBuilder/src/playerlistdlg.cpp	tool-only	none	authoring or maintenance tool outside the game runtime	ZH_LEGACY_EXCLUDED_SOURCE_RECORDS
GeneralsMD/Code/Tools/WorldBuilder/src/propedit.cpp	tool-only	none	authoring or maintenance tool outside the game runtime	ZH_LEGACY_EXCLUDED_SOURCE_RECORDS
GeneralsMD/Code/Tools/WorldBuilder/src/teamsdialog.cpp	tool-only	none	authoring or maintenance tool outside the game runtime	ZH_LEGACY_EXCLUDED_SOURCE_RECORDS
GeneralsMD/Code/Tools/WorldBuilder/src/wbview.cpp	tool-only	none	authoring or maintenance tool outside the game runtime	ZH_LEGACY_EXCLUDED_SOURCE_RECORDS
GeneralsMD/Code/Tools/WorldBuilder/src/wbview3d.cpp	tool-only	none	authoring or maintenance tool outside the game runtime	ZH_LEGACY_EXCLUDED_SOURCE_RECORDS
GeneralsMD/Code/Tools/arrow.cur	excluded	none	manifest input is absent from the repository or outside its source boundary	ZH_LEGACY_UNAVAILABLE_SOURCE_RECORDS
GeneralsMD/Code/Tools/assetcull/assetcull.cpp	tool-only	none	authoring or maintenance tool outside the game runtime	ZH_LEGACY_EXCLUDED_SOURCE_RECORDS
GeneralsMD/Code/Tools/autorun.ico	excluded	none	manifest input is absent from the repository or outside its source boundary	ZH_LEGACY_UNAVAILABLE_SOURCE_RECORDS
GeneralsMD/Code/Tools/buildVersionUpdate/buildVersionUpdate.cpp	tool-only	none	authoring or maintenance tool outside the game runtime	ZH_LEGACY_EXCLUDED_SOURCE_RECORDS
GeneralsMD/Code/Tools/mangler/Makefile	tool-only	none	authoring or maintenance tool outside the game runtime	ZH_LEGACY_EXCLUDED_SOURCE_RECORDS
GeneralsMD/Code/Tools/mangler/crc.cpp	tool-only	none	authoring or maintenance tool outside the game runtime	ZH_LEGACY_EXCLUDED_SOURCE_RECORDS
GeneralsMD/Code/Tools/mangler/crc.h	tool-only	none	authoring or maintenance tool outside the game runtime	ZH_LEGACY_EXCLUDED_SOURCE_RECORDS
GeneralsMD/Code/Tools/mangler/endian.h	tool-only	none	authoring or maintenance tool outside the game runtime	ZH_LEGACY_EXCLUDED_SOURCE_RECORDS
GeneralsMD/Code/Tools/mangler/mangler.cfg	excluded	none	manifest input is absent from the repository or outside its source boundary	ZH_LEGACY_UNAVAILABLE_SOURCE_RECORDS
GeneralsMD/Code/Tools/mangler/mangler.cpp	tool-only	none	authoring or maintenance tool outside the game runtime	ZH_LEGACY_EXCLUDED_SOURCE_RECORDS
GeneralsMD/Code/Tools/mangler/mangler.h	tool-only	none	authoring or maintenance tool outside the game runtime	ZH_LEGACY_EXCLUDED_SOURCE_RECORDS
GeneralsMD/Code/Tools/mangler/mangler.log	excluded	none	manifest input is absent from the repository or outside its source boundary	ZH_LEGACY_UNAVAILABLE_SOURCE_RECORDS
GeneralsMD/Code/Tools/mangler/manglertest.cfg	excluded	none	manifest input is absent from the repository or outside its source boundary	ZH_LEGACY_UNAVAILABLE_SOURCE_RECORDS
GeneralsMD/Code/Tools/mangler/manglertest.cpp	tool-only	none	authoring or maintenance tool outside the game runtime	ZH_LEGACY_EXCLUDED_SOURCE_RECORDS
GeneralsMD/Code/Tools/mangler/manglertest.log	excluded	none	manifest input is absent from the repository or outside its source boundary	ZH_LEGACY_UNAVAILABLE_SOURCE_RECORDS
GeneralsMD/Code/Tools/mangler/wlib/Makefile	tool-only	none	authoring or maintenance tool outside the game runtime	ZH_LEGACY_EXCLUDED_SOURCE_RECORDS
GeneralsMD/Code/Tools/mangler/wlib/arraylist.h	tool-only	none	authoring or maintenance tool outside the game runtime	ZH_LEGACY_EXCLUDED_SOURCE_RECORDS
GeneralsMD/Code/Tools/mangler/wlib/configfile.cpp	tool-only	none	authoring or maintenance tool outside the game runtime	ZH_LEGACY_EXCLUDED_SOURCE_RECORDS
GeneralsMD/Code/Tools/mangler/wlib/configfile.h	tool-only	none	authoring or maintenance tool outside the game runtime	ZH_LEGACY_EXCLUDED_SOURCE_RECORDS
GeneralsMD/Code/Tools/mangler/wlib/critsec.cpp	tool-only	none	authoring or maintenance tool outside the game runtime	ZH_LEGACY_EXCLUDED_SOURCE_RECORDS
GeneralsMD/Code/Tools/mangler/wlib/critsec.h	tool-only	none	authoring or maintenance tool outside the game runtime	ZH_LEGACY_EXCLUDED_SOURCE_RECORDS
GeneralsMD/Code/Tools/mangler/wlib/dictionary.h	tool-only	none	authoring or maintenance tool outside the game runtime	ZH_LEGACY_EXCLUDED_SOURCE_RECORDS
GeneralsMD/Code/Tools/mangler/wlib/filed.h	tool-only	none	authoring or maintenance tool outside the game runtime	ZH_LEGACY_EXCLUDED_SOURCE_RECORDS
GeneralsMD/Code/Tools/mangler/wlib/linkedlist.h	tool-only	none	authoring or maintenance tool outside the game runtime	ZH_LEGACY_EXCLUDED_SOURCE_RECORDS
GeneralsMD/Code/Tools/mangler/wlib/mboxd.h	tool-only	none	authoring or maintenance tool outside the game runtime	ZH_LEGACY_EXCLUDED_SOURCE_RECORDS
GeneralsMD/Code/Tools/mangler/wlib/monod.cpp	tool-only	none	authoring or maintenance tool outside the game runtime	ZH_LEGACY_EXCLUDED_SOURCE_RECORDS
GeneralsMD/Code/Tools/mangler/wlib/monod.h	tool-only	none	authoring or maintenance tool outside the game runtime	ZH_LEGACY_EXCLUDED_SOURCE_RECORDS
GeneralsMD/Code/Tools/mangler/wlib/odevice.h	tool-only	none	authoring or maintenance tool outside the game runtime	ZH_LEGACY_EXCLUDED_SOURCE_RECORDS
GeneralsMD/Code/Tools/mangler/wlib/sem4.cpp	tool-only	none	authoring or maintenance tool outside the game runtime	ZH_LEGACY_EXCLUDED_SOURCE_RECORDS
GeneralsMD/Code/Tools/mangler/wlib/sem4.h	tool-only	none	authoring or maintenance tool outside the game runtime	ZH_LEGACY_EXCLUDED_SOURCE_RECORDS
GeneralsMD/Code/Tools/mangler/wlib/stderrd.h	tool-only	none	authoring or maintenance tool outside the game runtime	ZH_LEGACY_EXCLUDED_SOURCE_RECORDS
GeneralsMD/Code/Tools/mangler/wlib/stdoutd.h	tool-only	none	authoring or maintenance tool outside the game runtime	ZH_LEGACY_EXCLUDED_SOURCE_RECORDS
GeneralsMD/Code/Tools/mangler/wlib/streamer.cpp	tool-only	none	authoring or maintenance tool outside the game runtime	ZH_LEGACY_EXCLUDED_SOURCE_RECORDS
GeneralsMD/Code/Tools/mangler/wlib/streamer.h	tool-only	none	authoring or maintenance tool outside the game runtime	ZH_LEGACY_EXCLUDED_SOURCE_RECORDS
GeneralsMD/Code/Tools/mangler/wlib/syslogd.cpp	tool-only	none	authoring or maintenance tool outside the game runtime	ZH_LEGACY_EXCLUDED_SOURCE_RECORDS
GeneralsMD/Code/Tools/mangler/wlib/syslogd.h	tool-only	none	authoring or maintenance tool outside the game runtime	ZH_LEGACY_EXCLUDED_SOURCE_RECORDS
GeneralsMD/Code/Tools/mangler/wlib/threadfac.cpp	tool-only	none	authoring or maintenance tool outside the game runtime	ZH_LEGACY_EXCLUDED_SOURCE_RECORDS
GeneralsMD/Code/Tools/mangler/wlib/threadfac.h	tool-only	none	authoring or maintenance tool outside the game runtime	ZH_LEGACY_EXCLUDED_SOURCE_RECORDS
GeneralsMD/Code/Tools/mangler/wlib/threadsafe.h	tool-only	none	authoring or maintenance tool outside the game runtime	ZH_LEGACY_EXCLUDED_SOURCE_RECORDS
GeneralsMD/Code/Tools/mangler/wlib/timezone.cpp	tool-only	none	authoring or maintenance tool outside the game runtime	ZH_LEGACY_EXCLUDED_SOURCE_RECORDS
GeneralsMD/Code/Tools/mangler/wlib/timezone.h	tool-only	none	authoring or maintenance tool outside the game runtime	ZH_LEGACY_EXCLUDED_SOURCE_RECORDS
GeneralsMD/Code/Tools/mangler/wlib/ustring.h	tool-only	none	authoring or maintenance tool outside the game runtime	ZH_LEGACY_EXCLUDED_SOURCE_RECORDS
GeneralsMD/Code/Tools/mangler/wlib/wdebug.cpp	tool-only	none	authoring or maintenance tool outside the game runtime	ZH_LEGACY_EXCLUDED_SOURCE_RECORDS
GeneralsMD/Code/Tools/mangler/wlib/wdebug.h	tool-only	none	authoring or maintenance tool outside the game runtime	ZH_LEGACY_EXCLUDED_SOURCE_RECORDS
GeneralsMD/Code/Tools/mangler/wlib/wstring.cpp	tool-only	none	authoring or maintenance tool outside the game runtime	ZH_LEGACY_EXCLUDED_SOURCE_RECORDS
GeneralsMD/Code/Tools/mangler/wlib/wstring.h	tool-only	none	authoring or maintenance tool outside the game runtime	ZH_LEGACY_EXCLUDED_SOURCE_RECORDS
GeneralsMD/Code/Tools/mangler/wlib/wstypes.h	tool-only	none	authoring or maintenance tool outside the game runtime	ZH_LEGACY_EXCLUDED_SOURCE_RECORDS
GeneralsMD/Code/Tools/mangler/wlib/wtime.cpp	tool-only	none	authoring or maintenance tool outside the game runtime	ZH_LEGACY_EXCLUDED_SOURCE_RECORDS
GeneralsMD/Code/Tools/mangler/wlib/wtime.h	tool-only	none	authoring or maintenance tool outside the game runtime	ZH_LEGACY_EXCLUDED_SOURCE_RECORDS
GeneralsMD/Code/Tools/mangler/wlib/xtime.cpp	tool-only	none	authoring or maintenance tool outside the game runtime	ZH_LEGACY_EXCLUDED_SOURCE_RECORDS
GeneralsMD/Code/Tools/mangler/wlib/xtime.h	tool-only	none	authoring or maintenance tool outside the game runtime	ZH_LEGACY_EXCLUDED_SOURCE_RECORDS
GeneralsMD/Code/Tools/mangler/wnet/Makefile	tool-only	none	authoring or maintenance tool outside the game runtime	ZH_LEGACY_EXCLUDED_SOURCE_RECORDS
GeneralsMD/Code/Tools/mangler/wnet/field.cpp	tool-only	none	authoring or maintenance tool outside the game runtime	ZH_LEGACY_EXCLUDED_SOURCE_RECORDS
GeneralsMD/Code/Tools/mangler/wnet/field.h	tool-only	none	authoring or maintenance tool outside the game runtime	ZH_LEGACY_EXCLUDED_SOURCE_RECORDS
GeneralsMD/Code/Tools/mangler/wnet/packet.cpp	tool-only	none	authoring or maintenance tool outside the game runtime	ZH_LEGACY_EXCLUDED_SOURCE_RECORDS
GeneralsMD/Code/Tools/mangler/wnet/packet.h	tool-only	none	authoring or maintenance tool outside the game runtime	ZH_LEGACY_EXCLUDED_SOURCE_RECORDS
GeneralsMD/Code/Tools/mangler/wnet/tcp.cpp	tool-only	none	authoring or maintenance tool outside the game runtime	ZH_LEGACY_EXCLUDED_SOURCE_RECORDS
GeneralsMD/Code/Tools/mangler/wnet/tcp.h	tool-only	none	authoring or maintenance tool outside the game runtime	ZH_LEGACY_EXCLUDED_SOURCE_RECORDS
GeneralsMD/Code/Tools/mangler/wnet/udp.cpp	tool-only	none	authoring or maintenance tool outside the game runtime	ZH_LEGACY_EXCLUDED_SOURCE_RECORDS
GeneralsMD/Code/Tools/mangler/wnet/udp.h	tool-only	none	authoring or maintenance tool outside the game runtime	ZH_LEGACY_EXCLUDED_SOURCE_RECORDS
GeneralsMD/Code/Tools/textureCompress/textureCompress.cpp	tool-only	none	authoring or maintenance tool outside the game runtime	ZH_LEGACY_EXCLUDED_SOURCE_RECORDS
GeneralsMD/Code/Tools/textureCompress/textureCompress.rc	tool-only	none	authoring or maintenance tool outside the game runtime	ZH_LEGACY_EXCLUDED_SOURCE_RECORDS
GeneralsMD/Code/Tools/timingTest/ReadMe.txt	excluded	none	manifest input is absent from the repository or outside its source boundary	ZH_LEGACY_UNAVAILABLE_SOURCE_RECORDS
GeneralsMD/Code/Tools/timingTest/StdAfx.cpp	tool-only	none	authoring or maintenance tool outside the game runtime	ZH_LEGACY_EXCLUDED_SOURCE_RECORDS
GeneralsMD/Code/Tools/timingTest/StdAfx.h	tool-only	none	authoring or maintenance tool outside the game runtime	ZH_LEGACY_EXCLUDED_SOURCE_RECORDS
GeneralsMD/Code/Tools/timingTest/timingTest.cpp	tool-only	none	authoring or maintenance tool outside the game runtime	ZH_LEGACY_EXCLUDED_SOURCE_RECORDS
GeneralsMD/Code/Tools/versionUpdate/ReadMe.txt	excluded	none	manifest input is absent from the repository or outside its source boundary	ZH_LEGACY_UNAVAILABLE_SOURCE_RECORDS
GeneralsMD/Code/Tools/versionUpdate/versionUpdate.cpp	tool-only	none	authoring or maintenance tool outside the game runtime	ZH_LEGACY_EXCLUDED_SOURCE_RECORDS
GeneralsMD/Code/Tools/wolSetup/ReadMe.txt	excluded	none	manifest input is absent from the repository or outside its source boundary	ZH_LEGACY_UNAVAILABLE_SOURCE_RECORDS
GeneralsMD/Code/Tools/wolSetup/WOLAPI/wolapi_i.c	tool-only	none	authoring or maintenance tool outside the game runtime	ZH_LEGACY_EXCLUDED_SOURCE_RECORDS
GeneralsMD/Code/Tools/wolSetup/resource.h	tool-only	none	authoring or maintenance tool outside the game runtime	ZH_LEGACY_EXCLUDED_SOURCE_RECORDS
GeneralsMD/Code/Tools/wolSetup/small.ico	tool-only	none	authoring or maintenance tool outside the game runtime	ZH_LEGACY_EXCLUDED_SOURCE_RECORDS
GeneralsMD/Code/Tools/wolSetup/verchk.cpp	tool-only	none	authoring or maintenance tool outside the game runtime	ZH_LEGACY_EXCLUDED_SOURCE_RECORDS
GeneralsMD/Code/Tools/wolSetup/verchk.h	tool-only	none	authoring or maintenance tool outside the game runtime	ZH_LEGACY_EXCLUDED_SOURCE_RECORDS
GeneralsMD/Code/Tools/wolSetup/wolInit.cpp	tool-only	none	authoring or maintenance tool outside the game runtime	ZH_LEGACY_EXCLUDED_SOURCE_RECORDS
GeneralsMD/Code/Tools/wolSetup/wolSetup.cpp	tool-only	none	authoring or maintenance tool outside the game runtime	ZH_LEGACY_EXCLUDED_SOURCE_RECORDS
GeneralsMD/Code/Tools/wolSetup/wolSetup.h	tool-only	none	authoring or maintenance tool outside the game runtime	ZH_LEGACY_EXCLUDED_SOURCE_RECORDS
GeneralsMD/Code/Tools/wolSetup/wolSetup.ico	tool-only	none	authoring or maintenance tool outside the game runtime	ZH_LEGACY_EXCLUDED_SOURCE_RECORDS
GeneralsMD/Code/Tools/wolSetup/wolSetup.rc	tool-only	none	authoring or maintenance tool outside the game runtime	ZH_LEGACY_EXCLUDED_SOURCE_RECORDS
GeneralsMD/Run/Data/English/HeaderTemplate.ini	excluded	none	manifest input is absent from the repository or outside its source boundary	ZH_LEGACY_UNAVAILABLE_SOURCE_RECORDS
GeneralsMD/Run/Data/English/Language.ini	excluded	none	manifest input is absent from the repository or outside its source boundary	ZH_LEGACY_UNAVAILABLE_SOURCE_RECORDS
GeneralsMD/Run/Data/Generals.str	excluded	none	manifest input is absent from the repository or outside its source boundary	ZH_LEGACY_UNAVAILABLE_SOURCE_RECORDS
GeneralsMD/Run/Data/INI/AIData.ini	excluded	none	manifest input is absent from the repository or outside its source boundary	ZH_LEGACY_UNAVAILABLE_SOURCE_RECORDS
GeneralsMD/Run/Data/INI/Animation2D.ini	excluded	none	manifest input is absent from the repository or outside its source boundary	ZH_LEGACY_UNAVAILABLE_SOURCE_RECORDS
GeneralsMD/Run/Data/INI/Armor.ini	excluded	none	manifest input is absent from the repository or outside its source boundary	ZH_LEGACY_UNAVAILABLE_SOURCE_RECORDS
GeneralsMD/Run/Data/INI/AudioSettings.ini	excluded	none	manifest input is absent from the repository or outside its source boundary	ZH_LEGACY_UNAVAILABLE_SOURCE_RECORDS
GeneralsMD/Run/Data/INI/Campaign.ini	excluded	none	manifest input is absent from the repository or outside its source boundary	ZH_LEGACY_UNAVAILABLE_SOURCE_RECORDS
GeneralsMD/Run/Data/INI/CommandButton.ini	excluded	none	manifest input is absent from the repository or outside its source boundary	ZH_LEGACY_UNAVAILABLE_SOURCE_RECORDS
GeneralsMD/Run/Data/INI/CommandMap.ini	excluded	none	manifest input is absent from the repository or outside its source boundary	ZH_LEGACY_UNAVAILABLE_SOURCE_RECORDS
GeneralsMD/Run/Data/INI/CommandMapDebug.ini	excluded	none	manifest input is absent from the repository or outside its source boundary	ZH_LEGACY_UNAVAILABLE_SOURCE_RECORDS
GeneralsMD/Run/Data/INI/CommandMapDemo.ini	excluded	none	manifest input is absent from the repository or outside its source boundary	ZH_LEGACY_UNAVAILABLE_SOURCE_RECORDS
GeneralsMD/Run/Data/INI/CommandSet.ini	excluded	none	manifest input is absent from the repository or outside its source boundary	ZH_LEGACY_UNAVAILABLE_SOURCE_RECORDS
GeneralsMD/Run/Data/INI/ControlBarResizer.ini	excluded	none	manifest input is absent from the repository or outside its source boundary	ZH_LEGACY_UNAVAILABLE_SOURCE_RECORDS
GeneralsMD/Run/Data/INI/ControlBarScheme.ini	excluded	none	manifest input is absent from the repository or outside its source boundary	ZH_LEGACY_UNAVAILABLE_SOURCE_RECORDS
GeneralsMD/Run/Data/INI/Crate.ini	excluded	none	manifest input is absent from the repository or outside its source boundary	ZH_LEGACY_UNAVAILABLE_SOURCE_RECORDS
GeneralsMD/Run/Data/INI/Credits.ini	excluded	none	manifest input is absent from the repository or outside its source boundary	ZH_LEGACY_UNAVAILABLE_SOURCE_RECORDS
GeneralsMD/Run/Data/INI/DamageFX.ini	excluded	none	manifest input is absent from the repository or outside its source boundary	ZH_LEGACY_UNAVAILABLE_SOURCE_RECORDS
GeneralsMD/Run/Data/INI/Default/AIData.ini	excluded	none	manifest input is absent from the repository or outside its source boundary	ZH_LEGACY_UNAVAILABLE_SOURCE_RECORDS
GeneralsMD/Run/Data/INI/Default/ButtonSets.ini	excluded	none	manifest input is absent from the repository or outside its source boundary	ZH_LEGACY_UNAVAILABLE_SOURCE_RECORDS
GeneralsMD/Run/Data/INI/Default/CommandButton.ini	excluded	none	manifest input is absent from the repository or outside its source boundary	ZH_LEGACY_UNAVAILABLE_SOURCE_RECORDS
GeneralsMD/Run/Data/INI/Default/ControlBarScheme.ini	excluded	none	manifest input is absent from the repository or outside its source boundary	ZH_LEGACY_UNAVAILABLE_SOURCE_RECORDS
GeneralsMD/Run/Data/INI/Default/Crate.ini	excluded	none	manifest input is absent from the repository or outside its source boundary	ZH_LEGACY_UNAVAILABLE_SOURCE_RECORDS
GeneralsMD/Run/Data/INI/Default/FXList.ini	excluded	none	manifest input is absent from the repository or outside its source boundary	ZH_LEGACY_UNAVAILABLE_SOURCE_RECORDS
GeneralsMD/Run/Data/INI/Default/GameData.ini	excluded	none	manifest input is absent from the repository or outside its source boundary	ZH_LEGACY_UNAVAILABLE_SOURCE_RECORDS
GeneralsMD/Run/Data/INI/Default/Music.ini	excluded	none	manifest input is absent from the repository or outside its source boundary	ZH_LEGACY_UNAVAILABLE_SOURCE_RECORDS
GeneralsMD/Run/Data/INI/Default/Object.ini	excluded	none	manifest input is absent from the repository or outside its source boundary	ZH_LEGACY_UNAVAILABLE_SOURCE_RECORDS
GeneralsMD/Run/Data/INI/Default/ObjectCreationList.ini	excluded	none	manifest input is absent from the repository or outside its source boundary	ZH_LEGACY_UNAVAILABLE_SOURCE_RECORDS
GeneralsMD/Run/Data/INI/Default/PlayerTemplate.ini	excluded	none	manifest input is absent from the repository or outside its source boundary	ZH_LEGACY_UNAVAILABLE_SOURCE_RECORDS
GeneralsMD/Run/Data/INI/Default/Roads.ini	excluded	none	manifest input is absent from the repository or outside its source boundary	ZH_LEGACY_UNAVAILABLE_SOURCE_RECORDS
GeneralsMD/Run/Data/INI/Default/Science.ini	excluded	none	manifest input is absent from the repository or outside its source boundary	ZH_LEGACY_UNAVAILABLE_SOURCE_RECORDS
GeneralsMD/Run/Data/INI/Default/ShellMenuScheme.ini	excluded	none	manifest input is absent from the repository or outside its source boundary	ZH_LEGACY_UNAVAILABLE_SOURCE_RECORDS
GeneralsMD/Run/Data/INI/Default/SoundEffects.ini	excluded	none	manifest input is absent from the repository or outside its source boundary	ZH_LEGACY_UNAVAILABLE_SOURCE_RECORDS
GeneralsMD/Run/Data/INI/Default/SpecialPower.ini	excluded	none	manifest input is absent from the repository or outside its source boundary	ZH_LEGACY_UNAVAILABLE_SOURCE_RECORDS
GeneralsMD/Run/Data/INI/Default/Speech.ini	excluded	none	manifest input is absent from the repository or outside its source boundary	ZH_LEGACY_UNAVAILABLE_SOURCE_RECORDS
GeneralsMD/Run/Data/INI/Default/Terrain.ini	excluded	none	manifest input is absent from the repository or outside its source boundary	ZH_LEGACY_UNAVAILABLE_SOURCE_RECORDS
GeneralsMD/Run/Data/INI/Default/Upgrade.ini	excluded	none	manifest input is absent from the repository or outside its source boundary	ZH_LEGACY_UNAVAILABLE_SOURCE_RECORDS
GeneralsMD/Run/Data/INI/Default/Video.ini	excluded	none	manifest input is absent from the repository or outside its source boundary	ZH_LEGACY_UNAVAILABLE_SOURCE_RECORDS
GeneralsMD/Run/Data/INI/Default/Voice.ini	excluded	none	manifest input is absent from the repository or outside its source boundary	ZH_LEGACY_UNAVAILABLE_SOURCE_RECORDS
GeneralsMD/Run/Data/INI/Default/Water.ini	excluded	none	manifest input is absent from the repository or outside its source boundary	ZH_LEGACY_UNAVAILABLE_SOURCE_RECORDS
GeneralsMD/Run/Data/INI/Default/Weather.ini	excluded	none	manifest input is absent from the repository or outside its source boundary	ZH_LEGACY_UNAVAILABLE_SOURCE_RECORDS
GeneralsMD/Run/Data/INI/Default/Webpages.ini	excluded	none	manifest input is absent from the repository or outside its source boundary	ZH_LEGACY_UNAVAILABLE_SOURCE_RECORDS
GeneralsMD/Run/Data/INI/Default/multiplayer.ini	excluded	none	manifest input is absent from the repository or outside its source boundary	ZH_LEGACY_UNAVAILABLE_SOURCE_RECORDS
GeneralsMD/Run/Data/INI/DrawGroupInfo.ini	excluded	none	manifest input is absent from the repository or outside its source boundary	ZH_LEGACY_UNAVAILABLE_SOURCE_RECORDS
GeneralsMD/Run/Data/INI/Eva.ini	excluded	none	manifest input is absent from the repository or outside its source boundary	ZH_LEGACY_UNAVAILABLE_SOURCE_RECORDS
GeneralsMD/Run/Data/INI/FXList.ini	excluded	none	manifest input is absent from the repository or outside its source boundary	ZH_LEGACY_UNAVAILABLE_SOURCE_RECORDS
GeneralsMD/Run/Data/INI/GameData.ini	excluded	none	manifest input is absent from the repository or outside its source boundary	ZH_LEGACY_UNAVAILABLE_SOURCE_RECORDS
GeneralsMD/Run/Data/INI/GameDataDebug.ini	excluded	none	manifest input is absent from the repository or outside its source boundary	ZH_LEGACY_UNAVAILABLE_SOURCE_RECORDS
GeneralsMD/Run/Data/INI/GameLOD.ini	excluded	none	manifest input is absent from the repository or outside its source boundary	ZH_LEGACY_UNAVAILABLE_SOURCE_RECORDS
GeneralsMD/Run/Data/INI/GameLODPresets.ini	excluded	none	manifest input is absent from the repository or outside its source boundary	ZH_LEGACY_UNAVAILABLE_SOURCE_RECORDS
GeneralsMD/Run/Data/INI/InGameUI.ini	excluded	none	manifest input is absent from the repository or outside its source boundary	ZH_LEGACY_UNAVAILABLE_SOURCE_RECORDS
GeneralsMD/Run/Data/INI/Locomotor.ini	excluded	none	manifest input is absent from the repository or outside its source boundary	ZH_LEGACY_UNAVAILABLE_SOURCE_RECORDS
GeneralsMD/Run/Data/INI/MappedImages/HandCreated/HandCreatedMappedImages.INI	excluded	none	manifest input is absent from the repository or outside its source boundary	ZH_LEGACY_UNAVAILABLE_SOURCE_RECORDS
GeneralsMD/Run/Data/INI/MappedImages/TextureSize_512/HandCreatedMappedImages.INI	excluded	none	manifest input is absent from the repository or outside its source boundary	ZH_LEGACY_UNAVAILABLE_SOURCE_RECORDS
GeneralsMD/Run/Data/INI/MappedImages/TextureSize_512/SAControlBar512.INI	excluded	none	manifest input is absent from the repository or outside its source boundary	ZH_LEGACY_UNAVAILABLE_SOURCE_RECORDS
GeneralsMD/Run/Data/INI/MappedImages/TextureSize_512/SAUserInterface512.INI	excluded	none	manifest input is absent from the repository or outside its source boundary	ZH_LEGACY_UNAVAILABLE_SOURCE_RECORDS
GeneralsMD/Run/Data/INI/MappedImages/TextureSize_512/SCGameUserInterface512.INI	excluded	none	manifest input is absent from the repository or outside its source boundary	ZH_LEGACY_UNAVAILABLE_SOURCE_RECORDS
GeneralsMD/Run/Data/INI/MappedImages/TextureSize_512/SCGeneralsChallenge512.INI	excluded	none	manifest input is absent from the repository or outside its source boundary	ZH_LEGACY_UNAVAILABLE_SOURCE_RECORDS
GeneralsMD/Run/Data/INI/MappedImages/TextureSize_512/SCLogosUserInterface512.INI	excluded	none	manifest input is absent from the repository or outside its source boundary	ZH_LEGACY_UNAVAILABLE_SOURCE_RECORDS
GeneralsMD/Run/Data/INI/MappedImages/TextureSize_512/SCShellUserInterface512.INI	excluded	none	manifest input is absent from the repository or outside its source boundary	ZH_LEGACY_UNAVAILABLE_SOURCE_RECORDS
GeneralsMD/Run/Data/INI/MappedImages/TextureSize_512/SCSmShellUserInterface512.INI	excluded	none	manifest input is absent from the repository or outside its source boundary	ZH_LEGACY_UNAVAILABLE_SOURCE_RECORDS
GeneralsMD/Run/Data/INI/MappedImages/TextureSize_512/SCUserInterface512.INI	excluded	none	manifest input is absent from the repository or outside its source boundary	ZH_LEGACY_UNAVAILABLE_SOURCE_RECORDS
GeneralsMD/Run/Data/INI/MappedImages/TextureSize_512/SNControlBar512.INI	excluded	none	manifest input is absent from the repository or outside its source boundary	ZH_LEGACY_UNAVAILABLE_SOURCE_RECORDS
GeneralsMD/Run/Data/INI/MappedImages/TextureSize_512/SNUserInterface512.INI	excluded	none	manifest input is absent from the repository or outside its source boundary	ZH_LEGACY_UNAVAILABLE_SOURCE_RECORDS
GeneralsMD/Run/Data/INI/MappedImages/TextureSize_512/SSUserInterface512.INI	excluded	none	manifest input is absent from the repository or outside its source boundary	ZH_LEGACY_UNAVAILABLE_SOURCE_RECORDS
GeneralsMD/Run/Data/INI/MappedImages/TextureSize_512/SUControlBar512.INI	excluded	none	manifest input is absent from the repository or outside its source boundary	ZH_LEGACY_UNAVAILABLE_SOURCE_RECORDS
GeneralsMD/Run/Data/INI/MappedImages/TextureSize_512/SUUserInterface512.INI	excluded	none	manifest input is absent from the repository or outside its source boundary	ZH_LEGACY_UNAVAILABLE_SOURCE_RECORDS
GeneralsMD/Run/Data/INI/MiscAudio.ini	excluded	none	manifest input is absent from the repository or outside its source boundary	ZH_LEGACY_UNAVAILABLE_SOURCE_RECORDS
GeneralsMD/Run/Data/INI/Mouse.ini	excluded	none	manifest input is absent from the repository or outside its source boundary	ZH_LEGACY_UNAVAILABLE_SOURCE_RECORDS
GeneralsMD/Run/Data/INI/Multiplayer.ini	excluded	none	manifest input is absent from the repository or outside its source boundary	ZH_LEGACY_UNAVAILABLE_SOURCE_RECORDS
GeneralsMD/Run/Data/INI/Music.ini	excluded	none	manifest input is absent from the repository or outside its source boundary	ZH_LEGACY_UNAVAILABLE_SOURCE_RECORDS
GeneralsMD/Run/Data/INI/Object/AirforceGeneral.ini	excluded	none	manifest input is absent from the repository or outside its source boundary	ZH_LEGACY_UNAVAILABLE_SOURCE_RECORDS
GeneralsMD/Run/Data/INI/Object/AmericaAir.ini	excluded	none	manifest input is absent from the repository or outside its source boundary	ZH_LEGACY_UNAVAILABLE_SOURCE_RECORDS
GeneralsMD/Run/Data/INI/Object/AmericaCINEUnit.ini	excluded	none	manifest input is absent from the repository or outside its source boundary	ZH_LEGACY_UNAVAILABLE_SOURCE_RECORDS
GeneralsMD/Run/Data/INI/Object/AmericaInfantry.ini	excluded	none	manifest input is absent from the repository or outside its source boundary	ZH_LEGACY_UNAVAILABLE_SOURCE_RECORDS
GeneralsMD/Run/Data/INI/Object/AmericaMiscUnit.ini	excluded	none	manifest input is absent from the repository or outside its source boundary	ZH_LEGACY_UNAVAILABLE_SOURCE_RECORDS
GeneralsMD/Run/Data/INI/Object/AmericaVehicle.ini	excluded	none	manifest input is absent from the repository or outside its source boundary	ZH_LEGACY_UNAVAILABLE_SOURCE_RECORDS
GeneralsMD/Run/Data/INI/Object/BossGeneral.ini	excluded	none	manifest input is absent from the repository or outside its source boundary	ZH_LEGACY_UNAVAILABLE_SOURCE_RECORDS
GeneralsMD/Run/Data/INI/Object/ChemicalGeneral.ini	excluded	none	manifest input is absent from the repository or outside its source boundary	ZH_LEGACY_UNAVAILABLE_SOURCE_RECORDS
GeneralsMD/Run/Data/INI/Object/ChinaAir.ini	excluded	none	manifest input is absent from the repository or outside its source boundary	ZH_LEGACY_UNAVAILABLE_SOURCE_RECORDS
GeneralsMD/Run/Data/INI/Object/ChinaCINEUnit.ini	excluded	none	manifest input is absent from the repository or outside its source boundary	ZH_LEGACY_UNAVAILABLE_SOURCE_RECORDS
GeneralsMD/Run/Data/INI/Object/ChinaInfantry.ini	excluded	none	manifest input is absent from the repository or outside its source boundary	ZH_LEGACY_UNAVAILABLE_SOURCE_RECORDS
GeneralsMD/Run/Data/INI/Object/ChinaMiscUnit.ini	excluded	none	manifest input is absent from the repository or outside its source boundary	ZH_LEGACY_UNAVAILABLE_SOURCE_RECORDS
GeneralsMD/Run/Data/INI/Object/ChinaVehicle.ini	excluded	none	manifest input is absent from the repository or outside its source boundary	ZH_LEGACY_UNAVAILABLE_SOURCE_RECORDS
GeneralsMD/Run/Data/INI/Object/CivilianBuilding.ini	excluded	none	manifest input is absent from the repository or outside its source boundary	ZH_LEGACY_UNAVAILABLE_SOURCE_RECORDS
GeneralsMD/Run/Data/INI/Object/CivilianProp.ini	excluded	none	manifest input is absent from the repository or outside its source boundary	ZH_LEGACY_UNAVAILABLE_SOURCE_RECORDS
GeneralsMD/Run/Data/INI/Object/CivilianUnit.ini	excluded	none	manifest input is absent from the repository or outside its source boundary	ZH_LEGACY_UNAVAILABLE_SOURCE_RECORDS
GeneralsMD/Run/Data/INI/Object/DemoGeneral.ini	excluded	none	manifest input is absent from the repository or outside its source boundary	ZH_LEGACY_UNAVAILABLE_SOURCE_RECORDS
GeneralsMD/Run/Data/INI/Object/FactionBuilding.ini	excluded	none	manifest input is absent from the repository or outside its source boundary	ZH_LEGACY_UNAVAILABLE_SOURCE_RECORDS
GeneralsMD/Run/Data/INI/Object/FactionProp.ini	excluded	none	manifest input is absent from the repository or outside its source boundary	ZH_LEGACY_UNAVAILABLE_SOURCE_RECORDS
GeneralsMD/Run/Data/INI/Object/FactionUnit.ini	excluded	none	manifest input is absent from the repository or outside its source boundary	ZH_LEGACY_UNAVAILABLE_SOURCE_RECORDS
GeneralsMD/Run/Data/INI/Object/GC_Chem_GLABuildings.ini	excluded	none	manifest input is absent from the repository or outside its source boundary	ZH_LEGACY_UNAVAILABLE_SOURCE_RECORDS
GeneralsMD/Run/Data/INI/Object/GC_Chem_GLASystem.ini	excluded	none	manifest input is absent from the repository or outside its source boundary	ZH_LEGACY_UNAVAILABLE_SOURCE_RECORDS
GeneralsMD/Run/Data/INI/Object/GC_Chem_GLAUnits.ini	excluded	none	manifest input is absent from the repository or outside its source boundary	ZH_LEGACY_UNAVAILABLE_SOURCE_RECORDS
GeneralsMD/Run/Data/INI/Object/GC_Slth_GLABuildings.ini	excluded	none	manifest input is absent from the repository or outside its source boundary	ZH_LEGACY_UNAVAILABLE_SOURCE_RECORDS
GeneralsMD/Run/Data/INI/Object/GC_Slth_GLASystem.ini	excluded	none	manifest input is absent from the repository or outside its source boundary	ZH_LEGACY_UNAVAILABLE_SOURCE_RECORDS
GeneralsMD/Run/Data/INI/Object/GC_Slth_GLAUnits.ini	excluded	none	manifest input is absent from the repository or outside its source boundary	ZH_LEGACY_UNAVAILABLE_SOURCE_RECORDS
GeneralsMD/Run/Data/INI/Object/GLAAir.ini	excluded	none	manifest input is absent from the repository or outside its source boundary	ZH_LEGACY_UNAVAILABLE_SOURCE_RECORDS
GeneralsMD/Run/Data/INI/Object/GLACINEUnit.ini	excluded	none	manifest input is absent from the repository or outside its source boundary	ZH_LEGACY_UNAVAILABLE_SOURCE_RECORDS
GeneralsMD/Run/Data/INI/Object/GLAInfantry.ini	excluded	none	manifest input is absent from the repository or outside its source boundary	ZH_LEGACY_UNAVAILABLE_SOURCE_RECORDS
GeneralsMD/Run/Data/INI/Object/GLAMiscUnit.ini	excluded	none	manifest input is absent from the repository or outside its source boundary	ZH_LEGACY_UNAVAILABLE_SOURCE_RECORDS
GeneralsMD/Run/Data/INI/Object/GLAVehicle.ini	excluded	none	manifest input is absent from the repository or outside its source boundary	ZH_LEGACY_UNAVAILABLE_SOURCE_RECORDS
GeneralsMD/Run/Data/INI/Object/Hulk.ini	excluded	none	manifest input is absent from the repository or outside its source boundary	ZH_LEGACY_UNAVAILABLE_SOURCE_RECORDS
GeneralsMD/Run/Data/INI/Object/InfantryGeneral.ini	excluded	none	manifest input is absent from the repository or outside its source boundary	ZH_LEGACY_UNAVAILABLE_SOURCE_RECORDS
GeneralsMD/Run/Data/INI/Object/LaserGeneral.ini	excluded	none	manifest input is absent from the repository or outside its source boundary	ZH_LEGACY_UNAVAILABLE_SOURCE_RECORDS
GeneralsMD/Run/Data/INI/Object/NatureProp.ini	excluded	none	manifest input is absent from the repository or outside its source boundary	ZH_LEGACY_UNAVAILABLE_SOURCE_RECORDS
GeneralsMD/Run/Data/INI/Object/NatureUnit.ini	excluded	none	manifest input is absent from the repository or outside its source boundary	ZH_LEGACY_UNAVAILABLE_SOURCE_RECORDS
GeneralsMD/Run/Data/INI/Object/NukeGeneral.ini	excluded	none	manifest input is absent from the repository or outside its source boundary	ZH_LEGACY_UNAVAILABLE_SOURCE_RECORDS
GeneralsMD/Run/Data/INI/Object/SpecialPowerObjects.ini	excluded	none	manifest input is absent from the repository or outside its source boundary	ZH_LEGACY_UNAVAILABLE_SOURCE_RECORDS
GeneralsMD/Run/Data/INI/Object/StealthGeneral.ini	excluded	none	manifest input is absent from the repository or outside its source boundary	ZH_LEGACY_UNAVAILABLE_SOURCE_RECORDS
GeneralsMD/Run/Data/INI/Object/SuperWeaponGeneral.ini	excluded	none	manifest input is absent from the repository or outside its source boundary	ZH_LEGACY_UNAVAILABLE_SOURCE_RECORDS
GeneralsMD/Run/Data/INI/Object/System.ini	excluded	none	manifest input is absent from the repository or outside its source boundary	ZH_LEGACY_UNAVAILABLE_SOURCE_RECORDS
GeneralsMD/Run/Data/INI/Object/TankGeneral.ini	excluded	none	manifest input is absent from the repository or outside its source boundary	ZH_LEGACY_UNAVAILABLE_SOURCE_RECORDS
GeneralsMD/Run/Data/INI/Object/TechBuildings.ini	excluded	none	manifest input is absent from the repository or outside its source boundary	ZH_LEGACY_UNAVAILABLE_SOURCE_RECORDS
GeneralsMD/Run/Data/INI/Object/WeaponObjects.ini	excluded	none	manifest input is absent from the repository or outside its source boundary	ZH_LEGACY_UNAVAILABLE_SOURCE_RECORDS
GeneralsMD/Run/Data/INI/ObjectCreationList.ini	excluded	none	manifest input is absent from the repository or outside its source boundary	ZH_LEGACY_UNAVAILABLE_SOURCE_RECORDS
GeneralsMD/Run/Data/INI/ParticleSystem.ini	excluded	none	manifest input is absent from the repository or outside its source boundary	ZH_LEGACY_UNAVAILABLE_SOURCE_RECORDS
GeneralsMD/Run/Data/INI/PlayerTemplate.ini	excluded	none	manifest input is absent from the repository or outside its source boundary	ZH_LEGACY_UNAVAILABLE_SOURCE_RECORDS
GeneralsMD/Run/Data/INI/Rank.ini	excluded	none	manifest input is absent from the repository or outside its source boundary	ZH_LEGACY_UNAVAILABLE_SOURCE_RECORDS
GeneralsMD/Run/Data/INI/Roads.ini	excluded	none	manifest input is absent from the repository or outside its source boundary	ZH_LEGACY_UNAVAILABLE_SOURCE_RECORDS
GeneralsMD/Run/Data/INI/Science.ini	excluded	none	manifest input is absent from the repository or outside its source boundary	ZH_LEGACY_UNAVAILABLE_SOURCE_RECORDS
GeneralsMD/Run/Data/INI/ShellMenuScheme.ini	excluded	none	manifest input is absent from the repository or outside its source boundary	ZH_LEGACY_UNAVAILABLE_SOURCE_RECORDS
GeneralsMD/Run/Data/INI/SoundEffects.ini	excluded	none	manifest input is absent from the repository or outside its source boundary	ZH_LEGACY_UNAVAILABLE_SOURCE_RECORDS
GeneralsMD/Run/Data/INI/SpecialPower.ini	excluded	none	manifest input is absent from the repository or outside its source boundary	ZH_LEGACY_UNAVAILABLE_SOURCE_RECORDS
GeneralsMD/Run/Data/INI/Speech.ini	excluded	none	manifest input is absent from the repository or outside its source boundary	ZH_LEGACY_UNAVAILABLE_SOURCE_RECORDS
GeneralsMD/Run/Data/INI/Terrain.ini	excluded	none	manifest input is absent from the repository or outside its source boundary	ZH_LEGACY_UNAVAILABLE_SOURCE_RECORDS
GeneralsMD/Run/Data/INI/Upgrade.ini	excluded	none	manifest input is absent from the repository or outside its source boundary	ZH_LEGACY_UNAVAILABLE_SOURCE_RECORDS
GeneralsMD/Run/Data/INI/Video.ini	excluded	none	manifest input is absent from the repository or outside its source boundary	ZH_LEGACY_UNAVAILABLE_SOURCE_RECORDS
GeneralsMD/Run/Data/INI/Voice.ini	excluded	none	manifest input is absent from the repository or outside its source boundary	ZH_LEGACY_UNAVAILABLE_SOURCE_RECORDS
GeneralsMD/Run/Data/INI/Water.ini	excluded	none	manifest input is absent from the repository or outside its source boundary	ZH_LEGACY_UNAVAILABLE_SOURCE_RECORDS
GeneralsMD/Run/Data/INI/Weapon.ini	excluded	none	manifest input is absent from the repository or outside its source boundary	ZH_LEGACY_UNAVAILABLE_SOURCE_RECORDS
GeneralsMD/Run/Data/INI/Weather.ini	excluded	none	manifest input is absent from the repository or outside its source boundary	ZH_LEGACY_UNAVAILABLE_SOURCE_RECORDS
GeneralsMD/Run/Data/INI/Webpages.ini	excluded	none	manifest input is absent from the repository or outside its source boundary	ZH_LEGACY_UNAVAILABLE_SOURCE_RECORDS
GeneralsMD/Run/Data/INI/WindowTransitions.ini	excluded	none	manifest input is absent from the repository or outside its source boundary	ZH_LEGACY_UNAVAILABLE_SOURCE_RECORDS
GeneralsMD/Run/Data/Scripts/Scripts.ini	excluded	none	manifest input is absent from the repository or outside its source boundary	ZH_LEGACY_UNAVAILABLE_SOURCE_RECORDS
GeneralsMD/Run/Window/ControlBar.wnd	excluded	none	manifest input is absent from the repository or outside its source boundary	ZH_LEGACY_UNAVAILABLE_SOURCE_RECORDS
GeneralsMD/Run/Window/ControlBarPopupDescription.wnd	excluded	none	manifest input is absent from the repository or outside its source boundary	ZH_LEGACY_UNAVAILABLE_SOURCE_RECORDS
GeneralsMD/Run/Window/Diplomacy.wnd	excluded	none	manifest input is absent from the repository or outside its source boundary	ZH_LEGACY_UNAVAILABLE_SOURCE_RECORDS
GeneralsMD/Run/Window/GenPowersShortcutBarChina.wnd	excluded	none	manifest input is absent from the repository or outside its source boundary	ZH_LEGACY_UNAVAILABLE_SOURCE_RECORDS
GeneralsMD/Run/Window/GenPowersShortcutBarGLA.wnd	excluded	none	manifest input is absent from the repository or outside its source boundary	ZH_LEGACY_UNAVAILABLE_SOURCE_RECORDS
GeneralsMD/Run/Window/GenPowersShortcutBarUS.wnd	excluded	none	manifest input is absent from the repository or outside its source boundary	ZH_LEGACY_UNAVAILABLE_SOURCE_RECORDS
GeneralsMD/Run/Window/GeneralsExpPoints.wnd	excluded	none	manifest input is absent from the repository or outside its source boundary	ZH_LEGACY_UNAVAILABLE_SOURCE_RECORDS
GeneralsMD/Run/Window/IMECandidateWindow.wnd	excluded	none	manifest input is absent from the repository or outside its source boundary	ZH_LEGACY_UNAVAILABLE_SOURCE_RECORDS
GeneralsMD/Run/Window/IMEStatusWindow.wnd	excluded	none	manifest input is absent from the repository or outside its source boundary	ZH_LEGACY_UNAVAILABLE_SOURCE_RECORDS
GeneralsMD/Run/Window/InGamePopupMessage.wnd	excluded	none	manifest input is absent from the repository or outside its source boundary	ZH_LEGACY_UNAVAILABLE_SOURCE_RECORDS
GeneralsMD/Run/Window/MOTD.wnd	excluded	none	manifest input is absent from the repository or outside its source boundary	ZH_LEGACY_UNAVAILABLE_SOURCE_RECORDS
GeneralsMD/Run/Window/Menus/BlankWindow.wnd	excluded	none	manifest input is absent from the repository or outside its source boundary	ZH_LEGACY_UNAVAILABLE_SOURCE_RECORDS
GeneralsMD/Run/Window/Menus/CRCMismatch.wnd	excluded	none	manifest input is absent from the repository or outside its source boundary	ZH_LEGACY_UNAVAILABLE_SOURCE_RECORDS
GeneralsMD/Run/Window/Menus/ChallengeMenu.wnd	excluded	none	manifest input is absent from the repository or outside its source boundary	ZH_LEGACY_UNAVAILABLE_SOURCE_RECORDS
GeneralsMD/Run/Window/Menus/CreditsMenu.wnd	excluded	none	manifest input is absent from the repository or outside its source boundary	ZH_LEGACY_UNAVAILABLE_SOURCE_RECORDS
GeneralsMD/Run/Window/Menus/Defeat.wnd	excluded	none	manifest input is absent from the repository or outside its source boundary	ZH_LEGACY_UNAVAILABLE_SOURCE_RECORDS
GeneralsMD/Run/Window/Menus/DifficultySelect.wnd	excluded	none	manifest input is absent from the repository or outside its source boundary	ZH_LEGACY_UNAVAILABLE_SOURCE_RECORDS
GeneralsMD/Run/Window/Menus/DisconnectScreen.wnd	excluded	none	manifest input is absent from the repository or outside its source boundary	ZH_LEGACY_UNAVAILABLE_SOURCE_RECORDS
GeneralsMD/Run/Window/Menus/DownloadMenu.wnd	excluded	none	manifest input is absent from the repository or outside its source boundary	ZH_LEGACY_UNAVAILABLE_SOURCE_RECORDS
GeneralsMD/Run/Window/Menus/EstablishConnectionsScreen.wnd	excluded	none	manifest input is absent from the repository or outside its source boundary	ZH_LEGACY_UNAVAILABLE_SOURCE_RECORDS
GeneralsMD/Run/Window/Menus/GameInfoWindow.wnd	excluded	none	manifest input is absent from the repository or outside its source boundary	ZH_LEGACY_UNAVAILABLE_SOURCE_RECORDS
GeneralsMD/Run/Window/Menus/GameSpyGameOptionsMenu.wnd	excluded	none	manifest input is absent from the repository or outside its source boundary	ZH_LEGACY_UNAVAILABLE_SOURCE_RECORDS
GeneralsMD/Run/Window/Menus/GameSpyLoadScreen.wnd	excluded	none	manifest input is absent from the repository or outside its source boundary	ZH_LEGACY_UNAVAILABLE_SOURCE_RECORDS
GeneralsMD/Run/Window/Menus/GameSpyLoginProfile.wnd	excluded	none	manifest input is absent from the repository or outside its source boundary	ZH_LEGACY_UNAVAILABLE_SOURCE_RECORDS
GeneralsMD/Run/Window/Menus/GameSpyLoginQuick.wnd	excluded	none	manifest input is absent from the repository or outside its source boundary	ZH_LEGACY_UNAVAILABLE_SOURCE_RECORDS
GeneralsMD/Run/Window/Menus/LanGameOptionsMenu.wnd	excluded	none	manifest input is absent from the repository or outside its source boundary	ZH_LEGACY_UNAVAILABLE_SOURCE_RECORDS
GeneralsMD/Run/Window/Menus/LanLobbyMenu.wnd	excluded	none	manifest input is absent from the repository or outside its source boundary	ZH_LEGACY_UNAVAILABLE_SOURCE_RECORDS
GeneralsMD/Run/Window/Menus/LanMapSelectMenu.wnd	excluded	none	manifest input is absent from the repository or outside its source boundary	ZH_LEGACY_UNAVAILABLE_SOURCE_RECORDS
GeneralsMD/Run/Window/Menus/LocalDefeat.wnd	excluded	none	manifest input is absent from the repository or outside its source boundary	ZH_LEGACY_UNAVAILABLE_SOURCE_RECORDS
GeneralsMD/Run/Window/Menus/MainMenu.wnd	excluded	none	manifest input is absent from the repository or outside its source boundary	ZH_LEGACY_UNAVAILABLE_SOURCE_RECORDS
GeneralsMD/Run/Window/Menus/MapSelectMenu.wnd	excluded	none	manifest input is absent from the repository or outside its source boundary	ZH_LEGACY_UNAVAILABLE_SOURCE_RECORDS
GeneralsMD/Run/Window/Menus/MapTransferScreen.wnd	excluded	none	manifest input is absent from the repository or outside its source boundary	ZH_LEGACY_UNAVAILABLE_SOURCE_RECORDS
GeneralsMD/Run/Window/Menus/MessageBox.wnd	excluded	none	manifest input is absent from the repository or outside its source boundary	ZH_LEGACY_UNAVAILABLE_SOURCE_RECORDS
GeneralsMD/Run/Window/Menus/MultiplayerLoadScreen.wnd	excluded	none	manifest input is absent from the repository or outside its source boundary	ZH_LEGACY_UNAVAILABLE_SOURCE_RECORDS
GeneralsMD/Run/Window/Menus/NetworkDirectConnect.wnd	excluded	none	manifest input is absent from the repository or outside its source boundary	ZH_LEGACY_UNAVAILABLE_SOURCE_RECORDS
GeneralsMD/Run/Window/Menus/ObserverQuit.wnd	excluded	none	manifest input is absent from the repository or outside its source boundary	ZH_LEGACY_UNAVAILABLE_SOURCE_RECORDS
GeneralsMD/Run/Window/Menus/OptionsMenu.wnd	excluded	none	manifest input is absent from the repository or outside its source boundary	ZH_LEGACY_UNAVAILABLE_SOURCE_RECORDS
GeneralsMD/Run/Window/Menus/PopupCommunicator.wnd	excluded	none	manifest input is absent from the repository or outside its source boundary	ZH_LEGACY_UNAVAILABLE_SOURCE_RECORDS
GeneralsMD/Run/Window/Menus/PopupGameSpyCreateGame.wnd	excluded	none	manifest input is absent from the repository or outside its source boundary	ZH_LEGACY_UNAVAILABLE_SOURCE_RECORDS
GeneralsMD/Run/Window/Menus/PopupHostGame.wnd	excluded	none	manifest input is absent from the repository or outside its source boundary	ZH_LEGACY_UNAVAILABLE_SOURCE_RECORDS
GeneralsMD/Run/Window/Menus/PopupJoinGame.wnd	excluded	none	manifest input is absent from the repository or outside its source boundary	ZH_LEGACY_UNAVAILABLE_SOURCE_RECORDS
GeneralsMD/Run/Window/Menus/PopupLadderDetails.wnd	excluded	none	manifest input is absent from the repository or outside its source boundary	ZH_LEGACY_UNAVAILABLE_SOURCE_RECORDS
GeneralsMD/Run/Window/Menus/PopupLadderSelect.wnd	excluded	none	manifest input is absent from the repository or outside its source boundary	ZH_LEGACY_UNAVAILABLE_SOURCE_RECORDS
GeneralsMD/Run/Window/Menus/PopupLocaleSelect.wnd	excluded	none	manifest input is absent from the repository or outside its source boundary	ZH_LEGACY_UNAVAILABLE_SOURCE_RECORDS
GeneralsMD/Run/Window/Menus/PopupPlayerInfo.wnd	excluded	none	manifest input is absent from the repository or outside its source boundary	ZH_LEGACY_UNAVAILABLE_SOURCE_RECORDS
GeneralsMD/Run/Window/Menus/PopupReplay.wnd	excluded	none	manifest input is absent from the repository or outside its source boundary	ZH_LEGACY_UNAVAILABLE_SOURCE_RECORDS
GeneralsMD/Run/Window/Menus/PopupSaveLoad.wnd	excluded	none	manifest input is absent from the repository or outside its source boundary	ZH_LEGACY_UNAVAILABLE_SOURCE_RECORDS
GeneralsMD/Run/Window/Menus/QuitMenu.wnd	excluded	none	manifest input is absent from the repository or outside its source boundary	ZH_LEGACY_UNAVAILABLE_SOURCE_RECORDS
GeneralsMD/Run/Window/Menus/QuitMessageBox.wnd	excluded	none	manifest input is absent from the repository or outside its source boundary	ZH_LEGACY_UNAVAILABLE_SOURCE_RECORDS
GeneralsMD/Run/Window/Menus/QuitNoSave.wnd	excluded	none	manifest input is absent from the repository or outside its source boundary	ZH_LEGACY_UNAVAILABLE_SOURCE_RECORDS
GeneralsMD/Run/Window/Menus/RCBuddiesMenu.wnd	excluded	none	manifest input is absent from the repository or outside its source boundary	ZH_LEGACY_UNAVAILABLE_SOURCE_RECORDS
GeneralsMD/Run/Window/Menus/RCBuddyRequestMenu.wnd	excluded	none	manifest input is absent from the repository or outside its source boundary	ZH_LEGACY_UNAVAILABLE_SOURCE_RECORDS
GeneralsMD/Run/Window/Menus/RCGameDetailsMenu.wnd	excluded	none	manifest input is absent from the repository or outside its source boundary	ZH_LEGACY_UNAVAILABLE_SOURCE_RECORDS
GeneralsMD/Run/Window/Menus/RCLocalPlayerMenu.wnd	excluded	none	manifest input is absent from the repository or outside its source boundary	ZH_LEGACY_UNAVAILABLE_SOURCE_RECORDS
GeneralsMD/Run/Window/Menus/RCNoProfileMenu.wnd	excluded	none	manifest input is absent from the repository or outside its source boundary	ZH_LEGACY_UNAVAILABLE_SOURCE_RECORDS
GeneralsMD/Run/Window/Menus/RCNonBuddiesMenu.wnd	excluded	none	manifest input is absent from the repository or outside its source boundary	ZH_LEGACY_UNAVAILABLE_SOURCE_RECORDS
GeneralsMD/Run/Window/Menus/ReplayMenu.wnd	excluded	none	manifest input is absent from the repository or outside its source boundary	ZH_LEGACY_UNAVAILABLE_SOURCE_RECORDS
GeneralsMD/Run/Window/Menus/SaveLoad.wnd	excluded	none	manifest input is absent from the repository or outside its source boundary	ZH_LEGACY_UNAVAILABLE_SOURCE_RECORDS
GeneralsMD/Run/Window/Menus/ScoreScreen.wnd	excluded	none	manifest input is absent from the repository or outside its source boundary	ZH_LEGACY_UNAVAILABLE_SOURCE_RECORDS
GeneralsMD/Run/Window/Menus/ShellGameLoadScreen.wnd	excluded	none	manifest input is absent from the repository or outside its source boundary	ZH_LEGACY_UNAVAILABLE_SOURCE_RECORDS
GeneralsMD/Run/Window/Menus/SinglePlayerLoadScreen.wnd	excluded	none	manifest input is absent from the repository or outside its source boundary	ZH_LEGACY_UNAVAILABLE_SOURCE_RECORDS
GeneralsMD/Run/Window/Menus/SinglePlayerMenu.wnd	excluded	none	manifest input is absent from the repository or outside its source boundary	ZH_LEGACY_UNAVAILABLE_SOURCE_RECORDS
GeneralsMD/Run/Window/Menus/SkirmishGameOptionsMenu.wnd	excluded	none	manifest input is absent from the repository or outside its source boundary	ZH_LEGACY_UNAVAILABLE_SOURCE_RECORDS
GeneralsMD/Run/Window/Menus/SkirmishMapSelectMenu.wnd	excluded	none	manifest input is absent from the repository or outside its source boundary	ZH_LEGACY_UNAVAILABLE_SOURCE_RECORDS
GeneralsMD/Run/Window/Menus/Victorious.wnd	excluded	none	manifest input is absent from the repository or outside its source boundary	ZH_LEGACY_UNAVAILABLE_SOURCE_RECORDS
GeneralsMD/Run/Window/Menus/WOLBuddyOverlay.wnd	excluded	none	manifest input is absent from the repository or outside its source boundary	ZH_LEGACY_UNAVAILABLE_SOURCE_RECORDS
GeneralsMD/Run/Window/Menus/WOLCustomLobby.wnd	excluded	none	manifest input is absent from the repository or outside its source boundary	ZH_LEGACY_UNAVAILABLE_SOURCE_RECORDS
GeneralsMD/Run/Window/Menus/WOLLadderScreen.wnd	excluded	none	manifest input is absent from the repository or outside its source boundary	ZH_LEGACY_UNAVAILABLE_SOURCE_RECORDS
GeneralsMD/Run/Window/Menus/WOLLoginMenu.wnd	excluded	none	manifest input is absent from the repository or outside its source boundary	ZH_LEGACY_UNAVAILABLE_SOURCE_RECORDS
GeneralsMD/Run/Window/Menus/WOLMapSelectMenu.wnd	excluded	none	manifest input is absent from the repository or outside its source boundary	ZH_LEGACY_UNAVAILABLE_SOURCE_RECORDS
GeneralsMD/Run/Window/Menus/WOLMessageWindow.wnd	excluded	none	manifest input is absent from the repository or outside its source boundary	ZH_LEGACY_UNAVAILABLE_SOURCE_RECORDS
GeneralsMD/Run/Window/Menus/WOLQuickMatchMenu.wnd	excluded	none	manifest input is absent from the repository or outside its source boundary	ZH_LEGACY_UNAVAILABLE_SOURCE_RECORDS
GeneralsMD/Run/Window/Menus/WOLStatusMenu.wnd	excluded	none	manifest input is absent from the repository or outside its source boundary	ZH_LEGACY_UNAVAILABLE_SOURCE_RECORDS
GeneralsMD/Run/Window/Menus/WOLWelcomeMenu.wnd	excluded	none	manifest input is absent from the repository or outside its source boundary	ZH_LEGACY_UNAVAILABLE_SOURCE_RECORDS
GeneralsMD/Run/Window/ReplayControl.wnd	excluded	none	manifest input is absent from the repository or outside its source boundary	ZH_LEGACY_UNAVAILABLE_SOURCE_RECORDS
GeneralsMD/Run/generals.lcf	excluded	none	manifest input is absent from the repository or outside its source boundary	ZH_LEGACY_UNAVAILABLE_SOURCE_RECORDS
GeneralsMD/Run/launcher.bmp	excluded	none	manifest input is absent from the repository or outside its source boundary	ZH_LEGACY_UNAVAILABLE_SOURCE_RECORDS
GeneralsMD/Run/patchw32.dll	excluded	none	manifest input is absent from the repository or outside its source boundary	ZH_LEGACY_UNAVAILABLE_SOURCE_RECORDS
