source	sha256	symbol	consumer	lifecycle_or_config	provider_target	callback_or_vtable	global_edges	logical_assets	writes	owner	evidence_grade	tests
GeneralsMD/Code/GameEngineDevice/Source/W3DDevice/GameClient/Drawable/Draw/W3DTreeDraw.cpp	ab8119257d01257c662358a92c09c191a2acc246ed445ed1c1f3cd06c52f5ad8	W3DTreeDraw::W3DTreeDraw/reactToTransformChange/friend_preflightRemoval/~W3DTreeDraw	full-instance source Tree factory only	typed ready map/shroud/device admission; zero-XY deferred first transform; exact terrain/device/registry generation; public transform rollback; removal preflight then allocation-free exact detach; native doDrawModule remains empty	zh_original_w3d_draw_full	Linux-only removal admission; identical CPU class definition in factory/constructor/consumer; Windows and serialized fields unchanged	ThingFactory;Drawable;Object;BaseHeightMapRenderObjClass;OriginalGpuEdge	owned generated model/atlas/map and actual factory Tree objects	no schema/headless or retail admission	M22	runtime	original_w3d_tree_module;original_w3d_full_draw_identity;original_w3d_full_draw_provider_removal;original_w3d_abi
GeneralsMD/Code/GameEngine/Source/Common/Thing/Thing.cpp	e68cffe4dc59935ca0dd45fa3b85a4d989feedd420019e66407a47f85a0ec9fd	Thing::setPositionZ/setPosition/setOrientation/setTransformMatrix	Linux source transform/notification boundary	stack-only snapshot and direct restore of exact transform and caches on rejected callbacks; nested slope rollback; successful callbacks unchanged	zh_original_config_providers	no Thing class/vtable/serialization change	Object;Drawable;DrawModule	owned generated real factory Tree and unrelated callback control	no notification during rollback	M22	runtime	original_w3d_tree_module;original_w3d_generated_construction
GeneralsMD/Code/GameEngine/Source/GameClient/Drawable.cpp	ea6b745b9a54f86d3308a2da7aefef85e022495e861f04e5c9b36f2239a9b315	Drawable::friend_preflightModuleRemoval/friend_rollbackConstruction;symmetric binding exception rollback	bounded owned-module deletion and construction unwind	Linux bounded module scan rejects before ownership/registry/binding mutation; exact physical Tree removal capability; default unrelated module no-op;08L2R1 restores exact Object/Drawable pointers without cleanup notifications and withdraws creation-owned client registry before Object unwind	zh_original_config_providers	Linux-only DrawModule removal-preflight virtual; all Linux consumers rebuilt consistently	GameClient;GameLogic;Object;ThingFactory	owned generated constructor faults and active frame destroy/reset attempts	no gameplay destroy hooks during failed construction	M22	runtime	original_w3d_tree_module;original_w3d_generated_construction;original_lifecycle_subsystem;original_lifecycle_subsystem_identity
src/original_runtime/tree_projected_decal_cpu.h	cab2449aa99811a3095fef19e60faa4ee59d5759aefcb84cc1b92edcb93edd63	TreeDecalIntent/Rectangle/Batch/Queue;build_tree_decal_queue	CPU object-less source projected tree geometry	initialized internal state; exact source model size/negative-Y/grid/border/104-axis clipping/winding; candidate-only 4000 intents/32768 vertices/16-bit counts/64MiB admission; no mutation on rejection	zh_original_w3d_draw_full	no Windows engine layout, virtual or serialized state change	WorldHeightMap;BaseHeightMapRenderObjClass;OriginalGpuEdge	owned generated shadow TGA and nonflat maps; exact grid/stream/byte boundaries and invalid providers	no factory or retail admission	M22	runtime	original_w3d_tree_decal
third_party/bgfx_bounded_submission.patch	adf7c210cad7b296c548944ae37b86d75460221d3b3a6cb60574230e6b1cba47	bgfx::submitBounded;BoundedSubmissionLimits/Receipt/Phase	generated native reservation witness;deferred device journal remains closed	immutable complete admission;encoded native bounds;private storage publication;allocation-free API-thread replay;exact native lifetime model and success-only receipt	zh_bgfx_runtime	opt-in public C++ pinned runtime extension;no engine private headers or serialized state	bgfx Context;Frame;EncoderImpl;native resource references	generated shaders/static buffers/textures/window	no original source or retail admission;worker/backend loss outside reversible boundary	M22	runtime	renderer_bgfx_submission_reservation;renderer_bgfx_submission_reservation_gpu
GeneralsMD/Code/GameEngineDevice/Source/W3DDevice/GameClient/Shaders/Trees.nvv	eef698573fc48376f18ad3a810d3efa8f674bd9d9989d430865ec91d6f8e1519	c4-7/c8-18/c32/c33 exact tree vertex semantics	Linux exact original tree program	position plus height-relative selected sway; packed diffuse RGB darkening preserves alpha; unchanged atlas UV and unswayed shroud UV; encoded zero slot versus nonzero toppled slot	zh_w3d	canonical source shader authority, unchanged	BaseHeightMapRenderObjClass;OriginalGpuEdge	owned generated tree vertex bytes and source constants	no scene/factory or retail admission	M22	runtime	original_w3d_tree_program;original_w3d_tree_program_bgfx;original_w3d_terrain_scene_attachment
src/original_runtime/tree_program_contract.h	e0ae95ac94e87a76699559d67c15297906756a5e7e8890c72966cf4e68dd195b	TreeVertexUniform	Linux tree source snapshot and exact shader upload	separate initialized std140 composite rows, zero plus ten sampled sway vectors and source shroud offset/scale; generic uniform ABI unchanged	zh_w3d	no native class field or vtable change	BaseHeightMapRenderObjClass;OriginalGpuEdge	owned generated exact source constants	no state/RNG/FX advancement	M22	runtime	original_w3d_tree_program;original_w3d_tree_program_bgfx;original_w3d_terrain_scene_attachment
GeneralsMD/Code/GameEngine/Include/Common/PlayerList.h	9f2b1560d69bfd5ea63ab84a3ca5c8d5f2dbb84c22be0ff82123debfc66a699f	PlayerList::peekLocalPlayerForPositionFX	Linux position-FX preflight	read-only nullable local-player peek; asserting getLocalPlayer unchanged	zh_original_config_providers	no new virtual or serialized field	ThePlayerList	generated FXList.ini and terrain scenario	none	M22	runtime	original_w3d_terrain_scene_attachment
GeneralsMD/Code/GameEngine/Include/Common/ThingFactory.h	aa910377bb0379b4f621692aae40c501bd1f591abd2b57167019adbc022c51fa	ThingFactory::hasExistingTemplateForPositionFX/existingTemplateCountForPositionFX	Linux tracer/ray admission	read-only exact hash membership and count; synthesizing findTemplate semantics unchanged	zh_original_config_providers	no new virtual or serialized field	TheThingFactory	generated existing and missing tracer/ray templates	none	M22	runtime	original_w3d_terrain_scene_attachment
GeneralsMD/Code/GameEngine/Include/GameClient/FXList.h	da4b563e98bd5c6773674730b950b47ff39f5e4931a82093c22677254afc8c29	FXList::preflightPositionDispatch;FXNugget::cpuPositionReady/cpuPositionChild;FXListStore::containsFXList	Linux position-FX admission interface	bounded recursive graph preflight; Windows declarations and object fields unchanged	zh_original_config_providers	Linux-only virtual readiness hooks on existing polymorphic nugget	TheFXListStore	generated FXList.ini graph fixtures	none	M22	runtime	original_w3d_terrain_scene_attachment
GeneralsMD/Code/GameEngine/Source/GameClient/FXList.cpp	80bb01075048017437e1d60ccee3304057610aec74431f30ec804e9d2d6c5ea2	FXList::preflightPositionDispatch/preflightPositionGraph;FXListStore::containsFXList	read-only positional FX source owner	store membership before dereference; cycle/depth/node bounds; provider and position compatibility; no dispatch	zh_original_config_providers	all native nugget readiness overrides; Windows dispatch unchanged	TheFXListStore;ThePartitionManager;ThePlayerList;TheThingFactory;TheAudio;TheGameClient;TheParticleSystemManager	generated null/empty/multi/DAG/cycle/foreign/stale/provider FXList.ini	none	M22	runtime	original_w3d_terrain_scene_attachment
GeneralsMD/Code/GameEngine/Include/Common/Radar.h	ff2ea5a248626fc0b14c9becc2f2258cffe6d744e023f67a0a6a38e72f9af9f1	Radar::getQueuedTerrainRefreshFrame/rollbackQueuedTerrainRefreshFrame	generated bridge-map radar queue rollback interface	snapshot and exact queue-frame restoration after failed generated map attempt	zh_original_config_providers	Radar queue state	TheRadar;TerrainLogic	generated authored bridge/wall map fixture	none	M22	runtime	original_w3d_generated_bridge_map_attempt
GeneralsMD/Code/GameEngine/Include/GameLogic/AIPathfind.h	5d4094b903ad394f8e9013f9fd336a36a89e823166493a78882090d2ba630f52	PathfindLayer::ownsBridge/rollbackMapCellsKeepOwner;Pathfinder::rollbackBridgeLayer/tryNewMapFresh	bridge-layer and fresh derived-map rollback interface	pointer-matched bridge layers retained; wall capacity and fresh-map residual exposed	zh_original_config_providers	pathfinder layer ownership API	PathfindLayer;Bridge	generated modeled bridge; real 14-layer exhaustion; two-layer pathfinder failure/retry	none	M22	runtime	original_w3d_generated_bridge_owner;original_w3d_pathfinder_owner
GeneralsMD/Code/GameEngine/Include/GameLogic/TerrainLogic.h	737e306b91fe5331a55c4a0802f967a21ba74738bb72aee23f8dda717d3ad3f3	Bridge::rollbackConstructedTowers;TerrainLogic::addLandmarkBridgeToLogic;TerrainLogic::rollbackLandmarkBridgeToLogic	bridge/tower admission and exact terrain rollback interface	caller owns input Object; Boolean admission; terrain Bridge publishes only after layer; duplicate bridge ID rejects; exact bridge/layer/tower rollback retains caller Object	zh_original_config_providers	terrain owner API	ThingFactory;Pathfinder;Bridge	generated modeled bridge and optional towers	none	M22	runtime	original_w3d_generated_bridge_owner;original_w3d_generated_bridge_map_attempt
GeneralsMD/Code/GameEngine/Source/GameLogic/AI/AIPathfind.cpp	8a5987b34754bc7fdc26761e559cc1e13aa1a401afb4233dc9819150284d494f	Pathfinder::addBridge/rollbackBridgeLayer/addWallPiece/removeWallPiece/tryNewMapFresh/rollbackNewMapFresh	exact bridge and wall admission plus fresh derived-map rollback	LAYER_GROUND rejects; pointer-matched bridge rollback; wall capacity/duplicate rejection; partial zone/cell/layer/classification rollback preserves bridge identities	zh_original_config_providers	source PathfindLayer reset	Pathfinder;PathfindLayer;Bridge	generated bridge exhaustion, two-layer fresh-map injected failures and retry	none	M22	runtime	original_w3d_generated_bridge_owner;original_w3d_pathfinder_owner
GeneralsMD/Code/GameEngine/Source/GameLogic/Map/TerrainLogic.cpp	82fb969fc6bc9d769df274fdc8f266433fd77643454397811c3275bfe1613102	Bridge::Bridge(Object*)/createTower/rollbackConstructedTowers;TerrainLogic::addLandmarkBridgeToLogic;TerrainLogic::rollbackLandmarkBridgeToLogic	modeled source bridge, towers, terrain publication and exact removal	road and tower provider preflight; constructor-local reverse cleanup; no gameplay destroy hooks; publish terrain after non-ground layer; caller retains failed input Object; duplicate bridge ID rejects; reverse terrain/layer/tower removal before caller Object cleanup	zh_original_config_providers	BridgeBehavior and tower interface links	TheTerrainLogic;TheThingFactory;TheGameLogic;TheAI	owned bridge/tower/model INI; missing providers, faults and retry; authored bridge map attempt	none	M22	runtime	original_w3d_generated_bridge_owner;original_w3d_generated_bridge_map_attempt
GeneralsMD/Code/GameEngine/Include/Common/GameCommon.h	6fae8ad43aef6dfc6b3a820da46750a1137ac55548b6c3c0455e10a2195edb28	getVeterancyLevelFlag/setVeterancyLevelFlag/clearVeterancyLevelFlag	original veterancy-level INI consumers and runtime flag queries	zero-based REGULAR/VETERAN/ELITE/HEROIC bits; named invalid value is non-mutating and never shifted	header-only original owner	original VeterancyLevel enum and flag helpers	ThingTemplate;DieMuxData	generated original INI module with mixed first-through-last level modifiers	no retail input or writes	M22	runtime	original_data_startup;original_simulation_setup;GCC and Clang ASan UBSan
GeneralsMD/Code/GameEngineDevice/Source/W3DDevice/GameClient/W3DParticleSys.cpp	d5095f7a7f5f4e40b1f2f147c6d0914bbc273f97ae1e84458d44708eac8de743	W3DParticleSystemManager::W3DParticleSystemManager/queueParticleRender/doParticles;DoParticles	original particle provider and empty-smudge dispatch	full-draw CPU profile selects the canonical original manager only when explicitly requested; one source queue coalesces and clears before an empty original-smudge request; inactive edge, missing source owners and populated particle geometry reject; C2D bounded owner-specific source checkpoint composes with real device frame rollback, exact identity/bytes restoration and once-only successful completion; unsupported populated work rejects before mutation	zh_original_w3d_draw_full	original particle-manager vtable and source free dispatch	ParticleSystemManager;W3DSmudgeManager;W3DTerrainVisual;OriginalGpuEdge	owned generated map plus Recording queue/failure/retry/re-entry teardown; retail particle assets untouched	active point/streak/volume and smudge geometry pending 07FE children	M22	runtime	original_w3d_particle_provider;original_w3d_presentation_identity;original_w3d_tree_draw
GeneralsMD/Code/Libraries/Source/WWVegas/WWDebug/wwmemlog.cpp	6f6435c5e26315b70244bf2be9d082e9512dc9df9cf417cc32719cc0391542a1	WWMemoryLogClass::Reset_Counters/Get_Allocate_Count/Get_Free_Count	WW3D::Begin_Render frame statistics	authored Unix DISABLE_MEMLOG branch; Linux thread ID for original category bookkeeping; C2D bounded owner-specific source checkpoint composes with real device frame rollback, exact identity/bytes restoration and once-only successful completion; unsupported populated work rejects before mutation	zh_wwsupport	WW3D;MemLogClass	original source disabled-log counters	owned frame update	workspace only	M22	runtime	original_w3d_texture_frame_update;original_w3d_cpu_identity;original_w3d_texture_frame_provider_removal;original_w3d_tree_draw
GeneralsMD/Code/Libraries/Source/WWVegas/WW3D2/textureloader.cpp	4aa32f1daf286018f978c17a24369e41a2c8970589bfac31f8a6b167c45c973a	TextureLoader::Update;TextureLoader::Request_Foreground_Loading;TextureLoadTaskClass::Begin_*/Load_*/Apply	original texture task and physical upload	source-owned DDS/TGA; reduction/mip; synchronous original task; release/retry	zh_w3d	original texture loader	TextureClass;OriginalGpuEdge;MissingTexture	owned DDS/TGA;read-only retail aggregate	none	M22	runtime	original_w3d_texture_frame_update;original_w3d_texture_decisions;original_w3d_texture_identity;original_w3d_texture_provider_removal;GCC and Clang ASan UBSan
GeneralsMD/Code/Libraries/Source/WWVegas/WW3D2/textureloader_begin.inc	a3e240a4dc168b030fc095773ab20bfe11c984dbe4ca99d55b6a005c7d629336	TextureLoadTaskClass::Begin_Compressed_Load/Begin_Uncompressed_Load	one source body in native and CPU configurations	original format/mip/reduction and physical texture create	zh_w3d	included by original textureloader.cpp	DDSFileClass;Targa;OriginalGpuEdge	owned DDS/TGA	none	M22	runtime	original_w3d_texture_decisions;original_w3d_texture_identity
GeneralsMD/Code/Libraries/Source/WWVegas/WW3D2/textureloader_mips.inc	fe34633b842b3f4c46c40eeba4add83a2af471b062e372958e8581faf44e1f19	TextureLoadTaskClass::Load_Compressed_Mipmap/Load_Uncompressed_Mipmap	one original source body in native and CPU configurations	canonical DDS/Targa and BitmapHandler mip bytes into locked physical staging	zh_w3d	included by original textureloader.cpp	DDSFileClass;Targa;BitmapHandlerClass	owned compressed/uncompressed mip fixtures	none	M22	runtime	original_w3d_texture_decisions;original_w3d_texture_identity
GeneralsMD/Code/Libraries/Source/WWVegas/WW3D2/textureloader_task.inc	4641e4029e8d38c4a6430f8b3161ea8dd8e01911324386b549b308a64b25a219	TextureLoadTaskClass::Finish_Load/Begin_Load/Load/End_Load/Apply_Missing_Texture/Apply	one original source body in native and CPU configurations	original task ordering; successful source publication; authored optional pink fallback	zh_w3d	included by original textureloader.cpp	TextureClass;OriginalGpuEdge;MissingTexture	owned optional missing and source failure/retry	none	M22	runtime	original_w3d_texture_decisions;original_w3d_texture_identity
GeneralsMD/Code/Libraries/Source/WWVegas/WW3D2/missingtexture.cpp	b8d6f5a529b2d1c5399e861c8c2402e5e149210475577a417b8f5a602ba2b431	MissingTexture::_Create_Gpu_Missing_Texture	original optional fallback texture producer	original authored 0x7FFF00FF pixel/mip data; scoped shared GPU owner	zh_w3d	original fallback pixel authority	TextureLoadTaskClass;OriginalGpuEdge	owned optional missing texture fixture only	none	M22	runtime	original_w3d_texture_decisions;original_w3d_texture_identity;original_w3d_texture_provider_removal
GeneralsMD/Code/Libraries/Source/WWVegas/WW3D2/textureloader_information.inc	ba40bad1b4283a6c8696b556c9398328acb85b0b19606bc19952d97e6afba182	Get_Texture_Information	one source body in native and CPU configurations	DDS/TGA metadata and reduction; thumbnail typed negative	zh_w3d	included by original textureloader.cpp	DDSFileClass;Targa;WW3D	owned DDS/TGA	none	M22	runtime	original_w3d_texture_decisions;original_w3d_texture_identity
GeneralsMD/Code/Libraries/Source/WWVegas/WW3D2/ww3dformat.cpp	7d60b51de70a958808563ac8944c281d6fd076fc27d7506c115dec5f6c93af49	Get_Valid_Texture_Format/Get_WW3D_Format	original texture source/destination format	authored fallback order; public usage/format support query	zh_w3d	original format authority	OriginalGpuEdge;GpuDevice	owned DDS/TGA	none	M22	runtime	original_w3d_texture_decisions;original_w3d_texture_identity;original_w3d_texture_provider_removal
GeneralsMD/Code/Libraries/Source/WWVegas/WW3D2/bitmaphandler.cpp	cc834f080cd29f85f82d17f8742b364e373557498718e9c98404bd5cc9373d1c	BitmapHandlerClass::Copy_Image/Create_Mipmap_B8G8R8A8	original uncompressed pixels and mip generator	source BGR to BGRA; authored mip rounding	zh_w3d	original pixel authority	TextureLoadTaskClass	owned TGA pixels	none	M22	runtime	original_w3d_texture_decisions;original_w3d_texture_identity;original_w3d_texture_provider_removal
GeneralsMD/Code/Libraries/Source/WWVegas/WW3D2/ddsfile.cpp	f6cae16609089bd40e28db49836a8886d315c5545eaf9fd10cb8a0be0faf8ec8	DDSFileClass::DDSFileClass/Load	original compressed texture image provider	probe; decode DXT1/3/5 and mips; reject malformed and short; release	zh_w3d	original DDS parser and source-owned compressed bytes	TheFileFactory;file_auto_ptr	owned DDS;read-only retail format aggregate	none	M22	runtime	original_w3d_image_providers;original_w3d_image_identity;original_w3d_image_provider_removal;GCC and Clang ASan UBSan
GeneralsMD/Code/Libraries/Source/WWVegas/WW3D2/ddsfile.h	457a0228d95e661f3903d8fbc1911bde6908225a1e086e28aba8dbc25c533869	LegacyDDSURFACEDESC2	original DDS wire-format layout	x86_64 fixed-size disk header and compile-time ABI assertion	zh_w3d	original DDS descriptor	DDSFileClass	owned DDS header fixtures	none	M22	runtime	original_w3d_image_providers;original_w3d_image_identity
GeneralsMD/Code/Libraries/Source/WWVegas/WWLib/TARGA.CPP	6252ab15e1329825fed91cc872cb01d8fed6875cd9fdd94dc821b2e7f621d7c4	Targa::Open/Load/DecodeImage	original uncompressed and RLE Targa image provider	read; orient; reject malformed/overrun; release	zh_w3d	original Targa parser and pixel owner	TheFileFactory	owned TGA;read-only retail format aggregate	none	M22	runtime	original_w3d_image_providers;original_w3d_image_identity;original_w3d_image_provider_removal;GCC and Clang ASan UBSan
GeneralsMD/Code/Libraries/Source/WWVegas/WWLib/TARGA.H	c79bce05746f9726a4b78e0e2800acaff2192873107df0f8e470e75d51a9eb80	TGAHeader/TGA2Footer/TGA2Extension	original Targa on-disk layout	x86_64 fixed-size extension/footer and compile-time ABI assertion	zh_w3d	original Targa metadata	Targa::Open	owned TGA header/footer fixture	none	M22	runtime	original_w3d_image_providers;original_w3d_image_identity
GeneralsMD/Code/Libraries/Source/WWVegas/WWLib/ffactory.cpp	166a404c2c16bcfd3de141ef05676a7729f1fb77661d1812c65ea37ef96d9aff	file_auto_ptr::file_auto_ptr/~file_auto_ptr	original image file read ownership	get; return exactly once; original global installed externally	zh_w3d	original RAII file-factory provider	TheFileFactory;DDSFileClass	owned provider bytes via original FileClass	none	M22	runtime	original_w3d_image_providers;original_w3d_image_identity;original_w3d_image_provider_removal
GeneralsMD/Code/Libraries/Source/WWVegas/WW3D2/dx8fvf.cpp	b5e5bb79a0c47f3ccffcd116ac15b505f20de145e7f4cbf26b5a325f899f26e2	FVFInfoClass::FVFInfoClass	original mesh FVF CPU layout	construct; reject unsupported position/UV count	zh_w3d	original FVF layout/offsets	original MeshClass and category consumers	owned W3D mesh fixture	none	M22	runtime	original_w3d_cpu_graph;original_w3d_cpu_identity;original_w3d_provider_removal
GeneralsMD/Code/Libraries/Source/WWVegas/WW3D2/mesh.cpp	7042f9e04b7aab371334ab43145b5fff0238e507b65cb361c71c054896a51376	MeshClass::Render/Get_Deformed_Vertices/Render_Material_Pass/Create_Decal;08Q0R1 strong clone construction	original mesh visibility, category entry, immediate skin/rigid material pass and source cull-volume/decal APT	original cull-tree OBB/view and no-tree view-only fallback; dynamic 16-bit index/min-max/world physical draw; corrupt polygon/index and sorting route fail closed; no-APT no-op; alpha/override restoration; original rigid/skinned decal CPU creation and index precheck;unpublished guarded clone graph, mapper RNG rollback, bounded admission and exact retry;08R0C bounded exact prop/source-frame preparation, consumed-node checkpoint, rollback and once-only commit	zh_w3d	original mesh render and APT/decal selection method	RenderInfoClass;MeshModelClass;StaticSortListClass;MaterialPassClass;DynamicIBAccessClass;DecalGeneratorClass	owned cull-tree/no-tree rigid and HLOD skin/decal fixtures;retail encounter audit pending M22 slice 08	decal device/queue 06B4B-D;sorted dynamic route 06C	M22	runtime	original_w3d_cpu_graph;original_w3d_decal_cpu;original_w3d_cpu_identity;original_w3d_provider_removal;original_w3d_clone_graph;original_w3d_clone_graph_identity;original_w3d_clone_graph_provider_removal;original_w3d_prop_frame
GeneralsMD/Code/Libraries/Source/WWVegas/WWLib/hashtemplate.h	6794e8c31ace945cda7f3a609c27bc6911994d68840d835b014f25c925c215f8	HashTemplateKeyClass<StringClass>::Get_Hash_Value	original asset and texture name lookup	hash unaligned string storage; destroy	zh_w3d	original hash specialization byte-preserving alignment correction	WW3DAssetManager;TextureHash	owned W3D texture name fixture	none	M22	runtime	original_w3d_cpu_graph;original_w3d_cpu_identity;original_w3d_provider_removal;focused Clang ASan UBSan
GeneralsMD/Code/Libraries/Source/WWVegas/WW3D2/dx8vertexbuffer.cpp	5abc5237c759c1a3b9b79694247820154b12f4d106e1011db1da72cef026e4cc	DX8VertexBufferClass/VertexBufferClass::AppendLockClass/DynamicVBAccessClass	original rigid and dynamic mesh vertex buffer ownership	create; append; dynamic lock/offset/wrap/growth/reset; retained old generation released by final owner; C2D bounded owner-specific source checkpoint composes with real device frame rollback, exact identity/bytes restoration and once-only successful completion; unsupported populated work rejects before mutation;08R0C bounded exact prop/source-frame preparation, consumed-node checkpoint, rollback and once-only commit	zh_w3d	original buffer class with CPU physical-storage branch	DX8FVFCategoryContainer;FVFInfoClass;DX8SkinFVFCategoryContainer	owned sorting/rigid/skin W3D meshes	skin FVF and draw 06B2; sorting draw 06C	M22	runtime	original_w3d_first_gpu_edge;original_w3d_cpu_identity;original_w3d_provider_removal;original_w3d_dynamic_growth;focused ASan UBSan;original_w3d_tree_draw;original_w3d_prop_frame
GeneralsMD/Code/Libraries/Source/WWVegas/WW3D2/dx8indexbuffer.cpp	219bd61c3d0f1d8a865725c4c623dd7359f0cc5d23c02b9b89d65cc72b0c5eff	DX8IndexBufferClass/IndexBufferClass::AppendLockClass/DynamicIBAccessClass/IndexBufferExceptionFunc	original rigid and dynamic mesh triangle ownership	create; append; dynamic lock/offset/wrap/growth/reset; retained old generation released by final owner; canonical original exception hook in CPU configuration; release; C2D bounded owner-specific source checkpoint composes with real device frame rollback, exact identity/bytes restoration and once-only successful completion; unsupported populated work rejects before mutation;08R0C bounded exact prop/source-frame preparation, consumed-node checkpoint, rollback and once-only commit	zh_w3d	original index buffer class with CPU physical-storage branch	DX8TextureCategoryClass;MeshClass::Render_Material_Pass	owned cull-tree/no-tree/skin W3D meshes and exact dynamic 16-bit APT bytes	sorting draw 06C	M22	runtime	original_w3d_first_gpu_edge;original_w3d_cpu_identity;original_w3d_provider_removal;original_w3d_dynamic_growth;focused ASan UBSan;original_w3d_tree_draw;original_w3d_prop_frame
GeneralsMD/Code/Libraries/Source/WWVegas/WW3D2/dx8renderer.cpp	d1f0c2bc9ee5697cb7f936894cd4b88747ad2bdd626f305f48c8b9730efd69ae	DX8MeshRendererClass::Register_Mesh_Type/Flush/Render_Decal_Meshes/Shutdown;DX8RigidFVFCategoryContainer::Render/Render_Delayed_Procedural_Material_Passes;DX8SkinFVFCategoryContainer::Render;DX8TextureCategoryClass::Render	original mesh registration, pass/category/decal traversal, per-mesh source state/draw decisions and drained task-pool teardown	register; original category 0/1/2-stage material/shader/world/alpha/additive/UV order; failure/retry; HLOD skin batch <=65535 vertices; original rigid delayed passes after skin; source decal queue and ZBIAS 8/0 bracket with failure reset/no stale links; Linux abort retires visible/delayed pass task refs; CPU shutdown asserts all polygon tasks drained before retiring the empty AutoPool slab; C2D bounded owner-specific source checkpoint composes with real device frame rollback, exact identity/bytes restoration and once-only successful completion; unsupported populated work rejects before mutation;08R0C bounded exact prop/source-frame preparation, consumed-node checkpoint, rollback and once-only commit	zh_w3d	original category and delayed task owner; decal source slot preserved in Flush	WW3D;MeshModelClass;OriginalGpuEdge;MaterialPassClass;DecalMeshClass	owned same-Flush rigid/skin immediate/cull/decal/delayed original scene, failure/requeue, task-pool active-node/re-entry controls and validation-layer Vulkan pixels; retail encounter audit pending 08	sort/static/WWShade 06C;retail reachability 08	M22	runtime	original_w3d_cpu_graph;original_w3d_decal_cpu;original_w3d_decal_aggregate;original_w3d_decal_aggregate_gpu;original_w3d_first_gpu_edge;original_w3d_cpu_identity;original_w3d_decal_provider_removal;original_w3d_source_owned_pass_scene;original_w3d_presentation;original_w3d_tree_draw;original_w3d_prop_frame
GeneralsMD/Code/Libraries/Source/WWVegas/WWMath/matrix4.cpp	241536b0564c97242c03b3af9b85b46f83187e0765a565415531d71d19e14696	Matrix4x4::Inverse/Get_Ortho_Inverse	original projector/decal source matrix closure	CPU projector transforms and lifecycle	zh_w3d	original matrix source	ProjectorClass;MatrixMapperClass	owned rigid/skin decal fixture	decal GPU edge 06B4B-D	M22	runtime	original_w3d_decal_cpu;original_w3d_cpu_identity;original_w3d_decal_provider_removal
GeneralsMD/Code/Libraries/Source/WWVegas/WW3D2/matrixmapper.cpp	9606137f156e096b586def3445e17f4ea1df6a5363ae0dfe71c395d38da7766c	MatrixMapperClass::Set_Texture_Transform	original decal projector UV map	CPU authored texture projection	zh_w3d	original UV matrix source	DecalGeneratorClass;ProjectorClass	owned rigid/skin decal fixture	decal GPU edge 06B4B-D	M22	runtime	original_w3d_decal_cpu;original_w3d_cpu_identity;original_w3d_decal_provider_removal
GeneralsMD/Code/Libraries/Source/WWVegas/WW3D2/projector.cpp	39ec58e1a7bf897ec00473f1b71c996f14c6c87a293367160e6ed09e40de6e81	ProjectorClass::Set_Ortho_Projection/Set_Transform/Get_Bounding_Volume	original decal volume and projector selection	CPU original clipping coordinates and no-APT branch	zh_w3d	original projector source	DecalGeneratorClass;MeshClass	owned rigid/skin decal fixture	decal GPU edge 06B4B-D	M22	runtime	original_w3d_decal_cpu;original_w3d_cpu_identity;original_w3d_decal_provider_removal
GeneralsMD/Code/Libraries/Source/WWVegas/WW3D2/decalsys.cpp	08da9f625b685c3300c1d1ab02bad2d788c7311d371c0830ce46400b5bdd6712	DecalSystemClass::Lock_Decal_Generator/Unlock_Decal_Generator;DecalGeneratorClass::Compute_Texture_Coordinate	original decal generation and owner list	CPU original generator ID/transform/material lifetime and retry	zh_w3d	original decal system source	MeshClass;ProjectorClass;MaterialPassClass	owned rigid/skin decal fixture	decal GPU edge 06B4B-D	M22	runtime	original_w3d_decal_cpu;original_w3d_cpu_identity;original_w3d_decal_provider_removal
GeneralsMD/Code/Libraries/Source/WWVegas/WW3D2/decalmsh.cpp	2008a0180d766e690b9820c4d43641936cb2549e3c6fabf96bfe56eacaf7772c	RigidDecalMeshClass::Create_Decal/Delete_Decal/Render;SkinDecalMeshClass::Create_Decal/Delete_Decal/Render	original rigid/skin decal clipping/deformation material and physical indexed draw owner	CPU source rigid clipped vertices/UV, skin parent links/UV, source material refs; conservative 16-bit geometry preflight before publication, exact dynamic FVF/index lock, source material runs/world and public physical draw; disabled/sorted skin skip; failed texture/upload/draw retry	zh_w3d	original decal mesh and physical source; no adapter geometry	MeshClass;DecalGeneratorClass;DX8Wrapper;DynamicVBAccessClass;DynamicIBAccessClass	owned rigid/skin original Flush queue with immediate/cull/delayed pass and validation-layer Vulkan pixels	retail reachability audit 08	M22	runtime	original_w3d_decal_cpu;original_w3d_decal_physical;original_w3d_decal_physical_gpu;original_w3d_decal_aggregate;original_w3d_decal_aggregate_gpu;original_w3d_cpu_identity;original_w3d_decal_provider_removal
GeneralsMD/Code/Libraries/Source/WWVegas/WW3D2/mesh.h	cbdc6a2119ca5840ecf05238f906ce95d17d28fe12518d6803391f25e79af8bd	MeshClass::Peek_Decal_Mesh (CPU ABI only);08Q0R1 strong clone construction	direct original concrete owner physical boundary witness	layout-neutral read-only original owner inspection; no proxy rendering; not used in aggregate original queue or production scene path;unpublished guarded clone graph, mapper RNG rollback, bounded admission and exact retry;08R0C bounded exact prop/source-frame preparation, consumed-node checkpoint, rollback and once-only commit	zh_w3d	canonical original MeshClass declaration, CPU-only configuration	RigidDecalMeshClass;SkinDecalMeshClass	owned direct original object fixture; aggregate uses source Mesh::Render→Flush, no accessor	retail scene acceptance 08/09	M22	runtime	original_w3d_decal_physical;original_w3d_decal_physical_gpu;original_w3d_cpu_identity;original_w3d_clone_graph;original_w3d_clone_graph_identity;original_w3d_clone_graph_provider_removal;original_w3d_prop_frame
GeneralsMD/Code/Libraries/Source/WWVegas/WW3D2/statistics.cpp	e569a808798efa3837573bb83349406553ed8e2bef7adcca7ab2c443ddf82b7d	Debug_Statistics::Record_DX8_Skin_Polys_And_Vertices/Begin_Statistics/End_Statistics	original skin vertex/polygon/frame statistics and source batch witness	count original selected skin meshes and 16-bit split; D3D-only physical stats guarded in Linux CPU ABI; C2D bounded owner-specific source checkpoint composes with real device frame rollback, exact identity/bytes restoration and once-only successful completion; unsupported populated work rejects before mutation	zh_w3d	canonical original statistics source provider	DX8SkinFVFCategoryContainer;DX8Wrapper	owned 65538-vertex two-skin HLOD fixture	device-only stats edge; no replacement source counter	M22	runtime	original_w3d_skin_batch;original_w3d_cpu_identity;original_w3d_provider_removal;original_w3d_tree_draw
src/original_runtime/original_gpu_edge.cpp	228bac980a550ac7fe6aa0a001f8026b4d76a7a62bdae9e404851979bc082798	OriginalGpuEdge::supports_device_transactions/begin_device_transaction/commit_device_transaction/abort_device_transaction/bind_vertex/bind_index/release_vertex/release_index/layout_for_fvf/map_applied_state/prepare_applied_state/draw_source_indexed/draw_volume_stencil/release_volume_stencil/validate_prepared_state/create_texture/upload_texture/publish_texture/publish_texture_alias/select_texture/set_filter_stage_state/record_source_state/set_source_viewport/clear_source_viewport/source_depth_has_stencil/bind_frame_targets/begin_source_frame/end_source_frame/release_source_buffers/prepare_tree_state/begin_source_references/finish_source_references/cancel_source_references/drain_source_references/shutdown_source_references/begin_source_stages/apply_source_stages/commit_source_stages/abort_source_stages/idle_preparation_ready/resident_texture/withdraw_candidate_texture/prepare_immutable_tree_program/immutable_tree_program_current/probe_tree_frame_admission	original source-issued resources and canonical FVF/applied-state semantic and bounded Recording/bgfx physical descriptor/draw translation	adds only a caller-frame D24S8 XYZ/16 source-buffer binding to the accepted increment/decrement/composite public contract; scoped source-owner buffer retirement; GPU owner generation and source revision; exact 16-bit source index/start/base/range and triangle topology; failure rollback including atomic texture-ref map insertion; no shadow owner, scheduling, retail, resize, or pixel authority; C2A separately admits source XYZNDUV1 packed sway/darkening/base slots and exact caller-supplied tree constants, preserves generic absent-UV rejection, validates tree-only generated UV0/UV1 mapping, and atomically replaces complete shader/pipeline/uniform candidates with reverse fault rollback; B2B forwards exact optional device transactions with target/edge generation admission and owner-scoped frame cancellation, without source-stage checkpoint duplication; no scene draw; B0A fixed64 acquired source-reference units, exact-generation no-throw finish/cancel and transactional idle device cleanup before terminal metadata detach/pooled release; alias multiplicity and receiver-pinned invalidation; B0B resident immutable tuple admission, selected refs/maps/preallocated transform nodes/access/filter/sampler/revision rollback composed with idle journal and bounded A pins; grouped all-survivor no-callback drain; exact once-only lifecycle cancellation; C2B read-only idle/resident admission and exact unpublished first-source map/ref withdrawal before idle abort; no revision/callback/native destruction; candidate withdrawal is private W3DShroud friendship only, with early live-attempt poisoning; C2C fully admitted immutable program/resource phase is prepared before C1 publication, probe begin/abort is complete before old-resource retirement, exact retry identity owns pins independently of mutable source stages, reset/removal cancels already-owned lifecycle state without post-FX registry access; C2D bounded owner-specific source checkpoint composes with real device frame rollback, exact identity/bytes restoration and once-only successful completion; unsupported populated work rejects before mutation; C3 source-order pre-topple projected intents/default resource are atomically prepared and pinned with the immutable phase; exact native terrain projection and multiplicative flush precede tree triangles; bounded frame rollback retains queue/rectangle/resource identity and retry without C1/RNG/FX re-advance; object/volume shadows remain fail-closed;08R0C bounded exact prop/source-frame preparation, consumed-node checkpoint, rollback and once-only commit	zh_w3d	device-only translator; original FVFInfoClass and DX8Wrapper own decisions; no geometry/material/pixel/filter authority	DX8PolygonRendererClass;FVFInfoClass;W3DBufferManager;GpuDevice	owned generated source slots and Recording/bgfx target fixture	bounded source SHADOW_VOLUME owner remains 08B3C	M22	runtime	original_w3d_gpu_edge_failure;original_w3d_first_gpu_edge;original_w3d_volumetric_stencil_edge;original_w3d_volumetric_stencil_edge_bgfx;original_w3d_source_frame;original_w3d_provider_removal;original_w3d_tree_program;original_w3d_tree_program_bgfx;original_w3d_source_reference;original_w3d_source_reference_bgfx;original_w3d_stage_transaction;original_w3d_stage_transaction_bgfx;original_w3d_terrain_shroud_projection;original_w3d_tree_preparation;original_w3d_tree_draw;original_w3d_tree_decal;original_w3d_prop_frame
src/original_runtime/texture_cpu.inc	a77deab1f295db037a95226b1137f1edff59c0a7e8599c2b24e59d1ea5b49f57	TextureBaseClass::Invalidate	CPU source texture lifecycle	receiver pin and enrolled source-reference notification before ordinary invalidation; failure preserves initialized metadata and queue; B0B optional exact-owner stage guard preserves ordinary invalid-tuple precedence and platform layout; out-of-scope mutation poisons before diagnostics; C2D bounded owner-specific source checkpoint composes with real device frame rollback, exact identity/bytes restoration and once-only successful completion; unsupported populated work rejects before mutation	zh_w3d	included by original texture.cpp; original class layout unchanged	OriginalGpuEdge;RefCountClass	owned sole/surviving source invalidation fixture	none	M22	runtime	original_w3d_source_reference;original_w3d_texture_decisions;original_w3d_stage_transaction;original_w3d_stage_transaction_bgfx;original_w3d_tree_draw
GeneralsMD/Code/Libraries/Source/WWVegas/WW3D2/ww3d.cpp	82260733d3952a3bbd73e113a6c20acf8e1283d1eccfe0931bee071dda1341b2	WW3D Init/Shutdown/Begin_Render/End_Render static state/Render/Flush/Sync/Set_Texture_Filter/Enable_Texturing	canonical original WW3D source entry and texture gate	original full/lite initialization and static-sort/DAZZLE/audio CPU ownership, failure/retry; CPU-only native VertexMaterial preset lifecycle for original status source; source full-target frame pass now, source scene/layer/object recording and renderer-category init/teardown B1; exception-safe static-sort abort B2; physical aggregate pending B3; common native/CPU filter/time state; CPU shutdown retires only fully returned MultiList node slabs; B0B optional exact-owner stage guard preserves ordinary invalid-tuple precedence and platform layout; out-of-scope mutation poisons before diagnostics; C2D bounded owner-specific source checkpoint composes with real device frame rollback, exact identity/bytes restoration and once-only successful completion; unsupported populated work rejects before mutation;08R0C bounded exact prop/source-frame preparation, consumed-node checkpoint, rollback and once-only commit	zh_w3d	original state and render/flush/sync source owner	DX8MeshRendererClass;TextureFilterClass;StaticSortListClass;LinearOffsetTextureMapperClass	owned W3D mesh and animated UV stage fixture	none	M22	runtime	original_w3d_source_frame;original_w3d_source_frame_gpu;original_w3d_source_init;original_w3d_cpu_graph;original_w3d_texture_decisions;original_w3d_cpu_identity;original_w3d_provider_removal;original_w3d_scene_wrapper;original_w3d_static_sort_failure;original_w3d_source_mixed_scene;original_w3d_source_mixed_scene_bgfx;original_w3d_stage_transaction;original_w3d_stage_transaction_bgfx;original_w3d_tree_draw;original_w3d_prop_frame
GeneralsMD/Code/Libraries/Source/WWVegas/WW3D2/layer.cpp	74433c0a782796e80b97efa33ae232616e4899b154d64f2688d2e0bf4ac0207f	LayerClass constructors/destructor/Set_Scene/Set_Camera/Set	canonical original WW3D layer and layer-list source consumer	refcounted scene/camera ownership and source clear/color selection; null layer fails before scene publication	zh_w3d	original WW3D layer provider	WW3D::Render;SceneClass;CameraClass	owned original scene and layer-list fixture	none	M22	runtime	original_w3d_scene_wrapper;original_w3d_provider_removal
GeneralsMD/Code/Libraries/Source/WWVegas/WW3D2/animatedsoundmgr.cpp	203c865173fdd37f6ab8fd9aa969456e8111b2b2946ad7dbda4795b10ed29c45	AnimatedSoundMgrClass::Initialize/Shutdown/Get_Embedded_Sound_Name/Trigger_Sound	original WW3D full-init animation sound configuration and name lookup	canonical optional INI parse/uppercase/hash and reset/retry; physical playback via external sound bridge remains separate M23 edge	zh_w3d	original sound manager CPU owner	WW3D::Init;WW3D::Shutdown;HAnimClass;SoundLibraryBridgeClass	owned animation-sound INI and missing/malformed cases	no retail writes	M22	runtime	original_w3d_source_init;original_w3d_cpu_identity;original_w3d_provider_removal
GeneralsMD/Code/Libraries/Source/WWVegas/WWLib/trim.cpp	682f8e82f0e438ba803e87f85e21285f5a93057040ebb9d4a7194b21ea3b77f5	strtrim	original INIClass::Load and animation-sound configuration	in-place leading/trailing trim with overlap-safe move; ASan regression through original full WW3D Init	zh_wwsupport	canonical WWLib string parser	INIClass;AnimatedSoundMgrClass	owned animation-sound INI fixture	none	M22	runtime	original_w3d_source_init;original_w3d_sound_provider_removal
GeneralsMD/Code/Libraries/Source/WWVegas/WW3D2/camera.cpp	8886245545555d0bdae4d4e87d967afdf6511e9e106c78185f7ffb3ba38bbed2	CameraClass::Apply	original camera frustum, viewport/depth/projection/view decisions	active public pass extent and bounded viewport mapping; original physical ZBIAS-supported path; scene frame lifecycle deferred 06C3B-C	zh_w3d	original camera class producer	OriginalGpuEdge;DX8Wrapper;WW3D::Render	owned original camera and W3D mesh partial viewport fixture	none	M22	runtime	original_w3d_camera_apply;original_w3d_sorting_gpu;original_w3d_cpu_identity;original_w3d_camera_provider_removal
GeneralsMD/Code/Libraries/Source/WWVegas/WW3D2/static_sort_list.cpp	48a8e560898082c8333fd6a7fdd8bce5e864acf5a1b1219f640bba383660a7c9	DefaultStaticSortListClass::Render_And_Clear	original deferred mesh sort routing	descending list; popped-node release on hook/object error; discard remaining on source frame abort; typed physical flush; C2D bounded owner-specific source checkpoint composes with real device frame rollback, exact identity/bytes restoration and once-only successful completion; unsupported populated work rejects before mutation;08R0C bounded exact prop/source-frame preparation, consumed-node checkpoint, rollback and once-only commit	zh_w3d	original static sort owner	WW3D;MeshClass	owned sorted skin W3D mesh fixture	none	M22	runtime	original_w3d_cpu_graph;original_w3d_cpu_identity;original_w3d_provider_removal;original_w3d_static_sort_failure;original_w3d_tree_draw;original_w3d_prop_frame
GeneralsMD/Code/Libraries/Source/WWVegas/WW3D2/static_sort_list.h	7c9d607151e1bb115af73b818edf06b4c921a2cf99dc25a0327d8af865cf4534	StaticSortListClass/DefaultStaticSortListClass::Discard_Without_Rendering	original WW3D static-sort failure cleanup	CPU-only virtual discard surface; native ABI unchanged; release all queued original refs without callbacks; C2D bounded owner-specific source checkpoint composes with real device frame rollback, exact identity/bytes restoration and once-only successful completion; unsupported populated work rejects before mutation;08R0C bounded exact prop/source-frame preparation, consumed-node checkpoint, rollback and once-only commit	zh_w3d	original static-sort contract	WW3D::Render;DefaultStaticSortListClass	owned two-level static-sort failure fixture	none	M22	runtime	original_w3d_static_sort_failure;original_w3d_tree_draw;original_w3d_prop_frame
GeneralsMD/Code/Libraries/Source/WWVegas/WW3D2/sortingrenderer.cpp	430fe40cfebbb44cd42255c4f1884790680138dbdfaa21463f4ffb66d5f94e4f	SortingRendererClass::Insert_Triangles/Flush	original sorting queue, transformed depth, triangle index/depth ordering and physical pass	original CPU sorting queue/depth/order and physical dynamic vertex/index source draw execute; full WW3D scheduling remains 06C3; C2D bounded owner-specific source checkpoint composes with real device frame rollback, exact identity/bytes restoration and once-only successful completion; unsupported populated work rejects before mutation;08R0C bounded exact prop/source-frame preparation, consumed-node checkpoint, rollback and once-only commit	zh_w3d	original sorting renderer source owner	WW3D::Flush	owned W3D mesh fixture	none	M22	link	original_w3d_cpu_graph;original_w3d_cpu_identity;original_w3d_provider_removal;original_w3d_tree_draw;original_w3d_prop_frame
GeneralsMD/Code/Libraries/Source/WWVegas/WW3D2/dx8polygonrenderer.cpp	0dedb3cf0bfce9f05db7f53e0362b925e4aa46a5642159b0a4754296b82a41af	DX8PolygonRendererClass::DX8PolygonRendererClass	original polygon/material category membership	construct; owner unlink; destroy;08R0C bounded exact prop/source-frame preparation, consumed-node checkpoint, rollback and once-only commit	zh_w3d	original polygon renderer class; physical draw unavailable until 04C	MeshModelClass;DX8TextureCategoryClass	owned sorting/rigid/skin W3D meshes	none	M22	runtime	original_w3d_cpu_graph;original_w3d_cpu_identity;original_w3d_provider_removal;original_w3d_prop_frame
GeneralsMD/Code/Libraries/Source/WWVegas/WW3D2/dx8polygonrenderer.h	8cbeaf5757afa5965807b2a7bafc97aad0be9003d51111c56e31d35575b8bf90	DX8PolygonRendererClass::Render/Render_Sorted	original inline polygon buffer-index offset/strip-or-list and sorted-triangle dispatch	one original source method body in native and CPU configurations; caller-bound material and pass	zh_w3d	original polygon draw source, no category-owned proxy	DX8Wrapper;OriginalGpuEdge	owned original MeshModelClass and polygon renderer fixture	category traversal 06A2	M22	runtime	original_w3d_gpu_edge_failure;original_w3d_provider_removal
GeneralsMD/Code/Libraries/Source/WWVegas/WW3D2/stripoptimizer.cpp	eeeda50eac63a770984b9e6d1adb1a3dc1322737db623f87afa25f00602522ae	StripOptimizerClass::Stripify/Combine_Strips	original optional mesh strip grouping	link; authored branch	zh_w3d	original strip optimizer method	DX8TextureCategoryClass	owned sorting/rigid/skin W3D meshes	none	M22	link	original_w3d_cpu_identity;original_w3d_provider_removal
GeneralsMD/Code/Libraries/Source/WWVegas/WW3D2/meshmdl.cpp	f2bd44aedb5e1a404c8b140bafa45fbda15d5174596d4d21998e6fb6c8baa275	MeshModelClass::Register_For_Rendering;08Q0R1 strong clone construction	original model-to-category registration	register; reset; destructor;unpublished guarded clone graph, mapper RNG rollback, bounded admission and exact retry	zh_w3d	original mesh model registration and ownership	TheDX8MeshRenderer;MeshMatDescClass	owned sorting/rigid/skin W3D meshes	none	M22	runtime	original_w3d_cpu_graph;original_w3d_cpu_identity;original_w3d_clone_graph;original_w3d_clone_graph_identity;original_w3d_clone_graph_provider_removal
GeneralsMD/Code/GameEngineDevice/Source/W3DDevice/GameClient/W3DFileSystem.cpp	197aa6033096a70effeeccfa96867f927e7360b936a6b693d4fa6e42c1a79182	W3DFileSystem::W3DFileSystem/~W3DFileSystem/Get_File/Return_File	original GameClient asset-file provider	display-owned or standalone-window construction; load model through source VFS; restore prior active file factory after destruction	zh_original_w3d_draw_full	original FileFactoryClass identity	TheW3DFileSystem;_TheFileFactory;TheFileSystem	owned W3D chunks; generated modeled Object and missing-provider retry; read-only W3DZH.big	none	M22	runtime	original_w3d_full_draw_scenario;original_w3d_full_draw_identity;original_w3d_full_draw_provider_removal;original_w3d_borrowed_file_owner
GeneralsMD/Code/Libraries/Source/WWVegas/WW3D2/assetmgr.cpp	4cea3bc6ea7b6e51baed2f7c11ad8e94cc7edf073fb0f7c54942babf26869f5e	WW3DAssetManager::Load_3D_Assets/Create_Render_Obj	M22 original W3D CPU object graph	load; clone; free	zh_w3d	original prototype loader registration	HTreeManager;HAnimManager;TextureHash	owned W3D chunk fixture	none	M22	runtime	original_w3d_cpu_graph;original_w3d_cpu_identity;original_w3d_provider_removal
GeneralsMD/Code/Libraries/Source/WWVegas/WW3D2/hlod.cpp	5e1a55911ae1911cde02cc9d0e06ee3b30da03a77cb2e397373100a0dc754abd	HLodDefClass::Load_W3D/HLodClass	M22 original hierarchy/model composition	load; create; release	zh_w3d	HLodPrototypeClass	WW3DAssetManager;HTreeManager	owned HLOD fixture	none	M22	runtime	original_w3d_cpu_graph;original_w3d_cpu_identity
GeneralsMD/Code/Libraries/Source/WWVegas/WW3D2/meshmdlio.cpp	3cb31164837166be2c4f1839a79fc0bfdb099b1be08ca05c3405f52e094c30c2	MeshModelClass::Load_W3D	M22 original geometry/material passes	load; inspect; release	zh_w3d	MeshPrototypeClass	TextureClass;VertexMaterialClass;ShaderClass	owned mesh/material fixture	none	M22	runtime	original_w3d_cpu_graph;original_w3d_cpu_identity
GeneralsMD/Code/Libraries/Source/WWVegas/WW3D2/texture.cpp	be15d72229661fc1dd7b1d58e3d403b3ea0dd84531f560bbe27538ab29fe09ca	Load_Texture/TextureClass::Apply/Invalidate_Old_Unused_Textures	M22 original texture owner and stage selection	metadata load; foreground task; physical publication; source-selected stage	zh_w3d	original parser plus CPU device boundary	WW3DAssetManager;TextureLoader;TextureFilterClass;OriginalGpuEdge	owned texture chunk and DDS/Targa/stage fixtures	none	M22	runtime	original_w3d_texture_frame_update;original_w3d_cpu_graph;original_w3d_texture_decisions;original_w3d_cpu_identity;original_w3d_provider_removal
GeneralsMD/Code/Libraries/Source/WWVegas/WW3D2/texture_apply.inc	c084a32aac0f26c2400e226641b2f330650f868aa28ba8ee120e360be53792c0	TextureClass::Apply	canonical original Apply body shared native/Linux	Linux complete filter tuple admission before Init/LastAccessed/stage selection; original accepted init/texturing/filter order; B0B optional exact-owner stage guard preserves ordinary invalid-tuple precedence and platform layout; out-of-scope mutation poisons before diagnostics	zh_w3d	included by original texture.cpp	WW3D;TextureFilterClass;OriginalGpuEdge	owned fresh/initialized invalid tuple and accepted retry fixtures	none	M22	runtime	original_w3d_texture_decisions;original_w3d_texture_identity;original_w3d_texture_provider_removal;original_w3d_stage_transaction;original_w3d_stage_transaction_bgfx
GeneralsMD/Code/Libraries/Source/WWVegas/WW3D2/texturefilter.h	7772dd80f4e33d3b1314ac647024a58ca99a8226b5100c3bb26020b41319730c	TextureFilterClass::FilterType/TextureFilterMode/TxtAddrMode/Can_Apply	Linux source texture admission and all consumers	defined unsigned raw enum representation; unchanged class/member extent; Windows declarations unchanged; B0B optional exact-owner stage guard preserves ordinary invalid-tuple precedence and platform layout; out-of-scope mutation poisons before diagnostics	zh_w3d	no new virtual or serialized field; platform-consistent Linux declaration	TextureClass;WW3D;OriginalGpuEdge	owned enum maxima/bound+1/UINT_MAX and prior/current layout controls	none	M22	runtime	original_w3d_texture_decisions;original_w3d_texture_identity;original_w3d_texture_provider_removal;original_w3d_stage_transaction;original_w3d_stage_transaction_bgfx
GeneralsMD/Code/Libraries/Source/WWVegas/WW3D2/texturefilter.cpp	23c5f835fb40924dd642508e1ae4693a011c980d7fc7326792de74251bd62c03	TextureFilterClass::Can_Apply/Apply/_Init_Filters/_Set_Default_Min_Filter/_Set_Default_Mag_Filter/_Set_Default_Mip_Filter	canonical original texture filter owner	complete tuple admission before provider/table/stage effects; checked default-table indices; accepted min/mag/mip then U/V sequence; B0B optional exact-owner stage guard preserves ordinary invalid-tuple precedence and platform layout; out-of-scope mutation poisons before diagnostics	zh_w3d	original stage/filter decision authority	WW3D;OriginalGpuEdge;GpuDevice	owned profiles/defaults/raw invalid tuples, exact Recording/pending/prepared identity and two-generation retry fixtures	none	M22	runtime	original_w3d_texture_decisions;original_w3d_texture_identity;original_w3d_texture_provider_removal;original_w3d_stage_transaction;original_w3d_stage_transaction_bgfx
GeneralsMD/Code/Libraries/Source/WWVegas/WW3D2/vertmaterial.cpp	4d279c6fd53fe3d14461662a9711ea915c26f6658b9db6b0944805317b8e7d90	VertexMaterialClass::Load_W3D/Apply/Apply_Null;08Q0R1 strong clone construction	M22 original material mapping and physical material state	load; deferred reference; source lighting/color and UV mapping; null reset;unpublished guarded clone graph, mapper RNG rollback, bounded admission and exact retry;08R0C bounded exact prop/source-frame preparation, consumed-node checkpoint, rollback and once-only commit	zh_w3d	original vertex material parser and source state producer	TextureMapperClass;DX8Wrapper	owned screen/linear material chunks;retail material aggregate	shader/device mapping deferred M22 B2/B3	M22	runtime	original_w3d_cpu_graph;original_w3d_material_abi_isolation;original_w3d_provider_removal;original_w3d_clone_graph;original_w3d_clone_graph_identity;original_w3d_clone_graph_provider_removal;original_w3d_prop_frame
GeneralsMD/Code/Libraries/Source/WWVegas/WW3D2/mapper.cpp	8af9755f62625ac5240308434b6fb61320003ebfabeddb00bca7538fe20eac03	TextureMapperClass/ScaleTextureMapperClass::Apply/LinearOffsetTextureMapperClass::Calculate_Texture_Matrix;08Q0R1 strong clone construction	original UV mapper identity/time/transform source	original screen/linear offset; WW3D::Sync; UV coordinate/transform flags;unpublished guarded clone graph, mapper RNG rollback, bounded admission and exact retry;08R0C bounded exact prop/source-frame preparation, consumed-node checkpoint, rollback and once-only commit	zh_w3d	original mapper source and canonical DX8Wrapper state	VertexMaterialClass;WW3D;DX8Wrapper	owned screen and linear fixture;retail selected aggregate	other retail-required families and GPU mapping deferred M22 B3/08	M22	runtime	original_w3d_cpu_graph;original_w3d_full_draw_scenario;original_w3d_material_abi_isolation;original_w3d_provider_removal;original_w3d_clone_graph;original_w3d_clone_graph_identity;original_w3d_clone_graph_provider_removal;original_w3d_prop_frame
GeneralsMD/Code/Libraries/Source/WWVegas/WW3D2/shader.cpp	57b9de762fd10a0dfebcb1297c6260df1179f4ba6343261a511ee015cac47499	ShaderClass::Apply/Invalidate	canonical original fixed-function shader decision producer	original blend/alpha/fog/depth/cull and two-stage combiner; bounded software-operator policy and source fallback; unsupported fail-closed/retry; B0B optional exact-owner stage guard preserves ordinary invalid-tuple precedence and platform layout; out-of-scope mutation poisons before diagnostics	zh_w3d	original shader source; no generic physical pipeline	DX8Wrapper;WW3D;OriginalGpuEdge	owned shader variants;retail shader-family aggregate	public GPU shader/pipeline B3; source interleaving 06; expanded retail 08	M22	runtime	original_w3d_shader_source;original_w3d_shader_source_identity;original_w3d_wwshade_branch_selection;original_w3d_provider_removal;original_w3d_stage_transaction;original_w3d_stage_transaction_bgfx
GeneralsMD/Code/GameEngine/Source/Common/System/GameMemory.cpp	ab0e83c6b109d22299f17b467ae2e20badabe53ddae8b154046ef524122f2712	initMemoryManager/operator new/delete;ordinary non-aligned nothrow pairing	M26 original consumers;validation-library temporary cleanup	pre-main; active; static destruction	zh_original_process	none	TheMemoryPoolFactory;TheDynamicMemoryAllocator	none	none	M26	runtime	original_process_allocator;original_process_identity_allocator;original_w3d_tree_program --gpu
GeneralsMD/Code/GameEngine/Source/Common/System/MemoryInit.cpp	513d690bd2d94e42a1453e003f78800d9dd436be54f43f20a33b09ff986d3e00	userMemoryManagerInitPools	GameMemory bootstrap	pre-VFS single-shot configuration	zh_original_process	none	pool defaults	optional MemoryPools.ini	none	M26	runtime	original_process_pool_config
GeneralsMD/Code/GameEngine/Source/Common/System/CriticalSection.cpp	2653d34a0e60181d4e2255f38249dc06f7bbe32bd24180352b729222f759d8fa	The*CriticalSection	allocator and strings	process initialize/failure/shutdown	zh_original_process	none	four critical-section globals	none	none	M26	runtime	original_process_strings
GeneralsMD/Code/GameEngine/Source/Common/System/AsciiString.cpp	74ab7d4efe6ed7586ef2e35b79a8485db7d98c76a070a02ed6c3a46ea9960130	AsciiString::ensureUniqueBufferOfSize	Version and later engine consumers including archive directory tokenization	copy-on-write and overlapping substring-shift lifetime	zh_original_process	none	TheDynamicMemoryAllocator	logical archive paths	none	M26	runtime	original_process_strings;original_process_identity_strings;original_big_archive sanitizer
GeneralsMD/Code/GameEngine/Source/Common/System/UnicodeString.cpp	935103a484070841c5eedb3d90ca3986f4a5fbeba90f7b303434bd1b4a985502	UnicodeString::concat	Version and later UI/data consumers	UTF-16 copy-on-write lifetime	zh_original_process	none	TheUnicodeStringCriticalSection;TheDynamicMemoryAllocator	none	none	M26	runtime	original_process_strings;original_process_identity_strings
GeneralsMD/Code/GameEngine/Source/Common/version.cpp	337f12d7b2456c77002dba887c26dda9805d24b9be2d5963e8e4215a96acaaf1	Version::getVersionNumber	engine/replay version consumers	process initialize/failure/shutdown	zh_original_process	none	TheVersion	none	none	M26	runtime	original_process_strings;original_process_identity_strings
GeneralsMD/Code/GameEngine/Source/Common/System/FPUControl.cpp	ee15897c4408a88fb57d693e24b77805006b7aac8e69e3937e57b7c00992eecd	setFPMode	INI/map/game callers	per parse/load/update normalization	zh_original_process	none	x87 control word;fenv	none	none	M26	runtime	original_process_fpu;original_process_identity_fpu
GeneralsMD/Code/GameEngine/Source/Common/System/OriginalFileSystem.cpp	8655755ed3864cc11955b904e64c26553f2915a8db07c4a613dbc216c7634a2a	zh::original_data::LogicalFiles::read/enumerate_directory	M27 configuration and metadata consumers	bounded logical read/enumeration	zh_original_data	none	M4 VirtualFileSystem	owned INI/CSF/map fixtures	none	M27	runtime	original_data_config
GeneralsMD/Code/GameEngine/Source/Common/INI/OriginalINI.cpp	2dc35b93b5b3c1f205b09397f298f89c7425301c9f67a0c67a8389639de8cf43	zh::original_data::parse_ini/load_ini_directory	M27 selected typed fixture callbacks	per parse/load; root files then descendants	zh_original_data	selected fixture schema callbacks	M26 setFPMode; temporary parsed blocks	owned INI fixtures	none	M27	runtime	original_data_config
GeneralsMD/Code/GameEngine/Source/GameClient/OriginalCSF.cpp	33e144ae6068c075abc23de22bfc1467e9e6f5f881a2758fbb47e54c7b0dee9e	zh::original_data::parse_csf	M27 source text consumer	bounded document parse	zh_original_data	none	temporary CsfDocument	owned CSF fixtures	none	M27	runtime	original_data_config
GeneralsMD/Code/GameEngine/Source/Common/System/OriginalXfer.cpp	7e95cdbb1f787e8489ad8e3367123fb1558c3333b6f69874e2fd32ea1367a656	zh::original_data::write_xfer_record/read_xfer_record	M27 fixed-width fixture consumers	bounded memory transfer	zh_original_data	none	temporary XferRecord	owned transfer fixtures	none	M27	runtime	original_data_codecs;original_data_codecs_identity
GeneralsMD/Code/GameEngine/Source/Common/System/OriginalDataChunk.cpp	f9eabb1d3a50ed1d4bb13fdc76b1c5a159f9da1637f24ce297656355d27c9a69	zh::original_data::write_data_chunks/read_data_chunks	M27 chunk fixture consumers	bounded nested memory chunks	zh_original_data	fixture callback dispatch	temporary DataChunk list	owned chunk fixtures	none	M27	runtime	original_data_codecs;original_data_codecs_identity
GeneralsMD/Code/GameEngine/Source/Common/OriginalRandomStreams.cpp	b3094addc2d77aa319bacd87bb6d5c15b9316d212262e18a810be0dcef958c1a	zh::original_data::characterize_random_streams	M27 random fixture consumer	seed/draw/checkpoint	zh_original_data	none	actual original stream globals	none	none	M27	runtime	original_data_codecs
GeneralsMD/Code/GameEngine/Source/Common/RandomValue.cpp	683b16f2712f0b1d20ae31d0512df7904110e90dc7632b56245a70575025e7b5	InitRandom/GetGame*RandomValue/PreviewGameClientRandomValue*	M27 random fixture consumer; M22 tree RNG preview	independent logic/client/audio streams; local client preview then commit/discard	zh_original_data	none	six-word stream seeds	none	none	M22	runtime	original_data_codecs;original_data_codecs_identity
GeneralsMD/Code/GameEngine/Source/Common/crc.cpp	cd4d286e33616cf32e314c41dcc410367f559f41cf89339dee93bddf68e9b971	CRC::computeCRC/GetGameLogicRandomSeedCRC	M27 random provider	per checkpoint	zh_original_data	none	CRC accumulator	none	none	M27	runtime	original_data_codecs;original_data_codecs_identity
GeneralsMD/Code/GameEngine/Source/GameClient/OriginalMapMetadata.cpp	d07327ae3a534095c72e1969677e1c69094c4b72295a8e6d2c8c100de04ac0c9	zh::original_data::load_map_catalog	M27 independent map metadata consumer	cold/warm/stale cache scan/update	zh_original_data	independent chunk dispatch	MapCatalog	owned map fixtures	isolated XDG cache	M27	runtime	original_data_map_metadata;original_data_map_identity
GeneralsMD/Code/GameEngineDevice/Source/W3DDevice/GameClient/OriginalCpuPresentation.cpp	a4f0ef5a449c9a628d1842ac48964df00812524ba1912ba86abce7999a127527	zh::original_resources::CpuPresentation::initialize/record_scene	M28 independent CPU presentation consumer	initialize/load/record/reverse shutdown	zh_original_resources	registered model/texture/animation loaders	recording GpuDevice;owned scene/light/assets	owned model/texture/animation fixtures	none	M28	runtime	original_resources_cpu;original_resources_cpu_identity
GeneralsMD/Code/GameEngine/Source/GameClient/GUI/OriginalUiResources.cpp	93c23cc7e804b0d674e4cb9919815225b6333efae5e9fa131f47c3590c297ad6	zh::original_resources::UiResources::load/record/invoke	M28 independent original UI consumer	callback registration/load/record/reverse shutdown	zh_original_resources	WND layout/window callbacks	VFS FontFace;UiRecorder;image/layout ownership	owned MappedImages/Language/BlankWindow fixtures	none	M28	runtime	original_resources_ui;original_resources_ui_identity
GeneralsMD/Code/GameEngine/Source/Common/Audio/OriginalAudioDefinitions.cpp	f2a46f8110c80c85dbf49957088968e726e0622fddc7e85a08c00058390ddc89	zh::original_resources::AudioDefinitions::load/play_music	M28 independent original media consumer	layered parse/lookup/null-output/reverse shutdown	zh_original_resources	AudioSettings/MusicTrack/AudioEvent/DialogEvent fields	native VFS AudioManager;definition registry	owned INI/WAV fixtures	none	M28	runtime	original_resources_audio;original_resources_audio_identity
GeneralsMD/Code/GameEngineDevice/Source/W3DDevice/GameClient/W3DDisplay.cpp	e8f3537d23aea89f4ed25d3f9731c0d1c2da8b811e5eeacd17a59a0f3b36931c	W3DDisplay::W3DDisplay/~W3DDisplay/init/reset/setWidth/setHeight/draw/doSmartAssetPurgeAndPreload/clearShroud/setShroudLevel;original owner slots;preloadModelAssets/preloadTextureAssets	original GameClient display ownership, UI dimensions and local frame	CPU source owner bootstrap/re-entry/reset/teardown under active edge; bounded track/cloud owners and explicit profile-owned volume caster remain guarded; source smart asset purge scans optional usage list and invokes native exclusion-list ownership even when absent; the exact 08J reset-detached pre-map owner state suppresses a command-free frame independent of caller selector while mapped frames retain their guards; map-owned display shroud clear is a no-op and cell dispatch maps source categories to the existing grid before one terrain notification; CPU teardown restores native statistics-buffer release before asset/WW3D shutdown; CPU display owns/publishes W3DFileSystem before asset/scene startup and restores prior file factory on unwind; C2C fully admitted immutable program/resource phase is prepared before C1 publication, probe begin/abort is complete before old-resource retirement, exact retry identity owns pins independently of mutable source stages, reset/removal cancels already-owned lifecycle state without post-FX registry access; C2D bounded owner-specific source checkpoint composes with real device frame rollback, exact identity/bytes restoration and once-only successful completion; unsupported populated work rejects before mutation; C3 source-order pre-topple projected intents/default resource are atomically prepared and pinned with the immutable phase; exact native terrain projection and multiplicative flush precede tree triangles; bounded frame rollback retains queue/rectangle/resource identity and retry without C1/RNG/FX re-advance; object/volume shadows remain fail-closed;08R0C bounded exact prop/source-frame preparation, consumed-node checkpoint, rollback and once-only commit;08S0B native literal model suffix and default lazy regular descriptors consume strong import attempts under exact display/file/Edge generation, no Init/upload/access/filter/frame;08S0R1 callback-free bounded native accepted preload cache-hit peeks before candidate snapshots; exact provider/frame admission, native normalization/hash/equality and ref pairing; cold/nested import unchanged	zh_original_w3d_draw_full	original display class ownership and shroud dispatch	RTS3DScene;RTS2DScene;RTS3DInterfaceScene;W3DAssetManager;WW3D;OriginalGpuEdge;FileSystem;File;W3DShroud;TheW3DFileSystem;_TheFileFactory	owned source scene and asset lifecycle; generated usage-list purge and mission/skirmish no-frame parser boundary; generated shroud category, bounds, provider removal and retry; UI-order geometry and local source/Recording draw fixture; retail scene pending;generated modeled source load, provider removal and retry	physical volume pixels and retail pending	M22	runtime	original_w3d_display_owner;original_w3d_view_scene;original_w3d_shadow_decal_route;original_w3d_shadow_volume_route;original_w3d_terrain_tracks;original_w3d_terrain_water;original_w3d_generated_scene_boundary;original_w3d_terrain_scene_attachment;original_w3d_borrowed_file_owner;original_w3d_tree_preparation;original_w3d_tree_draw;original_w3d_tree_decal;original_w3d_prop_frame;original_w3d_asset_preload
GeneralsMD/Code/GameEngineDevice/Source/W3DDevice/GameClient/W3DView.cpp	6d38ebd0e017385a17376fbba541edad81ae3676b7bac7da9184994c794cc174	W3DView::W3DView/~W3DView/init/reset/drawView/draw/setWidth/setHeight/setDefaultView/updateView/get3DCameraPosition	original GameClient tactical view and camera ownership	CPU source owns original 3D/2D CameraClass refs; UI-order dimensions/default viewport, source-equivalent owned-camera position accessor and guarded no-map empty tactical update; display-attached zero/one rigid scene frame; advanced map/camera/filter methods typed pending	zh_original_w3d_draw_full	original view virtuals and source scene dispatch	View;CameraClass;W3DDisplay;W3DTerrainVisual;RTS3DScene;OriginalGpuEdge	owned generated rigid W3D packet;public Vulkan absence/presence and UI-order empty pixels	production camera transform/terrain/draw pending	M22	runtime	original_w3d_view_scene;original_w3d_view_scene_bgfx;original_w3d_presentation_identity
GeneralsMD/Code/GameEngineDevice/Source/W3DDevice/GameClient/BaseHeightMap.cpp	5166d3e66f98812acc748a563670dd658984925ab29890b27406383049e6c15a	BaseHeightMapRenderObjClass::BaseHeightMapRenderObjClass/~BaseHeightMapRenderObjClass/initHeightData/freeMapResources/Get_Obj_Space_Bounding_Sphere/Get_Obj_Space_Bounding_Box/Notify_Added/Notify_Removed/canNotifyShroudChanged/notifyShroudChanged/updateCenter/reset/tryAddTree/addTree/removeTree/removeAllTrees/updateTreePosition/treePartitionBucket;W3DTreeModelSource::acquire/reset;W3DTreeAtlasSource::prepare/reset;BaseHeightMapRenderObjClass::peekTreeVertexSource/peekTreeIndexSource/peekTreeAtlasSource;TheTerrainRenderObject/updateTreeVisibleFrame/treeVisibleCount/treeIsVisible/treeSortKey/treeSwayVersion/treeSwayVector/treeToppleState/treeToppleAngle/treeToppleVelocity/treeToppleStartEvents/treeBounceEvents/treeConsumedToppleStartEvents/treeConsumedBounceEvents/treeToppleStartOrder/captureTreeProgram/prepareTreeRenderPhase/preparedTreePhaseIdentity/completeTreeRenderPhase/cancelTreeRenderPhase	original logical-map terrain base and scene-registration owner	CPU branch requires active edge/display owners, preserves the shared native class layout and lazily allocates a per-owner CPU tree registry, owns source shroud and logical map ref, binds/reset/frees bounded map data, derives source map bounds, registers/unregisters the source scene update callback, and accepts map-owned no-prop shroud notification; side-effect-free readiness prevents display partial cell mutation for broken owners; checked 64-type/4000-instance CPU tree registry owns ID, type, partition, relocation, reset epoch and injected reverse rollback without a tree frame; unpublished source mesh/HLOD model candidate owns exact refs, bounds and offset with injected reverse rollback and checked terrain/general TGA decode, 512-tile/2048-pixel atlas packing and BGRA pixels with injected reverse rollback; source XYZNDUV1 tree geometry and 16-bit index, Recording vertex/index/atlas resources and GameClient RNG publish atomically with failure rollback before C2/C4 physical draw/factory admission; derived advanced operations reject; C1A stages source breeze/sway/camera cull and visible-only geometry with local GameClient RNG preview, exact move/type-removal atlas rebuild, atomic frame/Recording publication and failure retry; C1B1 stages bounded mobile unit/partition collision and source-frame push-aside state before atomic visible geometry/Recording publication, with pause, typed rejection and retry; C1B2A stages mobile-crusher source topple transform, fog/acceleration/bounce/DOWN and event intent in a copied frame, then publishes transformed source geometry and Recording resources atomically; C1B2B stages bounded DOWN sink, reverse-safe candidate deletion, survivor type/atlas reindex and Recording/registry release, with injected state/type/atlas/geometry/upload/publish rollback and clean retry; C1B3B retains exact collision-position/list and monotonically ordered start intent, revalidates the full immutable start-then-bounce batch before any frame publication, atomically consumes epoch/tree sequence markers with state/Recording/Client preview, retires replaced resources before native shroud-gated FX dispatch, and treats partial dispatch throws as accepted/consumed without replay or post-dispatch registry access; C1 does not admit draw/factory; C2A read-only exact source composite, zero c8 plus sampled c9-18 sway and actual shroud origin/scale snapshot validates owner generations and publishes candidate-only without C1/RNG/FX/resource advancement; toppled source retains nonzero encoded sway slot; C2C fully admitted immutable program/resource phase is prepared before C1 publication, probe begin/abort is complete before old-resource retirement, exact retry identity owns pins independently of mutable source stages, reset/removal cancels already-owned lifecycle state without post-FX registry access; C2D bounded owner-specific source checkpoint composes with real device frame rollback, exact identity/bytes restoration and once-only successful completion; unsupported populated work rejects before mutation; C3 source-order pre-topple projected intents/default resource are atomically prepared and pinned with the immutable phase; exact native terrain projection and multiplicative flush precede tree triangles; bounded frame rollback retains queue/rectangle/resource identity and retry without C1/RNG/FX re-advance; object/volume shadows remain fail-closed; C4 exact ID/epoch module detach compacts bounded instances/types allocation-free, retires phase/GPU/atlas/model refs once, preserves surviving aliases and rejects active frame before destruction;R0A logical prop buffer/type/instance ownership and props-only clearing/cull invalidation; exact terrain/map/buffer/provider/generation/token sidecar is validated before any prop dereference and destructive terrain buffers/mappings; no prop draw claim;08R0C bounded exact prop/source-frame preparation, consumed-node checkpoint, rollback and once-only commit	zh_original_w3d_draw_full	original terrain base vtable, shroud/map owners, map bounds, scene callback and no-prop notification	WorldHeightMap;W3DShroud;HeightMapRenderObjClass;W3DDisplay;W3DView;SceneClass;FileSystem;File	owned generated logical map, scene registration, shroud notification and no-map source/Vulkan view frames;generated source tree TGA atlas;generated two-generation breeze/cull/visible geometry and owner-removal fixture; generated public crusher, real prop-shroud fog/reveal, hidden acceleration, bounce/down, bounded sink, shared/distinct survivor and last-tree deletion, failed-frame rollback and live-topple/pending-sink reset;generated real public collision FX, unsupported/store/overflow/collision-publication and frame/upload rollback, exact chronology/canceled surviving intent, transformed bounce position, fog gate, partial dispatch throw/no replay, removal during dispatch, pending reset and two-generation baseline;four reverse public callbacks, source-ordered multiple bounces with transformed-tip shroud suppression, actual 8001-event candidate rejection before publication	terrain pixels/tactical map update pending 07F children	M22	runtime	original_w3d_base_terrain_map;original_w3d_terrain_scene_attachment;original_w3d_view_scene;original_w3d_view_scene_bgfx;original_w3d_presentation_identity;original_w3d_full_draw_scenario;original_w3d_display_owner;original_w3d_tree_preparation;original_w3d_tree_draw;original_w3d_tree_decal;original_w3d_tree_module;original_w3d_prop_owner;original_w3d_terrain_visual_map;original_w3d_prop_frame
GeneralsMD/Code/GameEngineDevice/Source/W3DDevice/GameClient/HeightMap.cpp	21598c24a3c9ed717834cc89738a60924d15b46d31199aba60ec6987f39ddd1e	HeightMapRenderObjClass::HeightMapRenderObjClass/~HeightMapRenderObjClass/initHeightData/freeMapResources/updateBlock/renderExtraBlendTiles/Render;TheHeightMap	original derived authored terrain geometry/submission owner	bounded visual-map bind; checked row-major multi-tile partition, fixed source index topology, one padded vertex tile and CPU backup per partition, exact partial-edge counts, intersected tile-local update/upload and transactional rollback; complete tile-owner preflight and pass-major/row-major base submission with exact full-width or per-row partial-edge index ranges that exclude padding; source base and primary-blend atlas UV channels with vertex alpha; exact source-row-major extra-blend inventory with deferred publication and lifetime cleanup; exact transient extra-blend XYZNDUV2/16-bit geometry with authored/cliff topology; source material/shader/pass selection and ordered base then road-alpha Recording submissions; abort/reset/retry/re-entry; unsupported terrain modes reject; C2D bounded owner-specific source checkpoint composes with real device frame rollback, exact identity/bytes restoration and once-only successful completion; unsupported populated work rejects before mutation;R0A logical prop buffer/type/instance ownership and props-only clearing/cull invalidation; exact source/provider/generation preflight precedes all destructive terrain buffers/mappings; no prop draw claim;08R0C bounded exact prop/source-frame preparation, consumed-node checkpoint, rollback and once-only commit	zh_original_w3d_draw_full	original heightmap vtable, singleton, source buffer layout and draw ordering	BaseHeightMapRenderObjClass;WorldHeightMap;W3DShaderManager;DX8Wrapper;OriginalGpuEdge	owned generated flat and multi-class authored map/atlas data, multi-tile generated maps and static/dynamic Recording buffers; no retail input	terrain pixels and W3DTerrainVisual retail load pending 08/09	M22	runtime	original_w3d_view_scene;original_w3d_view_scene_bgfx;original_w3d_flat_terrain_geometry;original_w3d_terrain_scene_attachment;original_w3d_terrain_atlas;original_w3d_shader_source;original_w3d_shader_source_identity;original_w3d_provider_removal;original_w3d_presentation_identity;original_w3d_tree_draw;original_w3d_prop_owner;original_w3d_terrain_visual_map;original_w3d_prop_frame
GeneralsMD/Code/GameEngineDevice/Include/W3DDevice/GameClient/BaseHeightMap.h	ab54819c6de0ffae057b6fcfd3e04e1579b328d9fea1ecfbf77be9d4c2d0888b	BaseHeightMapRenderObjClass::Notify_Added/Notify_Removed/redirectToHeightmap/getClipHeight/canNotifyShroudChanged/hasBibBuffer/tryAddTree/treeInstanceCount/treeTypeCount/treeOwnerEpoch/treePartitionBucket/peekTreeVertexSource/peekTreeIndexSource/peekTreeAtlasSource/treeAtlasWidth;W3DTreeModelSource;W3DTreeAtlasSource/updateTreeVisibleFrame/treeVisibleCount/treeIsVisible/treeSortKey/treeSwayVersion/treeSwayVector/treeToppleState/treeToppleAngle/treeToppleVelocity/treeToppleStartEvents/treeBounceEvents/treeSinkFramesLeft/treeSinkLocationZ/treeConsumedToppleStartEvents/treeConsumedBounceEvents/treeToppleStartOrder/captureTreeProgram	original terrain public ABI	Linux retains the CPU scene-removal callback and declares CPU-only side-effect-free shroud readiness and bib-buffer presence predicates with CPU-only tree owner methods and no added BaseHeightMap fields or native layout change; separate CPU-only move-disabled tree model reference, bounded CPU atlas candidates and read-only tree source resource witnesses; CPU-only visible-frame, push and topple/sink-state and event entry/query declarations preserve native class layout; CPU-only read-only consumed-event/order witnesses add no native object fields; CPU-only exact tree constant snapshot declaration adds no native object fields; C2C fully admitted immutable program/resource phase is prepared before C1 publication, probe begin/abort is complete before old-resource retirement, exact retry identity owns pins independently of mutable source stages, reset/removal cancels already-owned lifecycle state without post-FX registry access;08R0C bounded exact prop/source-frame preparation, consumed-node checkpoint, rollback and once-only commit	zh_original_w3d_draw_full	original terrain header ABI	HeightMapRenderObjClass;W3DView;SceneClass;W3DDisplay;FileSystem	owned scene-registration, shroud readiness and no-map negative controls;generated two-generation visible-frame, topple and sink/deletion positive/negative witness;generated admitted committed position FX rollback/order/at-most-once and owner-removal controls	terrain map behavior pending	M22	runtime	original_w3d_terrain_scene_attachment;original_w3d_view_scene;original_w3d_presentation_identity;original_w3d_display_owner;original_w3d_tree_preparation;original_w3d_prop_frame
GeneralsMD/Code/GameEngineDevice/Include/W3DDevice/GameClient/HeightMap.h	e2da55f13a34d874501d9464fb421dfd9fc6ec0f6c4d3bfd7709bbd016205004	HeightMapRenderObjClass;TheHeightMap	original derived terrain public ABI	case-correct GameType include and declared canonical global pointer; no layout change; C2D bounded owner-specific source checkpoint composes with real device frame rollback, exact identity/bytes restoration and once-only successful completion; unsupported populated work rejects before mutation	zh_original_w3d_draw_full	original terrain header ABI	HeightMapRenderObjClass	owned no-map class identity	terrain map behavior pending	M22	runtime	original_w3d_view_scene;original_w3d_presentation_identity;original_w3d_tree_draw
GeneralsMD/Code/GameEngine/Source/GameClient/ParabolicEase.cpp	497b5eea4e7dd9bb16cabbc462ab5f160f1c8c8b104ff61ab89d1524fa0076e2	ParabolicEase::setEaseTimes/operator()	original W3DView camera member construction	canonical constructor dependency linked for original view class; animated tactical use remains pending	zh_original_w3d_draw_full	original ease function provider	W3DView camera movement members	owned view lifecycle;no animation acceptance	production camera movement pending	M22	runtime	original_w3d_view_scene;original_w3d_presentation_identity
GeneralsMD/Code/GameEngineDevice/Source/W3DDevice/GameClient/W3DAssetManager.cpp	4dd052a5bdcf0bf9b727e08ea9bf0d3cff848bf0303fe6fa7bfa7764e15d6dd6	W3DAssetManager::Create_Render_Obj/Recolor_Texture_One_Time;strong color cache/prototype publication	original house-color mesh/HLOD consumer	canonical detached pixels; authored remap; private BOX-compatible backing; exact-generation replay; offside bounded cache/prototype graph; source-ref/RNG rollback; zero/negative finite scales preserved	zh_original_w3d_draw_full	Linux-wide owner declarations; original create/remap callbacks	WW3DAssetManager;TextureClass;TextureLoadTaskClass;OriginalGpuEdge;08Q0R1	owned generated model/TGA pixels and physical mip proof	none	M22	runtime	original_w3d_house_color;original_w3d_house_color_identity;original_w3d_house_color_provider_removal
src/original_runtime/house_color_asset_cpu.inc	cb186f1b61d448c414809b116449e38f26a5fd79b425461df12505f615045042	HouseColorAttempt/insert_house_color_strong/publish_house_color_prototype	owner-local offside graph transaction	65536-slot/64MiB admission; exact sibling identity/order; nonthrowing publication; reverse candidate refs and clone RNG	zh_original_w3d_draw_full	included original W3DAssetManager owner	HashTemplateClass;DynamicVectorClass;ww3d_clone::Attempt	owned generated 16/32-bit packing and remap fixtures	none	M22	runtime	original_w3d_house_color;original_w3d_house_color_identity;original_w3d_house_color_provider_removal
src/original_runtime/house_color_texture_cpu.h	739bb723c8814a45ff7e98403da7a6b1d0266370bf57757546c7031444df8f5c	HouseColorTexturePixels/build_house_color_mips	private source-owned recolored backing	exact level0; bounded ARGB power-of-two BOX-compatible half-up chain; no source lower-mip copy	zh_w3d;zh_original_w3d_draw_full	identical Linux texture backing declaration; no retail selector	TextureBaseClass;TextureLoadTaskClass;W3DAssetManager	owned generated 16/32-bit packing and remap fixtures	none	M22	runtime	original_w3d_house_color;original_w3d_house_color_identity;original_w3d_house_color_provider_removal
GeneralsMD/Code/Libraries/Source/WWVegas/WW3D2/surface_pixels.inc	4ead5afa965d0f9993529c71ab63904b3af9821a1f7d46b1a02a50bee0852726	PixelSize/Convert_Pixel	shared authored surface pixel packing	one verbatim source body included by native surface and CPU house-color remap	zh_w3d;zh_original_w3d_draw_full	source included body; no new SurfaceClass API	SurfaceClass;W3DAssetManager	owned generated 16/32-bit packing and remap fixtures	none	M22	runtime	original_w3d_house_color;original_w3d_house_color_identity;original_w3d_house_color_provider_removal
GeneralsMD/Code/GameEngineDevice/Source/W3DDevice/GameClient/W3DScene.cpp	d5976008b69e2f07cfc049147f2b6f87e74e39cd899e04126c431f4287e0d4ad	RTS3DScene::RTS3DScene/Render/Customized_Render/Flush/doRender/draw/Visibility_Check/setGlobalLight;RTS2DScene::RTS2DScene/~RTS2DScene/draw	original GameClient scene choices	generated map terrain/tracks, then the explicit volume profile's source `DoShadows(true)` phase before water; bounded cloud/water follow source ordering; foreign/duplicate/unsupported effects reject; C2D bounded owner-specific source checkpoint composes with real device frame rollback, exact identity/bytes restoration and once-only successful completion; unsupported populated work rejects before mutation; C3 source-order pre-topple projected intents/default resource are atomically prepared and pinned with the immutable phase; exact native terrain projection and multiplicative flush precede tree triangles; bounded frame rollback retains queue/rectangle/resource identity and retry without C1/RNG/FX re-advance; object/volume shadows remain fail-closed	zh_original_w3d_draw_full	original scene virtuals	SimpleSceneClass;LightClass;MaterialPassClass;OriginalGpuEdge;WaterRenderObjClass;W3DShadowManager	owned generated map terrain-track-volume-water Recording frame; retail visibility/render pending 08B3/08	no pixel claim	M22	runtime	original_w3d_shadow_decal_route;original_w3d_shadow_volume_route;original_w3d_terrain_tracks;original_w3d_terrain_water;original_w3d_tree_draw;original_w3d_tree_decal
GeneralsMD/Code/GameEngineDevice/Source/W3DDevice/GameClient/W3DTerrainTracks.cpp	ffe527337e215ff0b6e2bac892f0688fe478196a526723da103eb9f711543124	TerrainTracksRenderObjClassSystem::init/bindTrack/unbindTrack/flush	original tread geometry and ownership	zero-module original display/edge owner bootstrap/reset/no GPU buffers; positive source cardinalities allocate the original module pool only within its 16-bit vertex budget, then share buffers and flush each active module in source order; invalid/overflow/foreign bootstrap remains rejected; C2D bounded owner-specific source checkpoint composes with real device frame rollback, exact identity/bytes restoration and once-only successful completion; unsupported populated work rejects before mutation	zh_original_w3d_draw_full	original track virtuals	TerrainLogic;RTS3DScene;WW3DAssetManager	owned generated CPU track; retail track texture remains private and later reachability-gated	cloud/volume/retail scene pending 08B2–08B	M22	runtime	original_w3d_presentation;original_w3d_presentation_identity;original_w3d_view_scene;original_w3d_view_scene_bgfx;original_w3d_terrain_tracks;original_w3d_tree_draw
GeneralsMD/Code/GameEngineDevice/Source/W3DDevice/GameClient/Water/W3DWater.cpp	c27fc510ed4b93a3b88460ee6475f630f81bd9e3fecbace94df77f131935266a	WaterRenderObjClass::init/reset/update/ReleaseResources/ReAcquireResources/Render/updateMapOverrides/setGridHeightClamps/setGridTransform/setGridResolution/setGridChangeAttenuationFactors	bounded translucent/cloud map-plane and selector-owned scalar-setup route	one type-0, nonzero-extent primary-scene plane owns a four-vertex/six-index Recording submission after terrain/tracks; the source cloud-layer state is fixed at owner creation; the explicit reset profile admits only the exact detached active owner with its original buffers; active no-river and exact attached disabled-water map overrides are owner-checked no-ops; malformed/active river state rejects; scalar helpers remain selector-owned and default/foreign/nonfinite/out-of-bounds calls reject	zh_original_w3d_draw_full	original water render vtable and global pointer	W3DDisplay;RTS3DScene;OriginalGpuEdge;GlobalData	owned generated map/scalar/reset fixtures and Recording source buffers; retail proof is redacted reachability only	retail scene traversal and pixels remain pending	M22	runtime	original_w3d_view_scene;original_w3d_view_scene_bgfx;original_w3d_terrain_water;original_w3d_retail_recording_reachability;original_w3d_presentation_identity;original_w3d_factory_map
GeneralsMD/Code/GameEngine/Source/GameClient/System/Smudge.cpp	35473675e8d3e13563c2527dad3f5096166b65e2652ddc41d0d80f521047aa4b	SmudgeManager::init/reset/addSmudgeSet/removeSmudgeSet;SmudgeSet::reset	original smudge CPU base ownership	reset returns list nodes and resets the used-count so a bounded derived effect can retry/re-enter; active geometry remains derived-manager owned	zh_original_w3d_draw_full	original SmudgeManager base virtuals	SmudgeSet;W3DSmudgeManager	owned bounded source/Recording frames	smudge pixels pending 07E children	M22	runtime	original_w3d_view_scene;original_w3d_view_scene_bgfx;original_w3d_particle_provider
GeneralsMD/Code/GameEngineDevice/Source/W3DDevice/GameClient/W3DSmudge.cpp	db60087c28b878cbbe2915892ccbd2006852d66b35c26dc3ca4622750cd230f4	W3DSmudgeManager::init/reset/ReleaseResources/ReAcquireResources/render	original bounded smudge geometry owner	one original display/edge owner; one set/one five-vertex smudge, fixed twelve indices, terrain texture and alpha material; unsupported variants fail closed; owned buffers retire without clearing terrain/tracks/water providers; C2D bounded owner-specific source checkpoint composes with real device frame rollback, exact identity/bytes restoration and once-only successful completion; unsupported populated work rejects before mutation	zh_original_w3d_draw_full	original derived smudge vtable and global pointer	SmudgeManager;W3DDisplay;OriginalGpuEdge	owned generated source/Recording frames	smudge pixels pending later 07E work	M22	runtime	original_w3d_view_scene;original_w3d_view_scene_bgfx;original_w3d_presentation_identity;original_w3d_particle_provider;original_w3d_terrain_water;original_w3d_tree_draw
GeneralsMD/Code/GameEngineDevice/Source/W3DDevice/GameClient/Shadow/W3DShadow.cpp	39256ca8bc2be9e24e40d1b2a8ff7cae5e33fb1dee1b1fc7e97a15f1cb0a43d3	W3DShadowManager::init/Reset/ReleaseResources/ReAcquireResources/addShadow/RenderShadows/setTimeOfDay	original bounded decal and volume scheduling	default volume/projection remain typed unavailable; the explicit profile admits one published W3DModelDraw SHADOW_VOLUME, defers source-slot geometry until map ownership, retains its queue from false to true source shadow phases, rolls back/retries and releases in reverse; volume admission allocation unwinds before list publication and generated weak snapshot proves caster/list identity; exact map-owned post-publication modeled casters acquire source slots and upload Recording vertex/index buffers transactionally, rejecting duplicate/detached/foreign readiness while retaining prior casters; C2D bounded owner-specific source checkpoint composes with real device frame rollback, exact identity/bytes restoration and once-only successful completion; unsupported populated work rejects before mutation; C3 source-order pre-topple projected intents/default resource are atomically prepared and pinned with the immutable phase; exact native terrain projection and multiplicative flush precede tree triangles; bounded frame rollback retains queue/rectangle/resource identity and retry without C1/RNG/FX re-advance; object/volume shadows remain fail-closed	zh_original_w3d_draw_full	original shadow type switch	TheGlobalData;LightPosWorld;W3DDisplay;W3DModelDraw;W3DBufferManager;OriginalGpuEdge	owned generated source owner/map/volume slots and Recording route; retail shadows pending 08B3/08	no retail or pixel claim	M22	runtime	original_w3d_shadow_source_owner;original_w3d_shadow_decal_route;original_w3d_shadow_volume_route;original_w3d_generated_volume_shadow_constructor;original_w3d_modeled_volume_ready;original_w3d_tree_draw;original_w3d_tree_decal
GeneralsMD/Code/GameEngineDevice/Source/W3DDevice/GameClient/Shadow/W3DBufferManager.cpp	7d294044f4106008a9357b06f9ace364122bd20e6b8e2613f848b4716ba054c3	W3DBufferManager::getSlot/releaseSlot/ReleaseResources/ReAcquireResources/ownsVertexBuffer/ownsIndexBuffer	original partial buffer-slot allocator	portable CPU FVF layout mapping preserves the original rounded source position/index slot families, bounded ownership and reverse recreation; read-only membership queries keep the public edge from accepting foreign slots; invalid, foreign, duplicate, and oversize slot requests reject	zh_original_w3d_draw_full	original W3D buffer-slot allocator	DX8VertexBufferClass;DX8IndexBufferClass;OriginalGpuEdge	owned generated source triangle/Recording buffers; no retail input	volume geometry/stencil/owner/pixels remain pending 08B3C	M22	runtime	original_w3d_volumetric_buffer;original_w3d_volumetric_stencil_edge
GeneralsMD/Code/GameEngineDevice/Include/W3DDevice/GameClient/W3DBufferManager.h	ee9d99fb7bfb80e7fd46ed0d68221d411d13515f3a43dcd365b283713b416a5a	W3DBufferManager public allocator ABI and read-only membership	original buffer-slot public declaration	portable declaration preserves source slot/resource lifecycle API and bounded read-only membership without MSVC-only member qualification	zh_original_w3d_draw_full	original W3D buffer manager header	DX8VertexBufferClass;DX8IndexBufferClass	owned generated CPU slot fixture	volume geometry/stencil/owner/pixels remain pending 08B3C	M22	compile	original_w3d_volumetric_buffer;original_w3d_volumetric_stencil_edge
src/original_runtime/full_w3d/volume_geometry_cpu.cpp	274f905e332804d9a96d3c4030d9ec0fcd387c93c62befac10f201608a819669	portable extraction of W3DVolumetricShadow::constructVolumeVB	original CPU volume side-wall geometry	validated directed silhouette pairs use source connected-strip reordering, closed-strip side-wall winding, source 16-bit/16384 limits, A1 source slots and reverse release; malformed, degenerate, foreign-provider and overflow input reject; modeled readiness injects partial vertex/index slot allocation failures before builder unwind	zh_original_w3d_draw_full	W3DVolumetricShadow constructVolumeVB topology	W3DBufferManager;Vector3;DX8 vertex/index buffers	owned generated source triangle and Recording buffers; no retail input	owner/stencil composite/pixels remain pending 08B3B–08B3C	M22	runtime	original_w3d_volumetric_geometry;original_w3d_volumetric_buffer;original_w3d_modeled_volume_ready
src/original_runtime/full_w3d/volume_geometry_cpu.h	0db16df16393b20ce2e473d43ed65eb284ebbadfe64b50b68024218c2efd6ca0	portable volume geometry boundary	original CPU volume side-wall API	bounded input/output slots expose no shadow owner, render task, GPU state or device interface	zh_original_w3d_draw_full	constructVolumeVB CPU extraction declaration	W3DBufferManager;Vector3	owned generated geometry fixture	owner/stencil composite/pixels remain pending 08B3B–08B3C	M22	compile	original_w3d_volumetric_geometry
GeneralsMD/Code/GameEngineDevice/Source/W3DDevice/GameClient/W3DShroud.cpp	0824dd6082044aa56b2b2301288535d166c96ee23250a2f34ea655d4d1f53468	W3DShroud/W3DShroudMaterialPassClass/W3DMaskMaterialPassClass;hasAcceptedContent/encodeContentPixel/dirtyContent	original map-derived CPU shroud owner and scene material-pass vtables	bounded grid init/query/mutate/reset/re-entry; C2B exact RGB565 or native direct-cast ARGB4444 quantization expanded to BGRA8, full cells at (1,1) over one-cell border; desired/accepted/color/alpha/generation readiness; bounded first-source publication and resident idle COW upload with complete fault rollback and once-only generated friend commit seam; no idle complete stage-0 pass; material install/uninstall and explicit empty reacquisition remain source-owned; R0B complete material Install/UnInstall requires exact active admitted source-frame journal and accepted content/generation; source PRELIT_DIFFUSE/EQUAL/camera COUNT2 and native reset; frame rollback restores manager selection	zh_original_w3d_draw_full	original shroud storage and material pass virtuals	WorldHeightMap;MaterialPassClass;W3DShaderManager;OriginalGpuEdge	owned generated logical map and nonuniform shroud material-pass pixels	source-owned bounded pixel upload; no tree draw/RNG/FX/factory/retail admission	M22	runtime	original_w3d_shroud_data;original_w3d_terrain_shroud_projection;original_w3d_presentation_identity;original_w3d_prop_shroud
GeneralsMD/Code/GameEngineDevice/Source/W3DDevice/GameClient/TileData.cpp	8affc193cc594187b2dc9647a4383d68af33af906bd2b976453ae6ee39634313	TileData::TileData/updateMips/getRGBDataForWidth	original decoded terrain source-tile and mip CPU owner	one strict generated uncompressed 64x64 32-bit TGA decoded into source RGBA plus complete 32/16/8/4/2/1 mip ownership; PreRTS-first include closes the canonical Linux compilation unit	zh_original_w3d_draw_full	original TileData storage and mip generation	WorldHeightMap;FileSystem;TerrainType	owned generated read-only TGA fixture;retail inputs untouched	atlas TextureClass, materials, draw and pixels pending 07F children	M22	runtime	original_w3d_terrain_source_bitmap;original_w3d_presentation_identity
GeneralsMD/Code/GameEngineDevice/Source/W3DDevice/GameClient/WorldHeightMap.cpp	c0178dc4b86245c58d70b8f75f76eab0d9cee3ad37b110e499d0e01a2a2232a0	WorldHeightMap::WorldHeightMap/ParseHeightMapData/ParseBlendTileData/readTexClass/getTerrainTexture/getUVData/getAlphaUVData/getTextureClass/getFlipState/getCliffState	original logical, visual metadata, source-tile and terrain-atlas CPU/GPU owner	logical metadata/heights, bounded visual v8 multi-class base/edge/blend/extra/cliff arrays and references, transactional multi-tile 24/32-bit true-color TGA/RLE source ownership with canonical orientation and mip generation, source-ordered bounded multi-class base/edge atlas packing, base/alpha-alias/edge publication, source-order teardown, quadrant/full-tile UVs, primary/extra blend orientation, custom-edge ranges and authored cliff UV/flip queries; missing, malformed, overlapping, nonfinite, unsupported, oversized, over-capacity and invalid query inputs fail closed	zh_original_w3d_draw_full	original WorldHeightMap layout, refs, atlas transaction and source queries	OriginalMapLoader;DataChunkInput;HeightMapRenderObjClass;TileData;TerrainTextureClass	owned generated logical/visual maps and read-only TGA;retail inputs untouched	terrain material, derived mesh submission and terrain pixels pending 08H aggregate	M22	runtime	original_w3d_world_height_map;original_w3d_visual_height_map;original_w3d_base_terrain_map;original_w3d_terrain_source_bitmap;original_w3d_terrain_atlas;original_w3d_presentation_identity
GeneralsMD/Code/GameEngineDevice/Source/W3DDevice/GameClient/TerrainTex.cpp	b047b0532a13879ce0fbd1805c5bd42a6f3309c83c09c392d372bd31d1cd47e9	TerrainTextureClass::TerrainTextureClass/update/Apply;AlphaTerrainTextureClass::AlphaTerrainTextureClass;AlphaEdgeTextureClass::AlphaEdgeTextureClass/update	canonical terrain base/alpha-alias/edge atlas resource owner	2048-wide bounded flat source packing at four-pixel inset; exact A1R5G5B5 base and A8R8G8B8 edge mip uploads; alias shares base physical handle; partial create/upload rollback and two-generation teardown; base Apply delegates to canonical delayed TextureClass selection; alpha blend application remains pending	zh_original_w3d_draw_full	original TerrainTex classes with Linux device translation only	WorldHeightMap;TileData;OriginalGpuEdge	owned generated read-only flat TGA/map;retail inputs untouched	alpha material, draw and terrain pixels pending 07F children	M22	runtime	original_w3d_terrain_atlas;original_w3d_first_gpu_edge;renderer_recording_device
GeneralsMD/Code/GameEngineDevice/Source/W3DDevice/GameClient/W3DShaderManager.cpp	8e8c79f30cb90dc7b0aeb8832adbb7f7f54a57667932519b43e225796609410f	W3DShaderManager::init/shutdown/getShaderPasses/setShader/resetShader	canonical minimum-spec terrain shader selection	two-pass ST_TERRAIN_BASE plus one-pass ST_ROAD_BASE alpha material; base UV0 opaque modulate then shared alpha-alias UV1 source-alpha blend; road UV0 texture/diffuse alpha modulation, source-alpha blend and no depth write; clamp/filter state; failure rollback, idle cleanup and re-entry; remaining optional shader families fail closed; zero submission; R0B exact shroud material pass is active-frame-only with native blend/depth/camera transform and reset	zh_original_w3d_draw_full	original W3DShaderManager source with bounded Linux CPU branch	TerrainShader2Stage;RoadShader2Stage;TerrainTextureClass;DX8Wrapper;OriginalGpuEdge	owned generated flat atlas;retail inputs untouched	extra-blend geometry submission and pixels pending 08H5D/09	M22	runtime	original_w3d_terrain_atlas;original_w3d_presentation_identity;original_w3d_provider_removal;original_w3d_prop_shroud
GeneralsMD/Code/GameEngineDevice/Include/W3DDevice/GameClient/W3DShaderManager.h	a9b4452cce3156744b8f08a9b6858d4421a9e18cd74c774033cd7ac2df45d7ac	W3DShaderManager public ABI	canonical shader manager declarations	Linux consumes source enum definitions before the legacy header and uses the source 64-bit driver-version return; class layout unchanged; C2D bounded owner-specific source checkpoint composes with real device frame rollback, exact identity/bytes restoration and once-only successful completion; unsupported populated work rejects before mutation; R0B Linux-only generated friend reaches the existing private shader checkpoint without fields/virtuals/layout change	zh_original_w3d_draw_full	original public class and static interface	W3DShaderManager;GameLOD;CommandXlat	none	no direct writes	M22	compile	original_w3d_terrain_atlas;original_w3d_abi_full;original_w3d_tree_draw;original_w3d_prop_shroud
src/original_runtime/w3d_shader_manager_cpu.inc	004f39ba20edf73e0333e88fff9ead65de48fe1fef057b6fc25ae7ed1d70da96	W3DShaderManager Linux minimum-spec definitions;setShroudTex;ST_SHROUD_TEXTURE	canonical CPU-only compilation body	lifecycle guards, exact terrain-base and road-base source states, atlas publication validation and transactional sampler rollback; C2B exact stage1 borrowed accepted-content binding after address/phase/matrix preflight; transpose-equivalent private bounded inverse; B0 selected-stage atomic apply/rollback and ordinary A pin drain without postcommit fallibility; C2D bounded owner-specific source checkpoint composes with real device frame rollback, exact identity/bytes restoration and once-only successful completion; unsupported populated work rejects before mutation; R0B stage0/1 idle resident selected-stage preparation only; complete pass/reset requires active source-frame journal and preserves native multiplicative or debug-alpha preset, EQUAL depth, camera-space COUNT2, exact finite inverse and generation	zh_original_w3d_draw_full	included only by canonical W3DShaderManager.cpp under ZH_WW3D_CPU_ONLY	W3DShaderManager;OriginalGpuEdge;DX8Wrapper	owned generated flat atlas and nonuniform shroud pass	no direct writes	M22	runtime	original_w3d_terrain_atlas;original_w3d_provider_removal;original_w3d_terrain_shroud_projection;original_w3d_tree_draw;original_w3d_prop_shroud
src/original_runtime/w3d_shader_manager_cpu_types.h	d3c2c54964e5484acdb3e41f350b8690a12a9f6232fd5d86ed39f36660180404	legacy enum source-closure declarations	canonical W3DShaderManager Linux compilation	provides source-equivalent definitions before a legacy MSVC incomplete-enum header; no runtime behavior	zh_original_w3d_draw_full	included by canonical source and focused probe	GameLOD;CommandXlat;W3DShaderManager	none	no direct writes	M22	compile	original_w3d_terrain_atlas;original_w3d_presentation_identity
GeneralsMD/Code/Libraries/Source/WWVegas/WW3D2/scene.cpp	45094b382d298aeb345fa3ad45fe91cd04c37511fbaf438838401e51380f437d	SimpleSceneClass::Add_Render_Object/Remove_Render_Object	original WW3D scene list authority	attach; remove; reverse release; physical fog/light typed unavailable	zh_w3d	original scene virtuals	RefRenderObjListClass;LightEnvironmentClass	owned CPU scene;retail visibility pending M22 slice 04	none	M22	runtime	original_w3d_presentation;original_w3d_presentation_identity
GeneralsMD/Code/Libraries/Source/WWVegas/WW3D2/light.cpp	6167c5a7b9f97cf0c91c99314a81b421e55ad8f306b0109e4fc9369c85b5c3bb	LightClass::LightClass	original scene global/infantry light objects	construct; release	zh_w3d	original LightClass implementation	RTS3DScene	owned CPU scene;retail lighting pending M22 slice 04	none	M22	runtime	original_w3d_presentation;original_w3d_presentation_identity
GeneralsMD/Code/Libraries/Source/WWVegas/WW3D2/matpass.cpp	1015ae6ea23ad3a70032d19d8c1023c72bd1c72c4e9456c07d4928dcb226cb77	MaterialPassClass::Set_Material/Install_Materials	original scene material authority	construct; source shader/material and stages 0-1 physical installation; authored optional null/default material; nonnull stages 2-7 typed unsupported before mutation	zh_w3d	original MaterialPassClass implementation	RTS3DScene;TextureClass;DX8Wrapper	owned CPU scene and rigid/HLOD skin immediate pass;retail encounter audit pending M22 slice 08	none	M22	runtime	original_w3d_presentation;original_w3d_cpu_graph;original_w3d_provider_removal
GeneralsMD/Code/Libraries/Source/WWVegas/WWLib/mempool.h	9c72cb538dbfd6deeef8742ae4c577a4a283b3cd70071ff2a07d65dfd084c2c4	ObjectPoolClass::Allocate_Object_Memory/Free_Object_Memory	original x86_64 WWLib pooled scene nodes	four-block allocation/free/destruction; pointer-width block-link fix; active-node-safe empty-block retirement and second-generation reuse	zh_wwsupport	original template pool	MultiListNodeClass;RenderObjClass	owned CPU scene	none	M22	runtime	original_w3d_presentation GCC/Clang count and teardown
GeneralsMD/Code/Libraries/Source/WWVegas/WW3D2/dx8wrapper.cpp	394b31d2a1e98328728b2363420b165d2e7d5a000232612bc2e23a5d2e4d0bb6	DX8Wrapper::Set_Texture/Set_Material/Set_Shader/Set_DX8_Render_State/Apply_Render_State_Changes/Snapshot_Source_State/Get_Render_State/Set_Render_State/Release_Render_State/Set_Transform/Set_World_Identity/Set_Light_Environment/Set_Light/Set_Fog/Set_Vertex_Buffer/Set_Index_Buffer/Set_Index_Buffer_Index_Offset/Draw_Triangles/Draw_Strip/Clear/Reset_Source_State/Capture_Source_Stages/Restore_Source_Stages/Apply_Source_Stages/Inspect_Source_State	canonical original selected state and native-layout sorting snapshot/refcount/replay, delayed material/texture/shader, ambient/light/ZBIAS and rigid/dynamic buffer/index/draw decisions	engine and object refs, original state snapshots retained across device generations and reuploaded, unsupported stage/stream/invalid light and buffer range fail before selected-state mutation; source ZBIAS 0/8; draw caller-owned pass; teardown/retry; B0B selected-only pending checkpoint preserves shader/material/unselected state, map key presence and no-throw node restoration; guards reject before out-of-scope mutation; C2D bounded owner-specific source checkpoint composes with real device frame rollback, exact identity/bytes restoration and once-only successful completion; unsupported populated work rejects before mutation;08R0C bounded exact prop/source-frame preparation, consumed-node checkpoint, rollback and once-only commit	zh_w3d	one original CPU selected-state owner and pending physical edge	RenderStateStruct;VertexMaterialClass;TextureBaseClass;LightEnvironmentClass;ShaderClass;DX8PolygonRendererClass;OriginalGpuEdge	owned original mesh/buffer/material state snapshot/refcount/error/recreation and prior frame fixtures	original camera viewport clear 06C3C1, WW3D wrapper source-solid/ambient 06C3C2B1 and static-sort aggregate B2/B3 and retail 08	M22	runtime	original_w3d_sort_state;original_w3d_gpu_edge_failure;original_w3d_shader_source;original_w3d_shader_gpu_acceptance;original_w3d_first_gpu_edge;original_w3d_cpu_identity;original_w3d_provider_removal;original_w3d_material_abi_isolation;original_w3d_source_viewport_clear;original_w3d_source_viewport_clear_bgfx;original_w3d_scene_wrapper;original_w3d_stage_transaction;original_w3d_stage_transaction_bgfx;original_w3d_tree_draw;original_w3d_prop_frame
GeneralsMD/Code/Libraries/Source/WWVegas/WW3D2/dx8wrapper.h	498ca98616afaac13be11f7a47fcd94d2bf5ae7e554c33f02756ab5234b20e1d	D3DRS_ZBIAS/D3DCMP_LESS/D3DRS_BLENDOP canonical CPU ABI tokens;DX8Wrapper::Clear/Get_Render_State/Set_Render_State/Release_Render_State;D3DCMP_EQUAL	original DX8 wrapper CPU definition of source state identities, cleanup-hook ABI and shared native-layout snapshot contract	D3D8 ZBIAS 47/LESS 2 and status-circle blend-op 171/1/3 tokens; native source includes identical RenderStateStruct shared header; B0B private selected-stage checkpoint capability and read-only pending inspection; consistent CPU declarations, no native Windows layout change; C2D bounded owner-specific source checkpoint composes with real device frame rollback, exact identity/bytes restoration and once-only successful completion; unsupported populated work rejects before mutation; R0B exact D3D8 EQUAL token 3, no class layout change	zh_w3d	canonical original header ABI configuration	DX8Wrapper;OriginalGpuEdge;SortingRendererClass;original WW3D callers	owned state-ref snapshot/recreation plus original queue/Vulkan aggregate fixtures	original sorting 06C1B-C2; camera clear 06C3C1; source-solid 06C3C2B1; status-circle compile 07A; empty terrain owner 07E0A; retail 08	M22	runtime	original_w3d_sort_state;original_w3d_shader_source;original_w3d_shader_gpu_acceptance;original_w3d_decal_aggregate;original_w3d_decal_aggregate_gpu;original_w3d_cpu_identity;original_w3d_scene_wrapper;original_w3d_status_circle_compile;original_w3d_stage_transaction;original_w3d_tree_draw;original_w3d_prop_shroud
GeneralsMD/Code/Libraries/Source/WWVegas/WW3D2/dx8renderstate.h	efbc25eb57d2133ffb407afedf872f8ee6b0fb97d1a9ed082964054bb9733b7a	RenderStateStruct ctor/dtor/assignment	shared canonical original WW3D shader/material/texture/light/transform/buffer snapshot layout and refcounts	included in mutually exclusive native and CPU dx8wrapper.h branches; no duplicated state type and no invented GPU generation field; selected original buffer refs reuploaded each physical session	zh_w3d	canonical layout/refcount definition only, not another selected-state owner	DX8Wrapper;SortingRendererClass;OriginalGpuEdge	owned source snapshot copy/refcount/replay across sessions and structural header-removal negative	original sorting queue/physical 06C1B-C2; retail 08	M22	runtime	original_w3d_sort_state;original_w3d_sort_state_abi;original_w3d_cpu_identity;original_w3d_provider_removal
GeneralsMD/Code/Libraries/Source/WWVegas/WW3D2/dx8_light_environment.inc	dd1eb4f9744b2c4e2291e97283f27db8654dcc402d492b819a3cad72d7bf341d	DX8Wrapper::Set_Light_Environment	canonical source body included by native and Linux CPU configuration	original ambient and directional/point fields, four slots, authored attenuation and null behavior; CPU validates finite/bounds before publication; B0B optional exact-owner stage guard preserves ordinary invalid-tuple precedence and platform layout; out-of-scope mutation poisons before diagnostics	zh_w3d	original source method shared across mutually exclusive configurations	LightEnvironmentClass;DX8Wrapper	owned zero/mixed/four-light and category-selected fixtures	physical lit shader 06A3B; category lit 06A3C	M22	runtime	original_w3d_cpu_graph;original_w3d_first_gpu_edge;original_w3d_cpu_identity;original_w3d_provider_removal;original_w3d_stage_transaction;original_w3d_stage_transaction_bgfx
GeneralsMD/Code/GameEngine/Source/GameClient/System/Image.cpp	4e2a424fdaecb605e9f1849d1eaec6fe9af00eae69f35b1e4b68c02307815e03	Image::parseImageCoords/parseImageStatus	complete mapped-image registry	INI callback/register/reset	M20	image field callbacks	TheMappedImageCollection	retail mapped-image INI/textures	none	M20	inspected	original_resources_extraction_provenance;M20 integrated runtime
GeneralsMD/Code/GameEngine/Source/Common/INI/INIMappedImage.cpp	5306af033d304fcce6220af28546275bcde879ccf425726d2150a202e905f72c	INI::parseMappedImageDefinition	generated mapped-image descriptor provider	generated MappedImage parse; duplicate reparse; absent-provider rejection; collection destruction	zh_original_config_providers	INI MappedImage block callback	TheMappedImageCollection;TheNameKeyGenerator	project-owned generated descriptor only	none	M22	runtime	original_mapped_image_provider
GeneralsMD/Code/GameEngine/Source/GameClient/Input/Mouse.cpp	253b65f58e70094dddf4f95cc93491a6a42fa18a7a0c9069eb1a25165bd1cfcd	Mouse::setCursorTooltip/reset	generated load-screen cursor state provider	empty-tooltip/default-delay clear; reset; published singleton removal	zh_original_config_providers	Mouse virtual device hooks	TheMouse	project-owned headless mouse only	none	M22	runtime	original_mouse_provider
GeneralsMD/Code/GameEngine/Source/GameClient/VideoPlayer.cpp	6624bb46aa69767d3b6254d143c13f578848ea4b3d16f468b3eedc313ecda014	VideoPlayer::update/reset/closeAllStreams;VideoStream::close;VideoBuffer::free	generated video registry/buffer/stream sequence	original descriptor registry; stream list update; close/reset/removal; buffer metadata free; generated ready/decompress/render/next sequence	zh_original_config_providers	generated VideoStream/VideoBuffer subclass hooks	TheVideoPlayer;VideoPlayer::m_firstStream	project-owned generated stream state and bytes only	Bink decode and W3D texture upload deferred beyond 08E1B3C	M22	runtime	original_video_stream_registry;original_video_buffer;original_video_stream_buffer
GeneralsMD/Code/GameEngine/Source/GameClient/System/CampaignManager.cpp	3aa07ee98b3103c86c7adfe2daa33c2cb96ef3bf66e889cceacf6e4d676d3bce	CampaignManager::newCampaign/setCampaignAndMission/getCurrentMission;Campaign::newMission	generated campaign mission-field owner	case-normalized campaign and source-lowercase mission replacement/selection; empty and unknown selection rejection; generated two-generation destruction	zh_original_config_providers	original CampaignManager/Campaign/Mission allocation and selection methods	TheCampaignManager;CampaignManager current campaign/mission	project-owned in-memory descriptor fields only	file-backed Campaign INI parse, GameText, gadget text, audio and mode owner deferred beyond 08E1B4B	M22	runtime	original_headless_update;original_campaign_mission_provider_removal
GeneralsMD/Code/GameEngine/Source/GameClient/DisplayString.cpp	7a121d121573c4ad55b5f3637b41145735f6aeae1cd1b89d045731ccc56eaf65	DisplayString::setText/getText	generated static-text string storage	bounded source string replacement and empty clear through the static gadget path; release follows queued GWM_DESTROY before re-entry	zh_original_config_providers	original DisplayString base implementation	TextData;DisplayStringManager;GameWindowManager	project-owned generated Unicode labels only	retail GameText database, layout/mode owner and pixels deferred beyond 08E1B4C	M22	runtime	original_headless_update;original_static_text_provider_removal
GeneralsMD/Code/GameEngine/Source/GameClient/DisplayStringManager.cpp	448e314aee2bfb247cbc83ff0f5cc28adfc7fc6ecf9f95fa0bb08dfd1431e124	DisplayStringManager::link/unLink	generated static-text display-string ownership	one TextData display string per parsed generated static gadget; GWM_DESTROY unlinks it after destroy queue drain and before the next generation	zh_original_config_providers	original manager list ownership	TextData;GameWindowManager;TheDisplayStringManager	project-owned generated WND and labels only	retail GameText database, layout/mode owner and pixels deferred beyond 08E1B4C	M22	runtime	original_headless_update;original_static_text_provider_removal
GeneralsMD/Code/GameEngine/Source/GameClient/GUI/Gadget/GadgetStaticText.cpp	039eb948caad6af6a78059b39025819b4ed82cd22e47590a028186825d3eac8a	GadgetStaticTextSetText/GadgetStaticTextGetText/GadgetStaticTextSystem	generated static-gadget text application	bounded source static gadget assignment/replacement, empty clear and null-window no-op; source destroy message releases TextData and its display string	zh_original_config_providers	original static gadget system-message dispatch	GameWindowManager;TextData;TheDisplayStringManager	project-owned generated static WND and Unicode labels only	retail GameText database, mission INI, audio/mode owner and pixels deferred beyond 08E1B4C	M22	runtime	original_headless_update;original_static_text_provider_removal
GeneralsMD/Code/GameEngine/Source/GameClient/GUI/GameFont.cpp	41cbe9bba282ffeef9cbefdd287c44a6a14d94c116e835ad742839bfb2dfa727	FontLibrary::getFont/reset	complete original font registry	init/get/reset/destruction	M20	font factory virtuals	TheFontLibrary	selected retail locale font	none	M20	inspected	original_resources_extraction_provenance;M20 integrated runtime
GeneralsMD/Code/GameEngine/Source/GameClient/GUI/WindowLayout.cpp	e39e51fab0c247d559754c2fbc4c72ec2ba8ad694dd899a15c8efd66128f3329	WindowLayout::load/destroyWindows	complete layout/window registry	load/callback/use/reverse destruction	zh_original_config_providers	layout/window callbacks	TheWindowManager	owned BlankWindow fixture	none	M20	runtime	original_headless_update;original_headless_update_identity
GeneralsMD/Code/GameEngine/Source/GameClient/GUI/GameWindowManagerScript.cpp	8b6bb1b1a79031daf17cd13c48f505199460fe7eba03777f98ca08c661e9f428	GameWindowManager::winCreateFromScript	complete WND control/callback registry	parse/create/register/destroy	zh_original_config_providers	function lexicon and control vtables	window stack;default font/draw state	owned callback-free and callback-bearing WND fixtures	read only	M20	runtime	original_headless_update;original_headless_update_identity
GeneralsMD/Code/GameEngine/Source/Common/Audio/GameAudio.cpp	bc7e9a92fcb2773d66e473311a3f755484f485c8cdf27cfbcb394bf0c204e808	AudioManager::init/isMusicAlreadyLoaded/destructor	complete original audio registry	definition load/device init/shutdown	M20	audio event/request callbacks	TheAudio;music/sound managers	retail settings/music/sound/speech/voice INI and media	preferences via M24	M20	inspected	original_resources_extraction_provenance;M20 integrated runtime
GeneralsMD/Code/GameEngine/Source/Common/Audio/AudioEventRTS.cpp	69d2b99f314726bb4ba5a0d906523ed6fe9a92d83e9555bd13659c97d19ae9dc	AudioEventRTS::AudioEventRTS/copy/assignment	generated load-screen and source object-template audio-event value boundary	all ordinary constructors deterministically begin at PP_Attack before copy/assignment; generated ambient/briefing names use the existing headless AudioManager virtual provider; injected add failure leaves no active handle and retry/remove returns it to zero	zh_original_config_providers	original AudioEventRTS value implementation	Mission::m_briefingVoice;ThingTemplate;TheAudio	project-owned generated event names and recording handles only	Audio INI lookup, device/media output and retail fidelity remain unchanged	M22	runtime	original_headless_update;original_audio_event_provider_removal;GCC and Clang ASan UBSan
GeneralsMD/Code/GameEngine/Source/Common/INI/INIAudioEventInfo.cpp	c5c3f07b0cbe4793cabbc12ee7ef1dd41b9e9cd031dc3aaf411ca0e425a22ce7	INI::parseMusicTrackDefinition/parseAudioEventDefinition/parseDialogDefinition	complete original audio definition registry	INI dispatch/register/inherit	M20	AudioEventInfo field callbacks	TheAudio registry	retail music/sound/dialog INI	none	M20	inspected	original_resources_extraction_provenance;M20 integrated runtime
GeneralsMD/Code/GameEngine/Source/Common/Audio/GameMusic.cpp	74a4032f1e6eeb962bcdad34c314cfb41b25b05321f7c96b68f7e80633b97f35	MusicTrack field table/MusicManager play/stop	interactive music flow	lookup/play/stop/completion	M23	audio request callbacks	TheAudio;MusicManager	retail music tracks	none	M23	inspected	original_resources_extraction_provenance;M23 interaction acceptance
GeneralsMD/Code/GameEngineDevice/Source/W3DDevice/GameClient/W3DTerrainVisual.cpp	4504cc64fec01de1348f5cdaaad678936f9351f2475e399078a081b1ad607465	W3DTerrainVisual::addProp/init/reset/update/load/releaseEmptyOwners/getWaterGridHeight/peekPublishedShroud	map-start terrain visual consumer; original empty/generated-map owner and redacted scenario-construction boundary	bounded generated map transaction; tracks/cloud retain their own guards; only the explicit volume profile publishes a map-owned original W3DBufferManager before W3DShadowManager and releases it after shadows; reset profile admits the redacted active-water lifecycle only after display detachment; the exact ready detached active-water owner passes update independent of its caller selector; the distinct disabled-water owner with intentionally absent GPU buffers resumes map load; the visual-map transaction restores native terrain then water attachment, disabled grid and map override ordering with rollback; exact CPU-only mapped visual/logic-map identity (including scene-detached teardown) admits only absent-buffer bib cleanup independent of caller selector; active bib producers remain guarded; source disabled-grid query returns FALSE for published attached or reset-detached water owner without changing output while active grid and broken providers reject; exact map-owned no-model prop dispatch is a no-op; R0A admits bounded logical modeled prop ownership with first-module weather/time and exact owner/token lifecycle preflight, while prop rendering remains closed; exact published map/scene/logic-map/provider identity gates late modeled volume geometry readiness; C2B existing publication-address-first borrowed current-shroud peek without allocation/ref/load/provider mutation	zh_original_w3d_draw_full	original TerrainVisual vtable	TheTerrainRenderObject;TheHeightMap;TheW3DShadowManager;TheW3DBufferManager;TheWaterRenderObj	owned generated map/scalar/reset and mission/skirmish selector fixtures; retail inputs remain private/read-only and evidence is aggregate only	retail scene traversal/pixels pending after detached-water lifecycle closure	M22	runtime	original_w3d_terrain_visual_map;original_w3d_shadow_volume_route;original_w3d_terrain_tracks;original_w3d_terrain_water;original_w3d_retail_recording_reachability;original_w3d_generated_scene_boundary;original_w3d_generated_construction;original_w3d_modeled_volume_ready;original_w3d_factory_map;original_w3d_terrain_shroud_projection
GeneralsMD/Code/GameEngine/Source/GameNetwork/Network.cpp	69c0ebdded724c9268e61de4f83e27917b63df9c1cbf1459180be407b0517366	Network CRC mismatch WND consumer	network mismatch interaction	error layout create/use/destroy	M25	WND/network callbacks	TheWindowManager;network globals	Menus/CRCMismatch.wnd	none	M25	inspected	M25 network acceptance
GeneralsMD/Code/GameEngine/Source/Common/GameMain.cpp	2f9d53763f267eb03d2893e491066c7ac04f80dbb96d16cdd9391a9d26308136	GameMain	M20 original executable entry	process entry and lifecycle enclosure	zh_original_lifecycle_spine	GameEngine factory and execute dispatch	TheGameEngine;TheSubsystemList	retail data roots in later M20 slices	process settings in later M20 slices	M20	compile	original_lifecycle_spine_objects
GeneralsMD/Code/GameEngine/Source/Common/GameEngine.cpp	95b550db99f278edeea527985a31061ce76e190a2fb05e6fba7efebf6e42f145	GameEngine::init/execute/update/reset/destructor	M20 integrated runtime lifecycle	initialize/update/reset/reverse destruction;M24 shipped SpecialPower and GameData baseline	zh_original_lifecycle_spine	complete factories supplied in slice 05	TheGameEngine;TheSubsystemList;TheSpecialPowerStore;TheWritableGlobalData	owned BlankWindow and GameData fixtures;retail assets in gated assurance	preferences and caches via later owners	M20	runtime	original_lifecycle_spine_objects;original_lifecycle_enum_abi;original_headless_update;original_headless_update_identity;original_headless_update_provider_removal;original_production_entry;original_persistence_power_baseline;original_persistence_gamedata_baseline
GeneralsMD/Code/GameEngine/Source/Common/RTS/SpecialPower.cpp	b05bae99bd7ed222bef7c0116d010a2f29a5cf54c75382e5340559f934765dd4	SpecialPowerStore::commitShippedDefinitions/reset	M24 shipped INI baseline before map.ini overlays	promote shipped root and override chain;remove map-only overrides at reset	zh_original_config_providers	original SpecialPowerStore/Overridable traversal	TheSpecialPowerStore	owned power INI and read-only retail INI	XDG-only process state	M24	runtime	original_persistence_power_baseline;retail gated power reset
GeneralsMD/Code/GameEngine/Source/Common/System/SubsystemInterface.cpp	30f6d1de898b53d21718ab231c601601d5ada5b4943d137e6fac3a863d01d902	SubsystemInterfaceList::initSubsystem/postProcessLoadAll/resetAll;installSubsystemResetAdmission/removeSubsystemResetAdmission/preflightSubsystemResetAdmission;installClientTerrainRemovalAdmission/removeClientTerrainRemovalAdmission/preflightClientTerrainRemovalAdmission	M20 original subsystem ownership	register/init/data/post/reset/reverse shutdown; M22 optional exact owner/generation admission runs before resetAll catch-and-shutdown; absence no-op and no full-client linkage;R0A independent opaque exact terrain-prop owner/token runs before drawable/reset/shutdown mutation, no WW3D linkage or class layout change	zh_original_lifecycle	fail-closed injected INI loader seam	TheSubsystemList	owned lifecycle fixtures	none	M20	runtime	original_lifecycle_subsystem;original_lifecycle_subsystem_identity;original_lifecycle_provider_removal;original_w3d_prop_owner;original_w3d_terrain_visual_map
GeneralsMD/Code/GameEngine/Source/Common/INI/INI.cpp	efb0b3cb03f4ca2ce280f3fa1f28cc90aab759b9e474f08ab27f32b1109c14b4	complete INI dispatch table	integrated configuration registries	full INI load and callbacks	zh_original_config_spine	64 production UI/audio/AI/object/script callbacks	parser and subsystem globals	owned dispatch fixture;retail INI in later gate	reads data roots	M20	runtime	original_config_dispatch_valid;original_config_dispatch_invalid;original_config_dispatch_identity;original_config_provider_removal;original_production_entry
GeneralsMD/Code/GameEngine/Source/GameNetwork/GameSpy/Chat.cpp	2a28c053fcfe36fc0eae5b8a150e2106f6be5d1564c69a7f04a5ae3e59f9cfb7	INI::parseOnlineChatColorDefinition	complete production INI callback witness	load/mutate source-owned color table	zh_original_config_providers	GameSpy color field table	GameSpyColor	owned OnlineChatColors fixture	none	M20	runtime	original_config_dispatch_valid;original_config_dispatch_identity;original_config_provider_removal
GeneralsMD/Code/GameEngineDevice/Source/PosixDevice/Common/PosixLocalFileSystem.cpp	5044e9bcd2fe02e6d7c08a178afc8c207a4b872f5541827eea65085c8eaa31a3	PosixLocalFileSystem::openFile/getFileListInDirectory	production original-data local-file consumer;generated presentation GlobalData precondition	mounted read root/open/enumerate from arbitrary CWD;generated service lifetime precedes GlobalData	zh_original_config_providers	FileSystem virtual provider	TheLocalFileSystem	owned INI/CSF/map fixtures;generated empty script root	writes remain explicit absolute XDG paths	M22	runtime	original_config_dispatch_valid;original_data_startup;original_w3d_presentation
GeneralsMD/Code/GameEngine/Source/Common/Thing/ModuleFactory.cpp	aa6cb4ec859598407b17e9de0117ef7e1719fa5425f202324ef1e8654d536973	ModuleFactory registry bodies	complete INI object callback closure and fail-closed device edge	register/schema parse/instance rejection/destruction	zh_original_config_providers	module registry callbacks	module factory globals	object/module definitions	none	M20	runtime	original_config_dispatch_identity;original_config_provider_removal;original_w3d_schema;original_w3d_schema_provider_removal
GeneralsMD/Code/GameEngineDevice/Source/W3DDevice/Common/Thing/W3DModuleFactory.cpp	4f706864dd0219e59485b726e9f3ff2f9b9179fe36557e32928437ac50515de5	W3DModuleFactory::init	complete 19-name original W3D draw schema	register/parse/own/reverse destruction	zh_original_config_providers	19 exact schema constructors; physical instance callbacks explicitly unavailable	TheModuleFactory	owned W3D object fixture; read-only retail Object INI	none	M20	runtime	original_w3d_schema;original_w3d_schema_identity;original_w3d_schema_provider_removal;original_production_entry
GeneralsMD/Code/GameEngineDevice/Source/W3DDevice/GameClient/Drawable/Draw/W3DModelDraw.cpp	7b34dc7db76ef11a6fdb825f36fd345e041abea41b1b0e6f815e75970b89fa7b	W3DModelDrawModuleData field/condition/state methods	original ThingTemplate W3D model schema consumer	INI field parse/post-process/xfer/destruction; initial volume shadow deferred until module publication, replacement admitted after scene link with exact caster identity and reverse failure cleanup; map-loaded initial/replacement volume models finalize source geometry and Recording upload after scene/caster publication with local unwind	zh_original_config_providers	original field and nested condition callbacks	module-owned model condition data	owned W3D object fixture; read-only retail model declarations	none	M20	runtime	original_w3d_schema;original_w3d_schema_identity;original_production_entry;original_w3d_generated_volume_shadow_constructor;original_w3d_modeled_volume_ready
GeneralsMD/Code/GameEngineDevice/Source/W3DDevice/GameClient/Drawable/Draw/W3DLaserDraw.cpp	266a691131856a96e102e116411653976976894c16afa538af1247d5e97a1c3a	W3DLaserDrawModuleData::buildFieldParse	representative nontrivial original W3D schema consumer	defaults/INI overrides/destruction	zh_original_config_providers	original laser field callbacks	module-owned laser configuration	owned laser object fixture; read-only retail laser declarations	none	M20	runtime	original_w3d_schema;original_w3d_schema_identity;original_production_entry
GeneralsMD/Code/GameEngineDevice/Source/W3DDevice/Common/Thing/W3DModuleFactory.cpp	4f706864dd0219e59485b726e9f3ff2f9b9179fe36557e32928437ac50515de5	W3D draw instance constructors	object/drawable creation after map and presentation startup	thing creation/drawable attach/update/render/reset/destruction; C4 full-only W3DTreeDraw create proc shares CPU class definition with constructor and consumers; typed ready map/shroud/device admission and reverse module/terrain unwind; schema/headless and eight unavailable providers remain closed	zh_original_w3d_factory_full (probe; production promotion slice 04)	original per-class instance callbacks and W3D vtables	W3D scenes;render objects;device resources	owned generated full-instance model/texture/shader/map fixtures; retail route remains closed	device caches and screenshots remain later-owner surfaces	M22	runtime	original_w3d_full_draw_scenario;original_w3d_full_draw_identity;original_w3d_full_draw_provider_removal;GPU edge deferred slice 04;original_w3d_tree_module;original_w3d_abi
GeneralsMD/Code/GameEngine/Source/GameLogic/AI/AIPlayer.cpp	85d0b5dc8ee94705596c5bf10d95ac2c606d89aaf68dbae23d1546bc83fe5454	AIPlayer::getAIDifficulty	complete INI AI/object provider closure	link-time callback closure	zh_original_config_providers	AI callbacks/vtables	AI globals	AI definitions	none	M20	link	original_config_dispatch_identity;original_config_provider_removal
GeneralsMD/Code/GameEngine/Source/GameLogic/AI/AIStates.cpp	4447db4e1656f163a8cd8e7319f16523e96e0ecc21a80dc8deea3aa97fa67927	AI state-machine bodies	complete INI object provider closure	link-time state/vtable closure	zh_original_config_providers	AI state vtables	AI object state	AI definitions	none	M20	link	original_config_dispatch_identity;original_config_provider_removal
GeneralsMD/Code/GameEngine/Source/GameLogic/AI/TurretAI.cpp	9d43828e612e81ea6ec9d215d98941dfdbec483e1872ab6d370627c2a7bdb2b7	TurretAI::isWeaponSlotOnTurret	complete INI weapon/object provider closure	link-time state/vtable closure	zh_original_config_providers	weapon/turret callbacks	object weapon state	weapon/object definitions	none	M20	link	original_config_dispatch_identity;original_config_provider_removal
GeneralsMD/Code/GameEngine/Source/GameLogic/AI/Squad.cpp	bfdddc0ca3783a251b5f2fae82533e56b5826dd9a12a9b98a0bda6965c8c74b7	Squad state and snapshot bodies	Release live provider closure	link-time vtable closure	zh_original_config_providers	Squad vtable	AI group object IDs	AI definitions	none	M20	link	original_config_dispatch_identity;original_config_provider_removal
GeneralsMD/Code/GameEngine/Source/Common/RTS/ActionManager.cpp	a9d4ba67cbc7c90139b831a0a122912839a83e2dbfbca79df33332d5ff8e9449	ActionManager command validation	Release live AI provider closure	link-time command closure	zh_original_config_providers	AI command callbacks	TheActionManager	object definitions	none	M20	link	original_config_dispatch_identity;original_config_provider_removal
GeneralsMD/Code/GameEngine/Source/GameClient/MapUtil.cpp	c95f0dba0560dd61cb88a8dd7c55d6778b655cc2ab53eb69cc51581ea06d85c3	MapCache::writeCacheINI/loadStandardMaps/loadUserMaps/findMap;getMapPreviewImage	integrated localized map cache and generated preview descriptor	production INIMapCache load/cold-write/warm-reload/refresh plus generated metadata lookup/replacement; source preview copy/publication/retry	zh_original_config_providers	ThingFactory;MapObject;GameText/name-key callbacks;GameState/FileSystem/ImageCollection	TheMapCache;TheGameState;TheFileSystem;TheMappedImageCollection;TheWritableGlobalData	owned nonempty localized MapCache fixture and generated preview files	atomic isolated XDG cache and MapPreviews output only	M20	runtime	original_data_startup;original_config_dispatch_identity;original_persona_mapcache_provider;original_map_preview_provider;original_map_preview_start_marker_aggregate;original_multiplayer_persona_map_helper_aggregate
GeneralsMD/Code/GameEngine/Source/GameClient/GUI/ChallengeGenerals.cpp	c4936f69e494aab05320564a07006929b5a4c1d1e22bbcf5de34bd8f9344ac9b	INI::parseChallengeModeDefinition;ChallengeGenerals::get*General*Name	generated challenge-persona provider	original INI dispatch; campaign/general/template lookup; replacement and two-generation release	zh_original_config_providers	original ChallengeGenerals field parser	TheChallengeGenerals	project-owned generated persona INI	no retail persona/audio/image data	M22	runtime	original_persona_mapcache_provider;original_persona_mapcache_challenge_removal;original_multiplayer_persona_map_helper_aggregate;original_multiplayer_provider_aggregate
GeneralsMD/Code/GameEngine/Source/Common/INI/INIMapCache.cpp	5c2bfd95c4b4a2de8514aac8fa7c3d7207c5388acfc8c84427d77f3172871ca0	INI::parseMapCacheDefinition	generated map metadata provider	original INI dispatch; canonical map name/waypoint metadata; replacement and two-generation release	zh_original_config_providers	original MapMetaData field parser	TheMapCache;TheNameKeyGenerator	project-owned generated map metadata INI	preview copy and GUI start markers deferred to 08E1C0B2	M22	runtime	original_persona_mapcache_provider;original_persona_mapcache_map_removal;original_multiplayer_persona_map_helper_aggregate
GeneralsMD/Code/GameEngine/Source/GameNetwork/GameInfo.cpp	260baf43f0754c9732827b4459d1c9b9d50aed33189d2547620dff63ac6df272	GameInfo::GameInfo/GameSlot::setSlot	generated GameInfo/GameSlot lifecycle	caller-owned source slots publish, validate, clear, and unpublish over two generations	zh_original_config_providers	GameInfo slot contract	TheGameInfo	generated human/AI slot fixtures	no retail network service	M22	runtime	original_gameinfo_slot_provider;original_gameinfo_slot_provider_removal;original_multiplayer_slot_settings_aggregate;original_multiplayer_provider_aggregate
GeneralsMD/Code/GameEngine/Source/Common/RTS/PlayerTemplate.cpp	7094803b64c1be02fd1f23c4f4a6800286dee3b2f4e5734ad6c5e094f0ed8fa4	PlayerTemplateStore::findPlayerTemplate	generated template store lifecycle	generated lookup/fallback and two-generation release	zh_original_config_providers	PlayerTemplate source lookup	ThePlayerTemplateStore	generated templates	no retail templates	M22	runtime	original_multiplayer_settings_provider;original_multiplayer_settings_player_template_removal;original_multiplayer_slot_settings_aggregate
GeneralsMD/Code/GameEngine/Source/Common/INI/INIMultiplayer.cpp	beb88ac4812aa50fe4d6c0e1741f7650d1ea890e9e59e6e46396945b301403dc	INI multiplayer parsers	generated multiplayer settings parser	generated INI dispatch, validation, replacement, and two-generation release	zh_original_config_providers	MultiplayerSettings parser	TheMultiplayerSettings	generated settings/colors INI	no retail network settings	M22	runtime	original_multiplayer_settings_provider;original_multiplayer_settings_parser_removal;original_multiplayer_slot_settings_aggregate
GeneralsMD/Code/GameEngine/Source/GameLogic/System/GameLogic.cpp	84771f51361c218eb17acddc4c5818b6d5a23f6d03c2b8371b162d8e69e48153	GameLogic::update/getLoadScreen/updateLoadProgress/loadMapINI/startNewGame/sendObjectCreated/friend_rollbackObjectConstruction;m22GeneratedBridgeMapPropertiesAreBounded;symmetric binding exception rollback	simulation frame, optional load-screen lifecycle and generated scenario-construction boundary; generated authored bridge/wall map-attempt transaction	bounded update/teardown plus Linux source factory no-owner selection, optional pre-map progress dispatch and native generated map-INI parse ordering; explicit generated selector stops after native loadMapINI and smart purge before terrain load; conjunctive construction selector continues through terrain, radar, shroud, terrain/pathfinder/observer and authored object traversal before a typed boundary; failed-load queue rollback; selected direct bridge owner witness runs after terrain logic newMap before map-object traversal, checks coherent tower IDs and immediate failure residuals including real layer exhaustion; selected direct fresh pathfinder owner witness checks two bridge layers, wall capacity, eight injected map failures, immediate derived residual and retry; conjunctive generated bridge-map selector preflights bounded side-effect-free properties, tracks source-order Objects and attachments, rolls fresh pathfinder/terrain/walls/Objects back in reverse and restores radar queue before typed boundary; generated volume-shadow weak owner snapshot at authored map attempt;08L2R1 restores exact Object/Drawable pointers without cleanup notifications and withdraws creation-owned client registry before Object unwind	zh_original_config_providers	game module callbacks	TheGameLogic;frame counter;private load-screen slot	owned headless lifecycle fixture; generated no-owner mode/save sweep; generated map override/provider reset; generated mission/skirmish parser and construction boundaries; corrupt partition rollback; generated modeled bridge, road/tower provider removal and retries; generated wall/pathfinder owner and fresh-map retry; generated authored bridge/wall mission/skirmish and 17 negative attempts	retail map untouched; no original symlink writes	M20	runtime	original_headless_update;original_headless_update_identity;original_headless_update_provider_removal;original_persistence_partition_restore;original_loadscreen_progress;original_loadscreen_progress_contract;original_loadscreen_progress_provider_removal;original_map_override_parser_aggregate;original_w3d_generated_scene_boundary;original_w3d_generated_construction;original_w3d_generated_bridge_owner;original_w3d_pathfinder_owner;original_w3d_generated_bridge_map_attempt;original_w3d_generated_volume_shadow_constructor
GeneralsMD/Code/GameEngine/Source/GameClient/GameClient.cpp	69f41aa458b28bb799bfff20711eb34423d9044be8c61eba96789364a313eb23	GameClient::reset/update/friend_rollbackDrawableConstruction;preloadAssets;install/removeClientPreloadAdmission	client runtime and drawable construction registry	bounded update and source message propagation; selector-only aggregate active-water reset completion marker after source display-to-terrain ordering;08S0B exact optional preload owner admission precedes temporary creation and every returned temporary is destroyed on success/throw with native consumed-ID/null-slot semantics	zh_original_config_providers	client subsystem callbacks	TheGameClient;client frame	owned headless and generated reset fixtures	retail continuation remains typed pending	M20	runtime	original_headless_update;original_headless_update_identity;original_w3d_terrain_water;original_w3d_retail_recording_reachability;original_w3d_asset_preload
GeneralsMD/Code/GameEngine/Source/Common/GlobalData.cpp	adb8eb383e54b4606e6c91d0ffb01adce3911f918f1c446f91613fe2a8212687	GlobalData::parseGameDataDefinition/GlobalData	production GameData and map-preview path owner	INI callback;owned copy;shipped baseline promotion;map reset;generated preview path publication	zh_original_config_providers	GameData field table;WeaponBonusSet;MapUtil	TheWritableGlobalData	owned default/shipped/map GameData INI and generated XDG preview root	XDG data only	M20	runtime	original_data_startup;original_production_entry;original_persistence_gamedata_baseline;original_map_preview_provider;original_map_preview_start_marker_aggregate
GeneralsMD/Code/GameEngine/Source/Common/NameKeyGenerator.cpp	0b15102703e5dca7d8d1741a785ec132083c1b1bfba38528908866ef5a2dad78	NameKeyGenerator::nameToKey/keyToName	production name-key registry	init/lookup/reset/destruction	zh_original_config_providers	name-key field callbacks	TheNameKeyGenerator	owned names and map metadata	none	M20	runtime	original_data_startup
GeneralsMD/Code/GameEngine/Source/Common/System/FileSystem.cpp	8b5e7260d52eb220f904beb0477fe5c3e01f5e78e34ca4eeddb548250838c10e	FileSystem::openFile/getFileListInDirectory	production filesystem multiplexer;generated presentation GlobalData precondition	local/archive read and enumeration;exact generated ownership before GlobalData and reverse removal	zh_original_config_providers	local/archive virtual providers	TheFileSystem;TheLocalFileSystem;TheArchiveFileSystem	owned INI/CSF/map fixtures;generated empty script root	none	M22	runtime	original_data_startup;original_w3d_presentation
GeneralsMD/Code/GameEngine/Source/Common/System/XferCRC.cpp	4453f7c53c66bbe17a9a15fc731fe338c59301bf873e01921ac972c840c70d10	XferCRC::xferSnapshot/getCRC	production snapshot CRC traversal	open/xfer/close	zh_original_config_providers	Snapshot::crc	Xfer state	owned snapshot fixture	none	M20	runtime	original_data_startup
GeneralsMD/Code/GameEngine/Source/Common/System/SaveGame/GameState.cpp	279b20ca34282c1246b04fad5d69de4a7183f3bcd3b0fece57bc814089f0dcb5	GameState::getSaveDirectory/getFilePathInSaveDirectory/realMapPathToPortableMapPath	production save-state and preview-path relationship	construct/path/reset ownership; MapCache portable map conversion	zh_original_config_providers	Xfer/Snapshot providers;MapCache	TheGameState;TheGlobalData;TheMapCache	owned path and generated map-preview fixture	XDG data only	M20	runtime	original_data_startup;original_map_preview_provider;original_map_preview_start_marker_aggregate
GeneralsMD/Code/GameEngine/Source/GameClient/GameText.cpp	e7240eb68b6ab895a4c1e98b53f7eeb96d5c123655869624ce501f60de7308aa	GameTextManager::init/parseCSF/initMapStringFile/fetch	production localization consumer	CSF and map.str init/fetch/reset	zh_original_config_providers	FileSystem;LanguageFilter	TheGameText	owned CSF and map.str	none	M20	runtime	original_data_startup
GeneralsMD/Code/GameEngine/Source/GameClient/LanguageFilter.cpp	15f7c9fd27df32b0e1088285d061e110c0c98f33b7a15f8db73488d728493648	LanguageFilter::filterLine	production localization dependency	UTF-16 filter callback	zh_original_config_providers	GameText map-string callback	TheLanguageFilter	optional langdata.dat	none	M20	link	original_data_startup
GeneralsMD/Code/GameEngine/Source/Common/Thing/ThingFactory.cpp	817ea2f550c14109ed756f5806d63683099e582970aeba01553f9fc44c40d695	ThingFactory::parseObjectDefinition/firstTemplate/newObject	production object definition and construction consumer	INI definition plus atomic Object/Drawable/module/registry/partition construction and reverse rollback	zh_original_config_providers	ThingTemplate field table	TheThingFactory	owned Object INI	none	M20	runtime	original_data_startup
GeneralsMD/Code/GameEngine/Source/Common/Thing/ThingTemplate.cpp	711b5c6fa115157b244e5f100efd2ec2a15d7e26c1236d6e967bc1cbaaf1ba6c	ThingTemplate field table/validate	production configured object and required module state	field parse/validate/destruction/fail-closed missing provider	zh_original_config_providers	INI field and module-schema callbacks	ThingFactory template list	owned Object INI; read-only retail Object INI	none	M20	runtime	original_data_startup;original_w3d_schema;original_production_entry
GeneralsMD/Code/GameEngine/Source/GameClient/GUI/LoadScreen.cpp	ec3ee082e7dd3b63affa68114baed3bfac8e3615cade78a850fe28888ef15d8d	LoadScreen source presentation and mode-owned owner aggregate	load presentation	generated single-player to zero-ownership to multiplayer source WND/provider composition; offline-null progress; reset/queued WND teardown; two generations per mode	zh_original_config_providers	GUI callbacks; GameInfo; PlayerTemplateStore; MultiplayerSettings; MapCache	load-screen globals; TheGameInfo; ThePlayerTemplateStore; TheMultiplayerSettings; TheMapCache	project-owned generated WND/INI/map-preview fixture	no retail layout/image/audio/network/pixel claim	M22	runtime	original_headless_update;original_singleplayer_loadscreen_aggregate;original_multiplayer_loadscreen;original_loadscreen_mode_aggregate;original_multiplayer_loadscreen_identity;original_multiplayer_loadscreen_provider_removal;M28 presentation integration
GeneralsMD/Code/GameEngine/Source/Common/MessageStream.cpp	8a3fb1e60f7d9d4ba846d0740b6af123d6aa14fd1caccb16d799a63170d34f1e	MessageStream::propagateMessages	client message lifecycle	two source-owned frame tick transitions	zh_original_config_providers	translator callbacks	TheMessageStream;message list	owned headless lifecycle fixture	none	M20	runtime	original_headless_update;original_headless_update_identity
GeneralsMD/Code/GameEngine/Source/Common/RTS/PlayerList.cpp	7edb5e1558ceea47724f125a80baef600ecf73ea10498394ef5e3824b22e11d0	PlayerList::PlayerList/destructor	logic player ownership	construct/use/reverse destruction	zh_original_config_providers	player callbacks	ThePlayerList	owned headless lifecycle fixture	none	M20	runtime	original_headless_update;original_headless_update_identity
GeneralsMD/Code/GameEngine/Source/Common/System/Radar.cpp	dba5b89c1c4341b2a3edf1dc2952bec0f367606e5a85e126c6872041129ac89c	Radar::update/destructor	logic radar lifecycle	bounded update/reverse destruction	zh_original_config_providers	radar object callbacks	TheRadar;TheGameLogic	owned headless lifecycle fixture	none	M20	runtime	original_headless_update;original_headless_update_identity
GeneralsMD/Code/GameEngine/Source/GameLogic/Map/PolygonTrigger.cpp	28b85f91e9a58bed7719a0c4b994dd4a12f0fd5aeb8652ef23c603e20c474057	PolygonTrigger::deleteTriggers	TerrainLogic teardown	empty and populated trigger-list destruction	zh_original_config_providers	polygon pool callbacks	ThePolygonTriggerListPtr	owned empty headless terrain state	none	M20	runtime	original_headless_update
GeneralsMD/Code/GameEngine/Source/GameLogic/Object/Update/DockUpdate/DockUpdate.cpp	0a941632971c50ed9af0988d0d231f55f736f0e0e557ae1400f0c013ca82b402	DockUpdate methods/vtable	Release retained supply-dock provider closure	link-time vtable closure	zh_original_config_providers	dock update callbacks	object docking state	object definitions	none	M20	link	original_headless_update;original_headless_update_identity
GeneralsMD/Code/GameEngine/Source/Common/CommandLine.cpp	bb617e40e3bde649d2a43c5685fb9b0dde26826e241f91765661eb5c682d1a22	parseCommandLine/parseBuildMapCache/parseBenchmark	production early-exit and bounded benchmark	parse after GameData; controlled cache exit	zh_original_config_providers	command table	TheWritableGlobalData	owned command arguments	XDG cache only	M20	runtime	original_production_entry
GeneralsMD/Code/GameEngine/Source/Common/System/FunctionLexicon.cpp	b94fa5ae57f334e5032de2542b11956995ea71289309f06813bbfa85720158d3	FunctionLexicon::init/validate/findFunction	complete production UI callback registry	register 242 names; original offline or exact online rejection	zh_original_config_providers	242 callback entries	TheFunctionLexicon	owned WND callback names	none	M20	runtime	original_production_function_lexicon;original_headless_update
src/original_runtime/linux_online_callback_boundary.cpp	e87bfebca2447af091e723402953559b121050c5f35c5c89b06398de86604979	exact online callback boundary	excluded online service SDK	96 name-specific fail-closed callbacks	zh_original_config_providers	95 FunctionLexicon names plus BuddyControlSystem	none	none	none	M20	runtime	original_production_function_lexicon;original_headless_update
src/original_runtime/linux_game_engine.cpp	85b24884edaf40a33bb2c1c946ad1b84e10a69eaede566f43310a2baf85afeef	CreateGameEngine/Linux device factory	production original GameEngine factory and filesystem; M24 source scenario gates	test-only active-edge display adoption dispatches generated bounded source probes while restoring source owners; native GameEngine update owns the second new-game phase for explicit M22 draw or conjunctive generated scene selector, the latter borrowing published display scene/assets without alias replacement; a separate construction selector is valid only under that accepted generated route; M21/M24 retain direct two-phase transaction; selected active-water reset route remains outer-boundary guarded when scene selector absent; full-draw source witnesses validate all time/weather modes inside the logic latch; full-draw-capable engine forwards mobile terrain movement to the published terrain owner while minimal/headless retains no-op; default remains mapless; generated scene borrows display file-factory identity, rejects missing/foreign factory and standalone draw restores prior file factory; C2C fully admitted immutable program/resource phase is prepared before C1 publication, probe begin/abort is complete before old-resource retirement, exact retry identity owns pins independently of mutable source stages, reset/removal cancels already-owned lifecycle state without post-FX registry access	zh_original_main	original factories including W3D schema and filesystem factory	TheGameEngine;TheGameLogic;TheGameClient;TheModuleFactory;TheW3DFileSystem;_TheFileFactory	owned generated fixtures including mission/skirmish parser and construction boundaries only; no retail content;generated modeled-object file owner and fault/retry	XDG-only	M20	runtime	original_production_entry;original_w3d_shadow_volume_route;original_w3d_volumetric_stencil_edge;original_w3d_retail_recording_reachability;original_w3d_full_draw_scenario;original_w3d_generated_scene_boundary;original_w3d_generated_construction;original_w3d_borrowed_file_owner;original_w3d_tree_preparation;original_w3d_asset_preload
src/original_runtime/volume_buffer_provider.h	46e0c985803f4c2410021aeed631991d30d3b1677c3e9fce090cf35bae28952e	zh_w3d_volume_provider_owns	read-only original source-slot ownership boundary	forward-only ownership query avoids importing legacy allocator macros into the public GPU edge; it accepts no slot, geometry, owner, or scheduling behavior	zh_w3d;zh_original_w3d_draw_full	W3DBufferManager membership implementation	VertexBufferClass;IndexBufferClass	owned generated source slot fixture	bounded source SHADOW_VOLUME owner remains 08B3C	M22	compile	original_w3d_volumetric_stencil_edge
src/original_runtime/volume_stencil_contract.h	2f8ac0f37ad020563485494d5e5f39f1590b3616106510f6b07ad49d00e95517	VolumeStencilProtocol/make_volume_stencil_protocol	public backend-agnostic B3B edge contract	three source-derived increment/decrement/composite descriptors only; no source owner, retail route, presentation, or pixels	zh_original_w3d_full_probe;renderer_volume_stencil_gpu	public renderer PipelineDesc contract	none	generated shader/target fixtures	none	M22	runtime	original_w3d_volumetric_stencil_contract;renderer_volume_stencil_bgfx_gpu
src/original_runtime/volume_stencil_contract.cpp	ab2fc346ecbd248368bdad59bea166e5561e490ce670067cc14e05cd32966813	make_volume_stencil_protocol	public D24S8 stencil volume/composite state translation	CW increment and CCW decrement color-disabled depth-LEQUAL passes followed by DESTCOLOR/ZERO composite; rejects absent shaders and depth-only composite targets	zh_original_w3d_full_probe;renderer_volume_stencil_gpu	public renderer depth/stencil/cull/color-mask/blend transitions	none	generated Recording and Vulkan fixtures	none	M22	runtime	original_w3d_volumetric_stencil_contract;renderer_volume_stencil_bgfx_gpu
src/original_runtime/linux_big_archive.cpp	fc48766e625972bcd1e25179228f6d9c6dc22b1514dab210714b6c5965089a5c	zh::original_runtime::createLinuxBIGArchiveFileSystem	production BIGF/BIG4 original ArchiveFile consumers	open/validate/publish/lookup/RAM or streaming read/close/rebuild/reverse destruction	zh_original_config_providers	ArchiveFileSystem and ArchiveFile virtual provider	TheLocalFileSystem;archive directory tree	owned malformed/valid BIG fixtures; separately gated read-only retail archives	none	M20	runtime	original_big_archive;original_big_archive_identity;original_big_archive_provider_removal;original_production_entry
src/original_runtime/linux_main.cpp	bb964bdaccf6547091520f6d46045e0a7ba1fa6e4b37301ca8d683a36fb00c3e	main/GameMain enclosure	production process entry	XDG prepare; GameMain; exact service/allocation teardown;failed shipped GameData override cleanup; M22 opt-in public-bgfx-before-GameMain, empty/rigid final-target pixel readback and paired device-only residual/rollback; a strictly selected Recording factory uses the same OriginalGpuEdge/targets, exposes only label-free operation totals, validates selector/rollback and proves zero resources after teardown; factory-map remains lifecycle-only; graphics teardown verifies display file-factory global and prior active factory restored; focused mismatch probe starts a distinct static prior W3D file factory before GameMain	zh_original_main	INI loader seam;GlobalData reset	process services;allocator;TheW3DFileSystem;_TheFileFactory	owned production/generated rigid fixture and private-safe recording audit	XDG config/data/state/cache	M20	runtime	original_production_entry;original_persistence_partition_restore;original_persistence_gamedata_baseline;original_w3d_factory_bootstrap;original_w3d_factory_rigid;original_w3d_factory_map;original_w3d_retail_recording_audit;original_w3d_borrowed_file_owner
GeneralsMD/Code/GameEngine/Source/GameClient/GUI/ControlBar/ControlBar.cpp	2b57ab55c70d9605ab70545248f2aaed86ae6bfe15e5f2e7e1bf0ab6d7c94150	ControlBar::update/reset	production optional UI resource lifecycle	missing optional tooltip remains null-safe	zh_original_config_providers	ControlBar callbacks	TheControlBar;optional tooltip layout	owned ControlBar WND	none	M20	runtime	original_production_entry
GeneralsMD/Code/GameEngine/Source/GameClient/GUI/GameWindowTransitions.cpp	96c1aa57eb5481fd7c75260a3357d58fcccb1d8e88f0bd488a583bfb8b714a12	GameWindowTransitionsHandler::remove	production reset transition lifecycle	missing optional group remains null-safe	zh_original_config_providers	transition callbacks	TheTransitionHandler	owned empty transition fixture	none	M20	runtime	original_production_entry
GeneralsMD/Code/GameEngine/Source/GameLogic/ScriptEngine/ScriptConditions.cpp	3729b248c501f9f84af64ac4b909fe4153474ea66b7d7cb05b11bf14880ef85d	ScriptConditions::reset	production reset script cache lifecycle	optional transport-status cache remains null-safe	zh_original_config_providers	script condition callbacks	s_transportStatuses	owned empty script state	none	M20	runtime	original_production_entry
GeneralsMD/Code/GameEngine/Source/GameLogic/Map/SidesList.cpp	3e29e201b84fd6b16725ed7e58c078d2471da8a22b7db873b0ad145c54dc7bab	SidesInfo::init/clear	production player-side reset lifecycle	empty build-list ownership remains null-safe	zh_original_config_providers	side/team callbacks	TheSidesList	owned empty player-side fixture	none	M20	runtime	original_production_entry
src/original_runtime/linux_legacy_boundary.cpp	add150b7fbd0bb2ea997565c047909053713581278fb8ce3e8dd10f1baf5f99f	Linux legacy platform boundary	production non-device and fixture path boundary	production defaults plus fixture-owned localization override	zh_original_config_providers	platform and excluded-device callbacks	legacy service globals	owned localization fixtures	none	M20	runtime	original_config_dispatch_valid;original_data_startup;original_production_entry
GeneralsMD/Code/GameEngine/Source/Common/System/SaveGame/GameState.cpp	279b20ca34282c1246b04fad5d69de4a7183f3bcd3b0fece57bc814089f0dcb5	GameState::saveGame/loadGame	original complete save and transactional restore	source Xfer traversal;reset;postprocess;rollback;partially loaded queue reset	zh_original_config_providers	GameLogic;GameStateMap;XferLoad;XferSave	TheGameState;TheGameLogic;TheGlobalData	owned source CkMp and corrupt save controls	atomic XDG save only	M24	runtime	original_persistence_save;original_persistence_replay;original_persistence_partition_restore
GeneralsMD/Code/GameEngine/Source/GameLogic/Object/Object.cpp	82fbb6aa16d4954d1f0bdae42e5f0df7cc379562a4dd38cc7a2db8983ab1f031	Object::onPartitionCellsRestored/friend_rollbackConstruction;symmetric binding exception rollback	original visible-shroud rebuild and atomic construction rollback	restore value/threat without repeating shroud look/unlook;08L2R1 restores exact Object/Drawable pointers without cleanup notifications and withdraws creation-owned client registry before Object unwind	zh_original_config_providers	PartitionManager;Object	ThePartitionManager;object partition data	owned visible-shroud fixture;read-only retail mission	XDG saves only	M24	runtime	original_persistence_partition_restore;original_w3d_generated_construction
GeneralsMD/Code/GameEngine/Source/Common/DiscreteCircle.cpp	baad3db5917cedc0c6169e70566cf4f449aaed01c2e1a3ba5b67f3e41db62fd6	DiscreteCircle::generateEdgePairs	original shroud circle generation	defined Bresenham negative seed arithmetic	zh_original_config_providers	PartitionManager shroud cell traversal	ThePartitionManager;circle edges	owned visible-shroud fixture	XDG saves only	M24	runtime	original_persistence_partition_restore;Clang ASan/UBSan
GeneralsMD/Code/GameEngine/Source/GameLogic/Object/PartitionManager.cpp	257accfd6fde87ce954e80562a92694b9f6ea9a0e08da33b0fccd1081e5ac159	PartitionManager::xfer/update	original partition shroud restore	preserve serialized cells during first derived-map rebuild	zh_original_config_providers	Object;PartitionCell	ThePartitionManager;partition cells	owned visible-shroud fixture;read-only retail mission	XDG saves only	M24	runtime	original_persistence_partition_restore
GeneralsMD/Code/GameEngine/Source/Common/System/SaveGame/GameStateMap.cpp	ec560c83af7520265f11119c79f497850cf70af153bfbcfe8a120f8418b9363b	GameStateMap::xfer/clearScratchPadMaps	original embedded-map save and restore	bounded map block and atomic extraction cleanup	zh_original_config_providers	FileSystem;Xfer	TheGameState;TheFileSystem	owned source CkMp and corrupt embedded map	atomic XDG extracted map only	M24	runtime	original_persistence_save
GeneralsMD/Code/GameEngine/Source/Common/System/XferLoad.cpp	7afbe3b4de4314ee5d38bb34bb9944394160171227a6fed975c8f60843728b44	XferLoad::beginBlock/xferImplementation	original snapshot block traversal	bounded nested block extent;short-read failure	zh_original_config_providers	Snapshot;Xfer	TheGameState	owned source save and truncated block controls	none	M24	runtime	original_persistence_save
GeneralsMD/Code/GameEngine/Source/Common/Recorder.cpp	f346a33139e26db453a6f781ef0b05d40a4a47a7ec2e740681b703262c9ffaed	RecorderClass::startRecording/playbackFile/updateRecord/appendNextCommand	original command replay and source CRC checkpoints	GENREP header;precommit validation;MSG_NEW_GAME;InitRandom	zh_original_config_providers	MessageStream;GameLogic;MapCache	TheRecorder;TheSkirmishGameInfo;TheGameLogic	owned source CkMp and corrupt replay controls	atomic XDG replay only	M24	runtime	original_persistence_replay
GeneralsMD/Code/GameEngineDevice/Source/W3DDevice/GameClient/W3DStatusCircle.cpp	7248cc1a74ef66dd20c5d958d352f3181c93e76ee34fd90db2670bafa8ce7fe6	W3DStatusCircle::W3DStatusCircle/initData/Render	original RTS2DScene status-circle owner and draw	full-draw CPU-only canonical source object compiled, linked and drawn; authored null texture stages map to diffuse-only team-dot/fade shaders without relaxing other missing-texture negatives	zh_original_w3d_draw_full	RenderObjClass virtual status-circle draw owner	RTS2DScene;DX8Wrapper;OriginalGpuEdge	owned non-shell status source scene and four physical pixel combinations	full production display activation and fade support remain later 07 slices	M22	runtime	original_w3d_status_circle_compile;original_w3d_presentation;original_w3d_status_scene;original_w3d_status_scene_bgfx;original_w3d_full_draw_identity
GeneralsMD/Code/GameEngine/Source/GameClient/GUI/Gadget/GadgetPushButton.cpp	095c7beb371a43e625580a1e4932c0ff6a537c922a2d1fa89e45ac79c156e7cc	GadgetButtonSetText/GadgetPushButtonSystem	original push-button label message contract	GGM_SET_LABEL dispatch through published GameWindowManager and push-button system callback	zh_original_config_providers	GameWindow;GameWindowManager;DisplayStringManager	TheWindowManager;TheDisplayStringManager	generated live push buttons with source system callback	no retail WND layout or pixel claim	M22	runtime	original_map_start_marker_update;original_map_start_marker_update_source;original_map_start_marker_gadget_removal;original_map_preview_start_marker_aggregate;original_multiplayer_persona_map_helper_aggregate
GeneralsMD/Code/GameEngine/Source/GameClient/GUI/GUICallbacks/Menus/SkirmishGameOptionsMenu.cpp	406ae2fbeb1eac6c22ffaa72b82a875b846d989a2399807cec38633858fcd0ed	updateMapStartSpots(GameInfo*,GameWindow**,Bool)	original multiplayer start-marker label update	lowercase map-cache lookup; clear/tooltip markers; valid source slot start positions dispatch source push-button labels; unknown map hides markers	zh_original_config_providers	GameInfo;GameSlot;MapCache;GameText;GameWindow;GadgetPushButton	TheMapCache;TheGameText	generated two-slot map cache and live source push-button markers	no retail map, WND layout, preview pixels, spatial placement, or multiplayer service claim	M22	runtime	original_map_start_marker_update_source;original_map_start_marker_update_source_removal;original_map_start_marker_gui_aggregate;original_map_preview_start_marker_aggregate;original_multiplayer_persona_map_helper_aggregate
GeneralsMD/Code/GameEngine/Source/GameClient/GUI/GUICallbacks/Menus/SkirmishGameOptionsMenu.cpp	406ae2fbeb1eac6c22ffaa72b82a875b846d989a2399807cec38633858fcd0ed	positionStartSpots(AsciiString,GameWindow**,GameWindow*)/positionAdditionalImages	original multiplayer map preview, start-marker and additional-image spatial placement	lowercase map cache; generated preview binding; extent-to-window placement; strict-inside marker separation; supply/tech coordinate cache; hidden and unknown-map reset	zh_original_config_providers	MapCache;GameState;GlobalData;ImageCollection;GameWindow;GameWindowManager;MapUtil	TheMapCache;TheMappedImageCollection;TheWindowManager;TheSupplyAndTechImageLocations	generated preview, metadata extents/waypoints and headless map/marker windows	no retail layout, pixel, audio, map fidelity, or multiplayer service claim	M22	runtime	original_map_start_marker_placement;original_map_start_marker_placement_source_removal;original_map_start_marker_gui_aggregate;original_map_preview_start_marker_aggregate;original_multiplayer_persona_map_helper_aggregate
GeneralsMD/Code/GameEngineDevice/Include/W3DDevice/GameClient/W3DShroud.h	48cf122484db7c8c9004e3caa716822d8fb328384c6e19dc6f29ca2e27f38c3b	C2B consistent Linux source-owner declarations	existing shroud/publication/edge owner	Linux-only nonvirtual declarations/private fields consistent across archive consumers; explicit constructor/reset initialization; Windows declarations/layout and serialized state unchanged; generated-only friend fault access has no exported setter or retail selector	zh_original_w3d_draw_full	existing source class, no virtual additions	W3DShroud;W3DTerrainVisual;W3DShaderManager;OriginalGpuEdge	owned generated nonuniform shroud fixture	existing bounded source-owner state only; no factory/retail admission	M22	runtime	original_w3d_terrain_shroud_projection;original_w3d_shroud_data
GeneralsMD/Code/GameEngineDevice/Include/W3DDevice/GameClient/W3DTerrainVisual.h	213b3b938e206ee6ba09075d15fd789bf1d32d236f496a792ea739b8a8669a9f	C2B consistent Linux source-owner declarations	existing shroud/publication/edge owner	Linux-only nonvirtual declarations/private fields consistent across archive consumers; explicit constructor/reset initialization; Windows declarations/layout and serialized state unchanged; generated-only friend fault access has no exported setter or retail selector	zh_original_w3d_draw_full	existing source class, no virtual additions	W3DShroud;W3DTerrainVisual;W3DShaderManager;OriginalGpuEdge	owned generated nonuniform shroud fixture	existing bounded source-owner state only; no factory/retail admission	M22	runtime	original_w3d_terrain_shroud_projection;original_w3d_shroud_data
src/original_runtime/original_gpu_edge.h	404fe58c98e14b05c2f5e5e7d402f0125ebea1fbb0ff93fdbba1a3a826b4952b	C2B consistent Linux source-owner declarations;admitted_source_frame_active	existing shroud/publication/edge owner	Linux-only nonvirtual declarations/private fields consistent across archive consumers; explicit constructor/reset initialization; Windows declarations/layout and serialized state unchanged; generated-only friend fault access has no exported setter or retail selector; C2C fully admitted immutable program/resource phase is prepared before C1 publication, probe begin/abort is complete before old-resource retirement, exact retry identity owns pins independently of mutable source stages, reset/removal cancels already-owned lifecycle state without post-FX registry access; C2D bounded owner-specific source checkpoint composes with real device frame rollback, exact identity/bytes restoration and once-only successful completion; unsupported populated work rejects before mutation; C3 exact initialized one-stage projected-decal snapshot and source-FVF-tagged immutable program reuse accepted pin lifetime; no original class/serialized ABI change; R0B read-only exact journal/source-pass/device-pass active predicate, no fields or lifecycle mutation;08R0C bounded exact prop/source-frame preparation, consumed-node checkpoint, rollback and once-only commit	zh_w3d	existing source class, no virtual additions	W3DShroud;W3DTerrainVisual;W3DShaderManager;OriginalGpuEdge	owned generated nonuniform shroud fixture	existing bounded source-owner state only; no factory/retail admission	M22	runtime	original_w3d_terrain_shroud_projection;original_w3d_shroud_data;original_w3d_tree_preparation;original_w3d_tree_draw;original_w3d_tree_decal;original_w3d_prop_shroud;original_w3d_prop_frame
src/original_runtime/shroud_material_preset_cpu.h	9495a2ab2dffd1ef6024423c92edb88b90e5a5940ce03d8d26948f85babd6c5a	detail::shroud_material_preset	private exact shroud sprite preset selection	authored DEBUG/INTERNAL fog selects alpha sprite; other profiles use multiplicative sprite; generated both-profile control without release profile mutation	zh_original_w3d_draw_full	internal inline helper only; no public engine or Windows ABI	W3DShaderManager;ShaderClass	owned generated shroud material-pass fixture	no direct writes	M22	runtime	original_w3d_prop_shroud;original_w3d_terrain_shroud_projection
src/original_runtime/tree_shroud_projection_cpu.h	fc74f34c82a6bbbe6c76567d5c475f8926ba32fddbd13bbe9190b3c021cc1324	detail::tree_shroud_projection	private exact shroud binding algebra	bounded partial-pivot inverse and transpose-equivalent source transform; finite/extent/overflow admission; internal header only, no general/public matrix API; source Real product/offset finite representability and native-scale admission precede inverse/B0	zh_w3d	no callback, vtable or serialized state	W3DShroud;W3DTerrainVisual;W3DShaderManager;OriginalGpuEdge	owned generated nonuniform shroud fixture	no direct writes	M22	runtime	original_w3d_terrain_shroud_projection;original_w3d_shroud_data
GeneralsMD/Code/Libraries/Source/WWVegas/WW3D2/meshgeometry.cpp	5d2e0e219c8212c3861550f82f72d774c821976b4c2268ded6bf42b274cfff24	MeshGeometryClass(copy) and guarded cull-tree construction	original cloned-render graph publication	08Q0R1 bounded private construction; reverse acquired-ref and allocation cleanup; no source publication on failure; exact retry	zh_w3d	Linux internal guards; existing class fields virtuals and serialized state unchanged; Windows success branch unchanged	MeshClass;MeshModelClass;MaterialInfoClass;VertexMaterialClass;TextureClass;AABTreeClass	owned generated actual Make_Unique graph, alternate descriptors and all mapper families	no retail or factory admission	M22	runtime	original_w3d_clone_graph;original_w3d_clone_graph_identity;original_w3d_clone_graph_provider_removal
GeneralsMD/Code/Libraries/Source/WWVegas/WW3D2/aabtree.cpp	3a8a67d01f9e29fe45252c4cd664f1e97441e907b08c57fe43dd7ab5a1e144d6	AABTreeClass(copy)/candidate node and polygon arrays	original cloned-render graph publication	08Q0R1 bounded private construction; reverse acquired-ref and allocation cleanup; no source publication on failure; exact retry	zh_w3d	Linux internal guards; existing class fields virtuals and serialized state unchanged; Windows success branch unchanged	MeshClass;MeshModelClass;MaterialInfoClass;VertexMaterialClass;TextureClass;AABTreeClass	owned generated actual Make_Unique graph, alternate descriptors and all mapper families	no retail or factory admission	M22	runtime	original_w3d_clone_graph;original_w3d_clone_graph_identity;original_w3d_clone_graph_provider_removal
GeneralsMD/Code/Libraries/Source/WWVegas/WW3D2/meshmatdesc.cpp	37ddb48dbfa5cb6aa819ad6c705f5ef06737bbf1116f739fc84c061dab80fdad	MeshMatDescClass(copy)/candidate material texture shader arrays	original cloned-render graph publication	08Q0R1 bounded private construction; reverse acquired-ref and allocation cleanup; no source publication on failure; exact retry	zh_w3d	Linux internal guards; existing class fields virtuals and serialized state unchanged; Windows success branch unchanged	MeshClass;MeshModelClass;MaterialInfoClass;VertexMaterialClass;TextureClass;AABTreeClass	owned generated actual Make_Unique graph, alternate descriptors and all mapper families	no retail or factory admission	M22	runtime	original_w3d_clone_graph;original_w3d_clone_graph_identity;original_w3d_clone_graph_provider_removal
GeneralsMD/Code/Libraries/Source/WWVegas/WW3D2/matinfo.cpp	eec2e1fcbac22c0788bc9e301b49baf81b64d98960014275ed3807529f17f229	MaterialInfoClass(copy)/MaterialRemapperClass construction and complete remap	original cloned-render graph publication	08Q0R1 bounded private construction; reverse acquired-ref and allocation cleanup; no source publication on failure; exact retry	zh_w3d	Linux internal guards; existing class fields virtuals and serialized state unchanged; Windows success branch unchanged	MeshClass;MeshModelClass;MaterialInfoClass;VertexMaterialClass;TextureClass;AABTreeClass	owned generated actual Make_Unique graph, alternate descriptors and all mapper families	no retail or factory admission	M22	runtime	original_w3d_clone_graph;original_w3d_clone_graph_identity;original_w3d_clone_graph_provider_removal
GeneralsMD/Code/Libraries/Source/WWVegas/WW3D2/clone_graph.h	b154ec5378852200487c6c5b1c812d3b32657898fd0ce96fb79cac8f6cb919d6	ww3d_clone::Attempt/Ref/RefArray	original cloned-render graph publication	08Q0R1 bounded private construction; reverse acquired-ref and allocation cleanup; no source publication on failure; exact retry	zh_w3d	Linux internal guards; existing class fields virtuals and serialized state unchanged; Windows success branch unchanged	MeshClass;MeshModelClass;MaterialInfoClass;VertexMaterialClass;TextureClass;AABTreeClass	owned generated actual Make_Unique graph, alternate descriptors and all mapper families	no retail or factory admission	M22	runtime	original_w3d_clone_graph;original_w3d_clone_graph_identity;original_w3d_clone_graph_provider_removal
GeneralsMD/Code/GameEngineDevice/Source/W3DDevice/GameClient/W3DPropBuffer.cpp	f73825e8ea443e2fa142690e20dd3d8bf892daf52ac8ac1b0f4e4280c7489d32	W3DPropBuffer constructor/addPropType/addProp/updatePropPosition/removePropsForConstruction/clearAllProps	M22 R0A strong terrain-prop composite/type/instance lifecycle	bounded graph admission; guarded arrays/refs/names; native successful order/transform/bounds; exact rollback/retry and reverse cleanup; logical ownership only, prop drawing remains closed;08R0C bounded exact prop/source-frame preparation, consumed-node checkpoint, rollback and once-only commit	zh_original_w3d_draw_full	Linux-only owner-local strong construction; native layout/vtables/serialization and Windows success behavior unchanged	WW3DAssetManager;BaseHeightMap;HTree;RenderObj;OriginalGpuEdge	owned generated Mesh/HLOD/HModel/Collection/DistLOD/Null models and map	no retail/factory/prop draw admission	M22	runtime	original_w3d_prop_owner;original_w3d_prop_owner_identity;original_w3d_prop_owner_provider_removal;original_w3d_terrain_visual_map;original_w3d_prop_frame
GeneralsMD/Code/Libraries/Source/WWVegas/WW3D2/animobj.cpp	49a3910270b90a50f999d5a55348a549b513c0203c449049433e76e77f6ca202	Animatable3DObjClass hierarchy construction/copy	M22 R0A strong terrain-prop composite/type/instance lifecycle	bounded graph admission; guarded arrays/refs/names; native successful order/transform/bounds; exact rollback/retry and reverse cleanup; logical ownership only, prop drawing remains closed	zh_w3d	Linux-only owner-local strong construction; native layout/vtables/serialization and Windows success behavior unchanged	WW3DAssetManager;BaseHeightMap;HTree;RenderObj;OriginalGpuEdge	owned generated Mesh/HLOD/HModel/Collection/DistLOD/Null models and map	no retail/factory/prop draw admission	M22	runtime	original_w3d_prop_owner;original_w3d_prop_owner_identity;original_w3d_prop_owner_provider_removal;original_w3d_terrain_visual_map
GeneralsMD/Code/Libraries/Source/WWVegas/WW3D2/collect.cpp	7b28dc6906f6e79e8e03dd7dadd202d083a4a41fd410941f8bb254c6a980ce6f	CollectionClass construction/copy/Free;CollectionDefClass::Free	M22 R0A strong terrain-prop composite/type/instance lifecycle	bounded graph admission; guarded arrays/refs/names; native successful order/transform/bounds; exact rollback/retry and reverse cleanup; logical ownership only, prop drawing remains closed	zh_w3d	Linux-only owner-local strong construction; native layout/vtables/serialization and Windows success behavior unchanged	WW3DAssetManager;BaseHeightMap;HTree;RenderObj;OriginalGpuEdge	owned generated Mesh/HLOD/HModel/Collection/DistLOD/Null models and map	no retail/factory/prop draw admission	M22	runtime	original_w3d_prop_owner;original_w3d_prop_owner_identity;original_w3d_prop_owner_provider_removal;original_w3d_terrain_visual_map
GeneralsMD/Code/Libraries/Source/WWVegas/WW3D2/distlod.cpp	e3902c2df44f9d3b2aac5d82358252a09e56f9cb819178e38a4f5a59ccc22662	DistLODClass construction/copy;DistLODPrototypeClass::Create	M22 R0A strong terrain-prop composite/type/instance lifecycle	bounded graph admission; guarded arrays/refs/names; native successful order/transform/bounds; exact rollback/retry and reverse cleanup; logical ownership only, prop drawing remains closed	zh_w3d	Linux-only owner-local strong construction; native layout/vtables/serialization and Windows success behavior unchanged	WW3DAssetManager;BaseHeightMap;HTree;RenderObj;OriginalGpuEdge	owned generated Mesh/HLOD/HModel/Collection/DistLOD/Null models and map	no retail/factory/prop draw admission	M22	runtime	original_w3d_prop_owner;original_w3d_prop_owner_identity;original_w3d_prop_owner_provider_removal;original_w3d_terrain_visual_map
GeneralsMD/Code/Libraries/Source/WWVegas/WW3D2/htree.cpp	17ad4c2161252fa4b318c043c606631029514eb4ab5636b8e2e1cb597f914c16	HTreeClass::Init_Default/copy	M22 R0A strong terrain-prop composite/type/instance lifecycle	bounded graph admission; guarded arrays/refs/names; native successful order/transform/bounds; exact rollback/retry and reverse cleanup; logical ownership only, prop drawing remains closed	zh_w3d	Linux-only owner-local strong construction; native layout/vtables/serialization and Windows success behavior unchanged	WW3DAssetManager;BaseHeightMap;HTree;RenderObj;OriginalGpuEdge	owned generated Mesh/HLOD/HModel/Collection/DistLOD/Null models and map	no retail/factory/prop draw admission	M22	runtime	original_w3d_prop_owner;original_w3d_prop_owner_identity;original_w3d_prop_owner_provider_removal;original_w3d_terrain_visual_map
GeneralsMD/Code/Libraries/Source/WWVegas/WW3D2/proto.cpp	0deb6049af999b4bc26000bd08e7006d3281e5394b503ad0512c32fb3ea2c824	HModelPrototypeClass::Create;ww3d_prop::inspect_hmodel	M22 R0A strong terrain-prop composite/type/instance lifecycle	bounded graph admission; guarded arrays/refs/names; native successful order/transform/bounds; exact rollback/retry and reverse cleanup; logical ownership only, prop drawing remains closed	zh_w3d	Linux-only owner-local strong construction; native layout/vtables/serialization and Windows success behavior unchanged	WW3DAssetManager;BaseHeightMap;HTree;RenderObj;OriginalGpuEdge	owned generated Mesh/HLOD/HModel/Collection/DistLOD/Null models and map	no retail/factory/prop draw admission	M22	runtime	original_w3d_prop_owner;original_w3d_prop_owner_identity;original_w3d_prop_owner_provider_removal;original_w3d_terrain_visual_map
GeneralsMD/Code/Libraries/Source/WWVegas/WW3D2/prop_graph.cpp	a3f44c4ae75240c5e3236f0fdec5190e718b805608c663890b72002df026efcd	ww3d_prop::Audit/Attempt	M22 R0A strong terrain-prop composite/type/instance lifecycle	bounded graph admission; guarded arrays/refs/names; native successful order/transform/bounds; exact rollback/retry and reverse cleanup; logical ownership only, prop drawing remains closed	zh_w3d	Linux-only owner-local strong construction; native layout/vtables/serialization and Windows success behavior unchanged	WW3DAssetManager;BaseHeightMap;HTree;RenderObj;OriginalGpuEdge	owned generated Mesh/HLOD/HModel/Collection/DistLOD/Null models and map	no retail/factory/prop draw admission	M22	runtime	original_w3d_prop_owner;original_w3d_prop_owner_identity;original_w3d_prop_owner_provider_removal;original_w3d_terrain_visual_map
GeneralsMD/Code/Libraries/Source/WWVegas/WW3D2/lightenvironment.h	31ea475c36a1812589da3c3783b8024ee0fbb5a1e3512ad1a436befa57faef64	LightEnvironmentClass::InputLightStruct/OutputLightStruct constructors	native MeshClass lighting environment full-member assignment	explicit portable neutral initialization of every fixed-capacity input/output/fill field; fresh/reset/copy and exact active-light semantics	zh_w3d	no fields/vtables/layout/serialization change	MeshClass;W3DPropBuffer;RenderInfoClass	owned generated lighting and prop-frame inputs	no lighting formula or retail change	M22	runtime	original_w3d_prop_owner;original_w3d_prop_frame
GeneralsMD/Code/Libraries/Source/WWVegas/WW3D2/prop_frame.cpp	0991d1b47e52e101e44873fc27f2791c5e8e8812564c24901c7025c1f131b8cd	PropFrameGraph::capture/restore	Linux source terrain-prop immutable preparation and frame checkpoint	bounded provider/sound-free graph preflight; exact transform/animation/light/material/mapper state and refs; no registry reconstruction on rollback	zh_w3d	Linux internal sidecar/friend methods; no fields/vtables/serialization change	W3DPropBuffer;RenderObjClass;HTreeClass;HAnimClass;MeshClass;OriginalGpuEdge	owned generated Mesh/HLOD/HModel/Collection/DistLOD and shroud map	no factory or retail admission	M22	runtime	original_w3d_prop_frame;original_w3d_prop_owner
GeneralsMD/Code/GameEngineDevice/Source/W3DDevice/GameClient/W3DAssetManager.cpp	4dd052a5bdcf0bf9b727e08ea9bf0d3cff848bf0303fe6fa7bfa7764e15d6dd6	ww3d_import::Attempt native module publication	M22 08S0A explicit bounded native asset-import root/nested transaction	candidate-only strong construction; exact accepted registry/ref/filter identity rollback; bounded capacity and deterministic retry; failed libc cull-helper stream exception only	zh_original_w3d_draw_full	Linux owner-local guard/friend/static scope; no class fields/vtables/layout/serialization or Windows successful-path change	WW3DAssetManager;HTreeManager;HAnimManager;FileFactory;optional idle OriginalGpuEdge	owned generated W3D cold/legacy/prelit/animation/INI/cull and provider fixtures	no display preload/render Create/eager upload/retail admission	M22	runtime	original_w3d_asset_import;original_w3d_asset_import_identity;original_w3d_asset_import_provider_removal
GeneralsMD/Code/GameEngineDevice/Source/W3DDevice/GameClient/W3DFileSystem.cpp	197aa6033096a70effeeccfa96867f927e7360b936a6b693d4fa6e42c1a79182	GameFileClass/W3DFileSystem exact borrowed lookup bounds	M22 08S0A explicit bounded native asset-import root/nested transaction	candidate-only strong construction; exact accepted registry/ref/filter identity rollback; bounded capacity and deterministic retry; failed libc cull-helper stream exception only	zh_original_w3d_draw_full	Linux owner-local guard/friend/static scope; no class fields/vtables/layout/serialization or Windows successful-path change	WW3DAssetManager;HTreeManager;HAnimManager;FileFactory;optional idle OriginalGpuEdge	owned generated W3D cold/legacy/prelit/animation/INI/cull and provider fixtures	no display preload/render Create/eager upload/retail admission	M22	runtime	original_w3d_asset_import;original_w3d_asset_import_identity;original_w3d_asset_import_provider_removal
GeneralsMD/Code/Libraries/Source/WWVegas/WW3D2/aabtree.cpp	3a8a67d01f9e29fe45252c4cd664f1e97441e907b08c57fe43dd7ab5a1e144d6	AABTreeClass(builder)/Load_W3D partial storage	M22 08S0A explicit bounded native asset-import root/nested transaction	candidate-only strong construction; exact accepted registry/ref/filter identity rollback; bounded capacity and deterministic retry; failed libc cull-helper stream exception only	zh_w3d	Linux owner-local guard/friend/static scope; no class fields/vtables/layout/serialization or Windows successful-path change	WW3DAssetManager;HTreeManager;HAnimManager;FileFactory;optional idle OriginalGpuEdge	owned generated W3D cold/legacy/prelit/animation/INI/cull and provider fixtures	no display preload/render Create/eager upload/retail admission	M22	runtime	original_w3d_asset_import;original_w3d_asset_import_identity;original_w3d_asset_import_provider_removal
GeneralsMD/Code/Libraries/Source/WWVegas/WW3D2/aabtreebuilder.cpp	119bf279a9f83303cf9bfdf8c606241eea1f3e58f1bc2583984ccbc691122c59	AABTreeBuilderClass::Build_AABTree/Build_Tree/Split_Polys	M22 08S0A explicit bounded native asset-import root/nested transaction	candidate-only strong construction; exact accepted registry/ref/filter identity rollback; bounded capacity and deterministic retry; failed libc cull-helper stream exception only	zh_w3d	Linux owner-local guard/friend/static scope; no class fields/vtables/layout/serialization or Windows successful-path change	WW3DAssetManager;HTreeManager;HAnimManager;FileFactory;optional idle OriginalGpuEdge	owned generated W3D cold/legacy/prelit/animation/INI/cull and provider fixtures	no display preload/render Create/eager upload/retail admission	M22	runtime	original_w3d_asset_import;original_w3d_asset_import_identity;original_w3d_asset_import_provider_removal
GeneralsMD/Code/Libraries/Source/WWVegas/WW3D2/agg_def.cpp	478d20fdca18053274182aa161cfa4fb6be80dd2da7b5d25184f231ed207e0ab	AggregateDefClass cold child/name storage	M22 08S0A explicit bounded native asset-import root/nested transaction	candidate-only strong construction; exact accepted registry/ref/filter identity rollback; bounded capacity and deterministic retry; failed libc cull-helper stream exception only	zh_w3d	Linux owner-local guard/friend/static scope; no class fields/vtables/layout/serialization or Windows successful-path change	WW3DAssetManager;HTreeManager;HAnimManager;FileFactory;optional idle OriginalGpuEdge	owned generated W3D cold/legacy/prelit/animation/INI/cull and provider fixtures	no display preload/render Create/eager upload/retail admission	M22	runtime	original_w3d_asset_import;original_w3d_asset_import_identity;original_w3d_asset_import_provider_removal
GeneralsMD/Code/Libraries/Source/WWVegas/WW3D2/assetmgr.cpp	4cea3bc6ea7b6e51baed2f7c11ad8e94cc7edf073fb0f7c54942babf26869f5e	WW3DAssetManager::Load_3D_Assets/Load_Prototype/Get_Texture	M22 08S0A explicit bounded native asset-import root/nested transaction	candidate-only strong construction; exact accepted registry/ref/filter identity rollback; bounded capacity and deterministic retry; failed libc cull-helper stream exception only	zh_w3d	Linux owner-local guard/friend/static scope; no class fields/vtables/layout/serialization or Windows successful-path change	WW3DAssetManager;HTreeManager;HAnimManager;FileFactory;optional idle OriginalGpuEdge	owned generated W3D cold/legacy/prelit/animation/INI/cull and provider fixtures	no display preload/render Create/eager upload/retail admission	M22	runtime	original_w3d_asset_import;original_w3d_asset_import_identity;original_w3d_asset_import_provider_removal
GeneralsMD/Code/Libraries/Source/WWVegas/WW3D2/boxrobj.cpp	f5b5c90f41559e084a042c344df489c7d0771b9c68e93b82be7de14979663adb	BoxPrototypeLoaderClass cold definition	M22 08S0A explicit bounded native asset-import root/nested transaction	candidate-only strong construction; exact accepted registry/ref/filter identity rollback; bounded capacity and deterministic retry; failed libc cull-helper stream exception only	zh_w3d	Linux owner-local guard/friend/static scope; no class fields/vtables/layout/serialization or Windows successful-path change	WW3DAssetManager;HTreeManager;HAnimManager;FileFactory;optional idle OriginalGpuEdge	owned generated W3D cold/legacy/prelit/animation/INI/cull and provider fixtures	no display preload/render Create/eager upload/retail admission	M22	runtime	original_w3d_asset_import;original_w3d_asset_import_identity;original_w3d_asset_import_provider_removal
GeneralsMD/Code/Libraries/Source/WWVegas/WW3D2/collect.cpp	7b28dc6906f6e79e8e03dd7dadd202d083a4a41fd410941f8bb254c6a980ce6f	CollectionDefClass::Load_W3D cold names/proxy/snap storage	M22 08S0A explicit bounded native asset-import root/nested transaction	candidate-only strong construction; exact accepted registry/ref/filter identity rollback; bounded capacity and deterministic retry; failed libc cull-helper stream exception only	zh_w3d	Linux owner-local guard/friend/static scope; no class fields/vtables/layout/serialization or Windows successful-path change	WW3DAssetManager;HTreeManager;HAnimManager;FileFactory;optional idle OriginalGpuEdge	owned generated W3D cold/legacy/prelit/animation/INI/cull and provider fixtures	no display preload/render Create/eager upload/retail admission	M22	runtime	original_w3d_asset_import;original_w3d_asset_import_identity;original_w3d_asset_import_provider_removal
GeneralsMD/Code/Libraries/Source/WWVegas/WW3D2/dazzle.cpp	9b9dd6f7e337dae679cc0d137204258e4c631321b137051a5b499d30e76e2210	DazzlePrototypeLoaderClass read-only type/name storage	M22 08S0A explicit bounded native asset-import root/nested transaction	candidate-only strong construction; exact accepted registry/ref/filter identity rollback; bounded capacity and deterministic retry; failed libc cull-helper stream exception only	zh_w3d	Linux owner-local guard/friend/static scope; no class fields/vtables/layout/serialization or Windows successful-path change	WW3DAssetManager;HTreeManager;HAnimManager;FileFactory;optional idle OriginalGpuEdge	owned generated W3D cold/legacy/prelit/animation/INI/cull and provider fixtures	no display preload/render Create/eager upload/retail admission	M22	runtime	original_w3d_asset_import;original_w3d_asset_import_identity;original_w3d_asset_import_provider_removal
GeneralsMD/Code/Libraries/Source/WWVegas/WW3D2/distlod.cpp	e3902c2df44f9d3b2aac5d82358252a09e56f9cb819178e38a4f5a59ccc22662	DistLODPrototypeLoaderClass cold definition	M22 08S0A explicit bounded native asset-import root/nested transaction	candidate-only strong construction; exact accepted registry/ref/filter identity rollback; bounded capacity and deterministic retry; failed libc cull-helper stream exception only	zh_w3d	Linux owner-local guard/friend/static scope; no class fields/vtables/layout/serialization or Windows successful-path change	WW3DAssetManager;HTreeManager;HAnimManager;FileFactory;optional idle OriginalGpuEdge	owned generated W3D cold/legacy/prelit/animation/INI/cull and provider fixtures	no display preload/render Create/eager upload/retail admission	M22	runtime	original_w3d_asset_import;original_w3d_asset_import_identity;original_w3d_asset_import_provider_removal
GeneralsMD/Code/Libraries/Source/WWVegas/WW3D2/hanimmgr.cpp	ddeb909696ff979a3e080775d69efa79d4662dbcaaaa50854536bf89ab5de75c	HAnimManagerClass::Load_Anim/Add_Anim/missing scoped registry	M22 08S0A explicit bounded native asset-import root/nested transaction	candidate-only strong construction; exact accepted registry/ref/filter identity rollback; bounded capacity and deterministic retry; failed libc cull-helper stream exception only	zh_w3d	Linux owner-local guard/friend/static scope; no class fields/vtables/layout/serialization or Windows successful-path change	WW3DAssetManager;HTreeManager;HAnimManager;FileFactory;optional idle OriginalGpuEdge	owned generated W3D cold/legacy/prelit/animation/INI/cull and provider fixtures	no display preload/render Create/eager upload/retail admission	M22	runtime	original_w3d_asset_import;original_w3d_asset_import_identity;original_w3d_asset_import_provider_removal
GeneralsMD/Code/Libraries/Source/WWVegas/WW3D2/hcanim.cpp	924975b11f4ae8edaf82b34300d0a4c1d2bb5620dec145db363d80e4aa176998	HCompressedAnimClass::Load_W3D/Free cold graph	M22 08S0A explicit bounded native asset-import root/nested transaction	candidate-only strong construction; exact accepted registry/ref/filter identity rollback; bounded capacity and deterministic retry; failed libc cull-helper stream exception only	zh_w3d	Linux owner-local guard/friend/static scope; no class fields/vtables/layout/serialization or Windows successful-path change	WW3DAssetManager;HTreeManager;HAnimManager;FileFactory;optional idle OriginalGpuEdge	owned generated W3D cold/legacy/prelit/animation/INI/cull and provider fixtures	no display preload/render Create/eager upload/retail admission	M22	runtime	original_w3d_asset_import;original_w3d_asset_import_identity;original_w3d_asset_import_provider_removal
GeneralsMD/Code/Libraries/Source/WWVegas/WW3D2/hlod.cpp	5e1a55911ae1911cde02cc9d0e06ee3b30da03a77cb2e397373100a0dc754abd	HLodDefClass::Load_W3D cold node graph	M22 08S0A explicit bounded native asset-import root/nested transaction	candidate-only strong construction; exact accepted registry/ref/filter identity rollback; bounded capacity and deterministic retry; failed libc cull-helper stream exception only	zh_w3d	Linux owner-local guard/friend/static scope; no class fields/vtables/layout/serialization or Windows successful-path change	WW3DAssetManager;HTreeManager;HAnimManager;FileFactory;optional idle OriginalGpuEdge	owned generated W3D cold/legacy/prelit/animation/INI/cull and provider fixtures	no display preload/render Create/eager upload/retail admission	M22	runtime	original_w3d_asset_import;original_w3d_asset_import_identity;original_w3d_asset_import_provider_removal
GeneralsMD/Code/Libraries/Source/WWVegas/WW3D2/hmdldef.cpp	59746f20f0b55a9aed187149b1ed699c3750ffbd72dd2c2d90c1f9b661635639	HModelDefClass cold connection/storage	M22 08S0A explicit bounded native asset-import root/nested transaction	candidate-only strong construction; exact accepted registry/ref/filter identity rollback; bounded capacity and deterministic retry; failed libc cull-helper stream exception only	zh_w3d	Linux owner-local guard/friend/static scope; no class fields/vtables/layout/serialization or Windows successful-path change	WW3DAssetManager;HTreeManager;HAnimManager;FileFactory;optional idle OriginalGpuEdge	owned generated W3D cold/legacy/prelit/animation/INI/cull and provider fixtures	no display preload/render Create/eager upload/retail admission	M22	runtime	original_w3d_asset_import;original_w3d_asset_import_identity;original_w3d_asset_import_provider_removal
GeneralsMD/Code/Libraries/Source/WWVegas/WW3D2/hmorphanim.cpp	f5e69d6832587724d78763c6513ec465803bd802ed7d61cf4c9525635353b371	HMorphAnimClass::Load_W3D pose/key/pivot graph	M22 08S0A explicit bounded native asset-import root/nested transaction	candidate-only strong construction; exact accepted registry/ref/filter identity rollback; bounded capacity and deterministic retry; failed libc cull-helper stream exception only	zh_w3d	Linux owner-local guard/friend/static scope; no class fields/vtables/layout/serialization or Windows successful-path change	WW3DAssetManager;HTreeManager;HAnimManager;FileFactory;optional idle OriginalGpuEdge	owned generated W3D cold/legacy/prelit/animation/INI/cull and provider fixtures	no display preload/render Create/eager upload/retail admission	M22	runtime	original_w3d_asset_import;original_w3d_asset_import_identity;original_w3d_asset_import_provider_removal
GeneralsMD/Code/Libraries/Source/WWVegas/WW3D2/hrawanim.cpp	c5a6b623e5d6ca8b540a5e0978ccac021ed3d3e87371e76d5592f83b0dcc61b2	HRawAnimClass::Load_W3D/channel ownership	M22 08S0A explicit bounded native asset-import root/nested transaction	candidate-only strong construction; exact accepted registry/ref/filter identity rollback; bounded capacity and deterministic retry; failed libc cull-helper stream exception only	zh_w3d	Linux owner-local guard/friend/static scope; no class fields/vtables/layout/serialization or Windows successful-path change	WW3DAssetManager;HTreeManager;HAnimManager;FileFactory;optional idle OriginalGpuEdge	owned generated W3D cold/legacy/prelit/animation/INI/cull and provider fixtures	no display preload/render Create/eager upload/retail admission	M22	runtime	original_w3d_asset_import;original_w3d_asset_import_identity;original_w3d_asset_import_provider_removal
GeneralsMD/Code/Libraries/Source/WWVegas/WW3D2/htree.cpp	17ad4c2161252fa4b318c043c606631029514eb4ab5636b8e2e1cb597f914c16	HTreeClass::Load_W3D/Read_Pivots cold graph	M22 08S0A explicit bounded native asset-import root/nested transaction	candidate-only strong construction; exact accepted registry/ref/filter identity rollback; bounded capacity and deterministic retry; failed libc cull-helper stream exception only	zh_w3d	Linux owner-local guard/friend/static scope; no class fields/vtables/layout/serialization or Windows successful-path change	WW3DAssetManager;HTreeManager;HAnimManager;FileFactory;optional idle OriginalGpuEdge	owned generated W3D cold/legacy/prelit/animation/INI/cull and provider fixtures	no display preload/render Create/eager upload/retail admission	M22	runtime	original_w3d_asset_import;original_w3d_asset_import_identity;original_w3d_asset_import_provider_removal
GeneralsMD/Code/Libraries/Source/WWVegas/WW3D2/htreemgr.cpp	a9c2933e1c9db67a73c623c104b764825494467233d30a85a069e20cdbb70267	HTreeManagerClass::Load_Tree/Add_Tree scoped registry	M22 08S0A explicit bounded native asset-import root/nested transaction	candidate-only strong construction; exact accepted registry/ref/filter identity rollback; bounded capacity and deterministic retry; failed libc cull-helper stream exception only	zh_w3d	Linux owner-local guard/friend/static scope; no class fields/vtables/layout/serialization or Windows successful-path change	WW3DAssetManager;HTreeManager;HAnimManager;FileFactory;optional idle OriginalGpuEdge	owned generated W3D cold/legacy/prelit/animation/INI/cull and provider fixtures	no display preload/render Create/eager upload/retail admission	M22	runtime	original_w3d_asset_import;original_w3d_asset_import_identity;original_w3d_asset_import_provider_removal
GeneralsMD/Code/Libraries/Source/WWVegas/WW3D2/matinfo.cpp	eec2e1fcbac22c0788bc9e301b49baf81b64d98960014275ed3807529f17f229	MaterialInfoClass scoped descriptor node publication	M22 08S0A explicit bounded native asset-import root/nested transaction	candidate-only strong construction; exact accepted registry/ref/filter identity rollback; bounded capacity and deterministic retry; failed libc cull-helper stream exception only	zh_w3d	Linux owner-local guard/friend/static scope; no class fields/vtables/layout/serialization or Windows successful-path change	WW3DAssetManager;HTreeManager;HAnimManager;FileFactory;optional idle OriginalGpuEdge	owned generated W3D cold/legacy/prelit/animation/INI/cull and provider fixtures	no display preload/render Create/eager upload/retail admission	M22	runtime	original_w3d_asset_import;original_w3d_asset_import_identity;original_w3d_asset_import_provider_removal
GeneralsMD/Code/Libraries/Source/WWVegas/WW3D2/meshgeometry.cpp	5d2e0e219c8212c3861550f82f72d774c821976b4c2268ded6bf42b274cfff24	MeshGeometryClass cold vertex/index/normal/AAB admission	M22 08S0A explicit bounded native asset-import root/nested transaction	candidate-only strong construction; exact accepted registry/ref/filter identity rollback; bounded capacity and deterministic retry; failed libc cull-helper stream exception only	zh_w3d	Linux owner-local guard/friend/static scope; no class fields/vtables/layout/serialization or Windows successful-path change	WW3DAssetManager;HTreeManager;HAnimManager;FileFactory;optional idle OriginalGpuEdge	owned generated W3D cold/legacy/prelit/animation/INI/cull and provider fixtures	no display preload/render Create/eager upload/retail admission	M22	runtime	original_w3d_asset_import;original_w3d_asset_import_identity;original_w3d_asset_import_provider_removal
GeneralsMD/Code/Libraries/Source/WWVegas/WW3D2/meshmatdesc.cpp	37ddb48dbfa5cb6aa819ad6c705f5ef06737bbf1116f739fc84c061dab80fdad	MeshMatDescClass::Install_UV_Array bounded publication	M22 08S0A explicit bounded native asset-import root/nested transaction	candidate-only strong construction; exact accepted registry/ref/filter identity rollback; bounded capacity and deterministic retry; failed libc cull-helper stream exception only	zh_w3d	Linux owner-local guard/friend/static scope; no class fields/vtables/layout/serialization or Windows successful-path change	WW3DAssetManager;HTreeManager;HAnimManager;FileFactory;optional idle OriginalGpuEdge	owned generated W3D cold/legacy/prelit/animation/INI/cull and provider fixtures	no display preload/render Create/eager upload/retail admission	M22	runtime	original_w3d_asset_import;original_w3d_asset_import_identity;original_w3d_asset_import_provider_removal
GeneralsMD/Code/Libraries/Source/WWVegas/WW3D2/meshmdl.cpp	f2bd44aedb5e1a404c8b140bafa45fbda15d5174596d4d21998e6fb6c8baa275	MeshModelClass scoped cold storage	M22 08S0A explicit bounded native asset-import root/nested transaction	candidate-only strong construction; exact accepted registry/ref/filter identity rollback; bounded capacity and deterministic retry; failed libc cull-helper stream exception only	zh_w3d	Linux owner-local guard/friend/static scope; no class fields/vtables/layout/serialization or Windows successful-path change	WW3DAssetManager;HTreeManager;HAnimManager;FileFactory;optional idle OriginalGpuEdge	owned generated W3D cold/legacy/prelit/animation/INI/cull and provider fixtures	no display preload/render Create/eager upload/retail admission	M22	runtime	original_w3d_asset_import;original_w3d_asset_import_identity;original_w3d_asset_import_provider_removal
GeneralsMD/Code/Libraries/Source/WWVegas/WW3D2/meshmdlio.cpp	3cb31164837166be2c4f1839a79fc0bfdb099b1be08ca05c3405f52e094c30c2	MeshModelClass::Load_W3D/MeshLoadContextClass strong cold material graph	M22 08S0A explicit bounded native asset-import root/nested transaction	candidate-only strong construction; exact accepted registry/ref/filter identity rollback; bounded capacity and deterministic retry; failed libc cull-helper stream exception only	zh_w3d	Linux owner-local guard/friend/static scope; no class fields/vtables/layout/serialization or Windows successful-path change	WW3DAssetManager;HTreeManager;HAnimManager;FileFactory;optional idle OriginalGpuEdge	owned generated W3D cold/legacy/prelit/animation/INI/cull and provider fixtures	no display preload/render Create/eager upload/retail admission	M22	runtime	original_w3d_asset_import;original_w3d_asset_import_identity;original_w3d_asset_import_provider_removal
GeneralsMD/Code/Libraries/Source/WWVegas/WW3D2/motchan.cpp	3da0483961276f3dddd3098d75ee883927ed3d0d2cd283c2cd2fbd720724b1fb	motion/bit channel Load_W3D guarded storage and adaptive finite scale	M22 08S0A explicit bounded native asset-import root/nested transaction	candidate-only strong construction; exact accepted registry/ref/filter identity rollback; bounded capacity and deterministic retry; failed libc cull-helper stream exception only	zh_w3d	Linux owner-local guard/friend/static scope; no class fields/vtables/layout/serialization or Windows successful-path change	WW3DAssetManager;HTreeManager;HAnimManager;FileFactory;optional idle OriginalGpuEdge	owned generated W3D cold/legacy/prelit/animation/INI/cull and provider fixtures	no display preload/render Create/eager upload/retail admission	M22	runtime	original_w3d_asset_import;original_w3d_asset_import_identity;original_w3d_asset_import_provider_removal
GeneralsMD/Code/Libraries/Source/WWVegas/WW3D2/nullrobj.cpp	026f8e5080f1c78bb502d486ab19f57708d0de4a104410b1a86b1738f318694b	NullPrototypeLoaderClass cold definition	M22 08S0A explicit bounded native asset-import root/nested transaction	candidate-only strong construction; exact accepted registry/ref/filter identity rollback; bounded capacity and deterministic retry; failed libc cull-helper stream exception only	zh_w3d	Linux owner-local guard/friend/static scope; no class fields/vtables/layout/serialization or Windows successful-path change	WW3DAssetManager;HTreeManager;HAnimManager;FileFactory;optional idle OriginalGpuEdge	owned generated W3D cold/legacy/prelit/animation/INI/cull and provider fixtures	no display preload/render Create/eager upload/retail admission	M22	runtime	original_w3d_asset_import;original_w3d_asset_import_identity;original_w3d_asset_import_provider_removal
GeneralsMD/Code/Libraries/Source/WWVegas/WW3D2/proto.cpp	0deb6049af999b4bc26000bd08e7006d3281e5394b503ad0512c32fb3ea2c824	HModelDef/prototype cold construction	M22 08S0A explicit bounded native asset-import root/nested transaction	candidate-only strong construction; exact accepted registry/ref/filter identity rollback; bounded capacity and deterministic retry; failed libc cull-helper stream exception only	zh_w3d	Linux owner-local guard/friend/static scope; no class fields/vtables/layout/serialization or Windows successful-path change	WW3DAssetManager;HTreeManager;HAnimManager;FileFactory;optional idle OriginalGpuEdge	owned generated W3D cold/legacy/prelit/animation/INI/cull and provider fixtures	no display preload/render Create/eager upload/retail admission	M22	runtime	original_w3d_asset_import;original_w3d_asset_import_identity;original_w3d_asset_import_provider_removal
GeneralsMD/Code/Libraries/Source/WWVegas/WW3D2/ringobj.cpp	4dfb0991e37357742a0b003227f766992ea31ecc7db51edbe595a9c44e3a460a	RingPrototypeLoaderClass/primitive key storage	M22 08S0A explicit bounded native asset-import root/nested transaction	candidate-only strong construction; exact accepted registry/ref/filter identity rollback; bounded capacity and deterministic retry; failed libc cull-helper stream exception only	zh_w3d	Linux owner-local guard/friend/static scope; no class fields/vtables/layout/serialization or Windows successful-path change	WW3DAssetManager;HTreeManager;HAnimManager;FileFactory;optional idle OriginalGpuEdge	owned generated W3D cold/legacy/prelit/animation/INI/cull and provider fixtures	no display preload/render Create/eager upload/retail admission	M22	runtime	original_w3d_asset_import;original_w3d_asset_import_identity;original_w3d_asset_import_provider_removal
GeneralsMD/Code/Libraries/Source/WWVegas/WW3D2/snappts.cpp	2bed2eaa7630fee6dd28053bd9d69fdfb8ec19c0fd09af3c57a04d31c195a2bc	SnapPointsClass cold bounded storage	M22 08S0A explicit bounded native asset-import root/nested transaction	candidate-only strong construction; exact accepted registry/ref/filter identity rollback; bounded capacity and deterministic retry; failed libc cull-helper stream exception only	zh_w3d	Linux owner-local guard/friend/static scope; no class fields/vtables/layout/serialization or Windows successful-path change	WW3DAssetManager;HTreeManager;HAnimManager;FileFactory;optional idle OriginalGpuEdge	owned generated W3D cold/legacy/prelit/animation/INI/cull and provider fixtures	no display preload/render Create/eager upload/retail admission	M22	runtime	original_w3d_asset_import;original_w3d_asset_import_identity;original_w3d_asset_import_provider_removal
GeneralsMD/Code/Libraries/Source/WWVegas/WW3D2/sphereobj.cpp	e814d8656a254934cba6af6502f69f73a5827aff42ff55a4ec9c869a55be049f	SpherePrototypeLoaderClass/primitive key storage	M22 08S0A explicit bounded native asset-import root/nested transaction	candidate-only strong construction; exact accepted registry/ref/filter identity rollback; bounded capacity and deterministic retry; failed libc cull-helper stream exception only	zh_w3d	Linux owner-local guard/friend/static scope; no class fields/vtables/layout/serialization or Windows successful-path change	WW3DAssetManager;HTreeManager;HAnimManager;FileFactory;optional idle OriginalGpuEdge	owned generated W3D cold/legacy/prelit/animation/INI/cull and provider fixtures	no display preload/render Create/eager upload/retail admission	M22	runtime	original_w3d_asset_import;original_w3d_asset_import_identity;original_w3d_asset_import_provider_removal
GeneralsMD/Code/Libraries/Source/WWVegas/WW3D2/texture.cpp	be15d72229661fc1dd7b1d58e3d403b3ea0dd84531f560bbe27538ab29fe09ca	Load_Texture/TextureClass scoped normal descriptor/filter ownership	M22 08S0A explicit bounded native asset-import root/nested transaction	candidate-only strong construction; exact accepted registry/ref/filter identity rollback; bounded capacity and deterministic retry; failed libc cull-helper stream exception only	zh_w3d	Linux owner-local guard/friend/static scope; no class fields/vtables/layout/serialization or Windows successful-path change	WW3DAssetManager;HTreeManager;HAnimManager;FileFactory;optional idle OriginalGpuEdge	owned generated W3D cold/legacy/prelit/animation/INI/cull and provider fixtures	no display preload/render Create/eager upload/retail admission	M22	runtime	original_w3d_asset_import;original_w3d_asset_import_identity;original_w3d_asset_import_provider_removal
GeneralsMD/Code/Libraries/Source/WWVegas/WW3D2/vertmaterial.cpp	4d279c6fd53fe3d14461662a9711ea915c26f6658b9db6b0944805317b8e7d90	VertexMaterialClass::Load_W3D/Parse_Mapping_Args cold mapper graph	M22 08S0A explicit bounded native asset-import root/nested transaction	candidate-only strong construction; exact accepted registry/ref/filter identity rollback; bounded capacity and deterministic retry; failed libc cull-helper stream exception only	zh_w3d	Linux owner-local guard/friend/static scope; no class fields/vtables/layout/serialization or Windows successful-path change	WW3DAssetManager;HTreeManager;HAnimManager;FileFactory;optional idle OriginalGpuEdge	owned generated W3D cold/legacy/prelit/animation/INI/cull and provider fixtures	no display preload/render Create/eager upload/retail admission	M22	runtime	original_w3d_asset_import;original_w3d_asset_import_identity;original_w3d_asset_import_provider_removal
GeneralsMD/Code/Libraries/Source/WWVegas/WWLib/ini.cpp	7c16f74488442a88503572fcec0aa33e5be7eab6daa3779aa241722241550afb	INIClass::Initialize/Load(Straw)/destructor private null-noop guard	M22 08S0A explicit bounded native asset-import root/nested transaction	candidate-only strong construction; exact accepted registry/ref/filter identity rollback; bounded capacity and deterministic retry; failed libc cull-helper stream exception only	zh_wwsupport	Linux owner-local guard/friend/static scope; no class fields/vtables/layout/serialization or Windows successful-path change	WW3DAssetManager;HTreeManager;HAnimManager;FileFactory;optional idle OriginalGpuEdge	owned generated W3D cold/legacy/prelit/animation/INI/cull and provider fixtures	no display preload/render Create/eager upload/retail admission	M22	runtime	original_w3d_asset_import;original_w3d_asset_import_identity;original_w3d_asset_import_provider_removal
GeneralsMD/Code/Libraries/Source/WWVegas/WW3D2/asset_import.h	4c3f6eded6d601052dfb5b4b1255d89ab1385efed5141ed4af4977a32eda1064	ww3d_import::Attempt/FileScope/candidate registry publication	M22 08S0A explicit root import owner	64-depth/65536-node/64MiB candidate-work admission; no-throw final publication and reverse candidate cleanup; exact provider/generation and accepted-state retry;08S0R1 callback-free bounded native accepted preload cache-hit peeks before candidate snapshots; exact provider/frame admission, native normalization/hash/equality and ref pairing; cold/nested import unchanged	zh_original_w3d_draw_full	Linux internal noncopyable sidecar, thread-local scope and generated-friend fault seam only; no engine layout or retail selector	WW3DAssetManager;FileFactory;FileSystem;HTree/HAnim/Texture caches;OriginalGpuEdge;INI private hook;Q0R1 mapper RNG	owned generated root/nested/cache-hit/invalid/capacity/fault/retry graph fixtures	source registry/cache state only; no retail/display/frame admission	M22	runtime	original_w3d_asset_import;original_w3d_asset_import_identity;original_w3d_asset_import_provider_removal;original_w3d_asset_preload
src/original_runtime/asset_import_cpu.inc	a6a8218c7e97ae8c0feb2361927b1fcd1b84e22bc8640a74909f3d3cd01c9659	ww3d_import::Attempt/FileScope/candidate registry publication	M22 08S0A explicit root import owner	64-depth/65536-node/64MiB candidate-work admission; no-throw final publication and reverse candidate cleanup; exact provider/generation and accepted-state retry;08S0R1 callback-free bounded native accepted preload cache-hit peeks before candidate snapshots; exact provider/frame admission, native normalization/hash/equality and ref pairing; cold/nested import unchanged	zh_original_w3d_draw_full	Linux internal noncopyable sidecar, thread-local scope and generated-friend fault seam only; no engine layout or retail selector	WW3DAssetManager;FileFactory;FileSystem;HTree/HAnim/Texture caches;OriginalGpuEdge;INI private hook;Q0R1 mapper RNG	owned generated root/nested/cache-hit/invalid/capacity/fault/retry graph fixtures	source registry/cache state only; no retail/display/frame admission	M22	runtime	original_w3d_asset_import;original_w3d_asset_import_identity;original_w3d_asset_import_provider_removal;original_w3d_asset_preload
